country,year,inflation_rate,gdp_per_capita,gov_health_exp,oop_spending,pop_65_plus,log_gdp_per_capita
ABW,2000,4.04402131190512,20681.0230269625,,,6.77827661767771,9.937020149126106
ABW,2001,2.88360430316263,20740.1325828172,,,7.01622280050938,9.939874088914374
ABW,2002,3.31524678585423,21307.2482505267,,,7.28289477284044,9.966849518547523
ABW,2003,3.65636507938418,21949.4859960868,,,7.55172787346983,9.99654455931
ABW,2004,2.52912946932762,23700.6319899197,,,7.84229582942202,10.073299185086624
ABW,2005,3.39778677828805,24171.8371325422,,,8.13116841770137,10.092984849206031
ABW,2006,3.60802438784541,24845.65848362,,,8.39636239746311,10.120478555023256
ABW,2007,5.39256784475516,26736.3089444046,,,8.64298508080798,10.193815207760816
ABW,2008,8.95598705177784,28171.9094008501,,,8.90347581144017,10.24611613565277
ABW,2009,-2.13542872046937,25134.7712303589,,,9.18298822020591,10.132047259179275
ABW,2010,2.07814071860786,24093.1401510626,,,9.48922972426296,10.089723942654846
ABW,2011,4.31629742195203,25712.3843015186,,,9.85086303363999,10.154766925261653
ABW,2012,0.627471992893372,25119.6655449838,,,10.2595724400202,10.13144611485631
ABW,2013,-2.37206524252261,25813.5714408438,,,10.6935133949248,10.158694396007784
ABW,2014,0.421440918881214,26129.8390617693,,,11.1519021016228,10.170871469050365
ABW,2015,0.474763597342641,27458.2201537506,,,11.6404071622938,10.220457279565109
ABW,2016,-0.93119598707956,27441.5502144601,,,12.1631984301248,10.219850015366124
ABW,2017,-1.02828178762012,28440.0416881491,,,12.7167657393089,10.255588510818454
ABW,2018,3.6260414135296,30082.1584226798,,,13.3108463619964,10.311720773305565
ABW,2019,4.25746204335427,30645.8906024548,,,13.9419664537338,10.330286487684821
ABW,2020,,22759.8071750722,,,14.5767477805038,10.032795352245516
ABW,2021,,26749.3296093118,,,15.1295115193663,10.194302074091672
ABW,2022,,30975.9989121779,,,15.7002096825073,10.341000237495978
ABW,2023,,35718.7531191634,,,16.3690434830945,10.483459123408975
ABW,2024,,39498.5941293797,,,17.0563223230356,10.584045675630845
AFE,2000,8.6014851485149,706.727260967009,2.07480836325694,22.5280931737043,2.97583878737758,6.562058794852785
AFE,2001,5.84035398311557,625.82781544115,2.03201637394063,23.084527314217,2.97782184613408,6.440671886397607
AFE,2002,8.76375520313543,630.512327648462,1.9127310898034,23.6182959846802,2.9783312444956,6.448117462816893
AFE,2003,7.44970014007366,815.432296267735,2.32584071234405,20.859525102871,2.97732171964396,6.704943989520871
AFE,2004,5.02342068616285,989.015463629244,2.32944021182086,19.8662906814743,2.9752629861389,6.8977205628341665
AFE,2005,8.55803802239778,1126.2973233912,2.27476310472412,19.7507596268667,2.97281751088741,7.027578297694078
AFE,2006,8.89816380214033,1235.26660811771,2.47211994090449,20.1177963356829,2.96926625916167,7.119851317117833
AFE,2007,8.45077480634999,1381.5525968929,2.52499109661674,20.7392542416695,2.96461884883083,7.231686777441631
AFE,2008,12.5666446595156,1447.54575437552,2.45238983549063,20.890523152964,2.95779274525472,7.278315404128911
AFE,2009,8.95421802392949,1408.75346659428,2.74734867247968,18.1385243301363,2.95065063238339,7.251170121697767
AFE,2010,5.53753791645676,1628.90524793139,2.80083539720603,17.4589991794968,2.94824190761886,7.396277162007746
AFE,2011,8.97120640995788,1761.98926096159,2.79462329401432,17.0003192995585,2.95166366434947,7.47476609103592
AFE,2012,9.15870843167905,1732.03802145335,2.73582989870811,16.7880608812188,2.96217852568916,7.4576312291479585
AFE,2013,5.74883133553454,1706.02274412621,2.62592123235301,18.926038561047,2.97806604990712,7.442506046739777
AFE,2014,5.52581923392517,1690.16679245944,2.62505263151567,18.072682957507,2.99814399760311,7.4331739794332705
AFE,2015,5.09856164363687,1498.8752400759,2.67971494433485,19.6008767100439,3.0209800627081,7.313137210348478
AFE,2016,6.44687722255584,1334.47050032928,2.74208699626195,19.3609538334728,3.04497679911034,7.197038943447408
AFE,2017,6.22137528933118,1528.10422421284,2.73600482718679,17.0836177225454,3.07482831431294,7.332437368558743
AFE,2018,4.6898064677633,1552.07372194919,2.72570294751678,15.1552139416278,3.11392234821198,7.34799129269114
AFE,2019,4.10285075461156,1507.08559963484,2.73567553327344,15.3988094246281,3.15714194166587,7.318596310640485
AFE,2020,5.19162942092851,1351.59166910879,3.1387376262421,15.4093905810149,3.19216910200426,7.209777785953448
AFE,2021,6.82472709282067,1562.41617477738,3.08059075645484,14.5502080853872,3.21657276924908,7.354628561630998
AFE,2022,10.8834775726018,1679.32762166466,2.74728133485323,15.9709593294462,3.24611138116328,7.426744066280393
AFE,2023,7.39918558080627,1571.44918918981,2.69883179761905,16.8899627524771,3.28630347344117,7.3603896759316
AFE,2024,4.77085731915833,1615.39635562849,,,3.33096021429811,7.387954478579462
AFG,2000,,174.930991430166,,,2.26197021041933,5.170091824002358
AFG,2001,,138.706821676113,,,2.26194811585133,4.9395460959663104
AFG,2002,,178.954088379235,0.08418062,85.37560272,2.26397395055888,5.192701753795908
AFG,2003,,198.871115728727,0.65096337,86.06919098,2.26675269120301,5.297672737462982
AFG,2004,,221.763653873013,0.54292566,84.52758789,2.2686467503968,5.406111361320887
AFG,2005,12.6862687216715,254.184249149336,0.5291841,78.97008514,2.26974934650551,5.541985829931637
AFG,2006,6.78459655001655,274.218553561575,0.49784002,76.82497406,2.2717800234734,5.617565522251692
AFG,2007,8.68057078513405,376.223152003876,0.55994755,78.16998291,2.27621524044213,5.932836927464993
AFG,2008,26.4186641547443,381.73323802844,0.62779975,75.40338898,2.28356920247549,5.9473382400541785
AFG,2009,-6.81116108898995,452.053705477043,0.53190351,72.77924347,2.29354363572652,6.116010673592889
AFG,2010,2.17853752389418,560.621505463146,0.46915731,78.9966507,2.30661490116607,6.330828145182043
AFG,2011,11.8041858089129,606.694676337726,0.47999981,73.25517273,2.32214045471626,6.409672578756921
AFG,2012,6.44121280934117,651.417134470046,0.34288675,74.48620605,2.33791133871121,6.480684134151277
AFG,2013,7.38577178397855,637.087099117099,0.44335932,72.04785919,2.34976901406028,6.4584747930192385
AFG,2014,4.67399603536344,625.054941813938,0.47265697,73.05592346,2.35653566515757,6.439438133724786
AFG,2015,-0.661709164713741,565.569730408751,0.52267277,78.3822937,2.35669506261475,6.339600162758528
AFG,2016,4.38389195513914,522.082215583898,0.60012972,75.97433472,2.35549736125691,6.259738651679514
AFG,2017,4.97595150553832,525.469770891619,0.64313394,75.48258209,2.35973702156897,6.266193914715114
AFG,2018,0.626149149168846,491.337221382603,0.55239552,76.22302246,2.36712047688815,6.199163891020855
AFG,2019,2.30237251516833,496.6025042585,0.49705607,76.818367,2.37615338349114,6.20980157408614
AFG,2020,5.60188791482224,510.787063366811,1.18621242,74.81396484,2.37073382439812,6.237908646670804
AFG,2021,5.13320340824962,356.496214115892,0.71036398,77.21405029,2.35254951873996,5.879124772192372
AFG,2022,13.7121023720064,357.261152798144,0.18147056,77.94615173,2.35514236704931,5.881262197551399
AFG,2023,-4.64470870797774,413.757894705303,0.24774949,77.1395874,2.37753752819851,6.027694963742444
AFG,2024,-6.60118564073725,,,,2.400970026561,
AFW,2000,2.53077516737996,518.969226054683,0.696879546604546,61.9253813527986,3.03474946415658,6.253769629160157
AFW,2001,4.36152914007256,532.972787221754,0.855214577100921,61.2428019682047,3.02115811436405,6.280344877402789
AFW,2002,3.18869330220589,619.337335030759,0.684064616676621,62.7712319179277,3.01042000313452,6.430263418835804
AFW,2003,1.76090410099628,697.481256337088,0.917051106044699,67.5063819417725,3.00133268129033,6.548908344173893
AFW,2004,0.694336305945757,838.213391665852,1.07706997872024,62.3818064292877,2.99161624911916,6.732465014611882
AFW,2005,5.63163351357613,999.770023047319,1.05319387761381,61.3961055428952,2.98142009788388,6.908525005713813
AFW,2006,4.41589984169561,1234.64185574403,0.938377083734918,64.4714837227775,2.97157394373316,7.119345835303991
AFW,2007,3.60736767984596,1405.88018847409,0.847815736038644,64.564979386339,2.96305191429749,7.249129899596686
AFW,2008,8.45297623326755,1666.52048270501,0.767015141772623,65.3774034058905,2.95853510122971,7.4190930611956025
AFW,2009,3.2824403758932,1453.4952836253,0.767048467529496,64.4873968050217,2.95599871749777,7.2824142353210615
AFW,2010,1.78484420477113,1662.63365844147,0.684518900204214,65.1214591805531,2.95377118369849,7.416759439956387
AFW,2011,4.01869907534491,1844.05436728177,0.706785950634921,63.389168503165,2.9520366927679,7.520264023401866
AFW,2012,4.57837463515948,1941.11824321812,0.72308299560876,62.9192567209468,2.94862614409658,7.571534534339689
AFW,2013,2.43920076104126,2131.60609132899,0.72077625645611,61.8652827851839,2.94020552114251,7.665100027872314
AFW,2014,1.76843582146223,2221.35033761012,0.651210902547373,62.3381407413585,2.92432397377382,7.706320625462654
AFW,2015,2.13081738058791,1860.72768628324,0.742713444156151,61.7315101875047,2.91026540802581,7.52926019917355
AFW,2016,1.48741550755546,1630.03943895258,0.721870677963045,62.9645076254619,2.90320940127754,7.396972783170219
AFW,2017,1.72548602374731,1574.23056437855,0.799872170682834,63.4686592230104,2.90033985448859,7.36215693062737
AFW,2018,1.78404994832044,1720.14009242722,0.744825549457975,62.4175847942489,2.9026878912076,7.450742194657585
AFW,2019,1.98309228487232,2216.38505520833,0.727961933468943,59.2587332554924,2.91018496114195,7.704083877533961
AFW,2020,2.49037783931949,2030.86165860293,0.902921014711324,58.1726244312954,2.91650406072922,7.616707724984534
AFW,2021,3.74556782333009,2112.79407637079,0.909341818849809,60.1652402087474,2.92399320509607,7.656239752211016
AFW,2022,7.94925144848567,2138.47315259913,0.916696263397926,61.1621074773845,2.93979179105091,7.668314887331834
AFW,2023,5.22116801324002,1841.85506354867,0.956329000337115,57.0272682079209,2.96224838411953,7.51907131298689
AFW,2024,3.60804426950566,1411.33702938476,,,2.98795331385258,7.25300107893739
AGO,2000,324.99687160132,563.733795571487,0.98097837,27.3046875,2.67386240277283,6.336354461835948
AGO,2001,152.561022469298,533.586202412447,1.80684185,45.09108734,2.69953363866782,6.281492994191896
AGO,2002,108.897436089429,999.065855913758,1.15548134,49.66205215,2.71997445477399,6.90782113272749
AGO,2003,98.2241436573304,1133.66331960607,1.28335834,48.51068878,2.73612839974248,7.034091251202417
AGO,2004,43.5421067519686,1451.47117872493,1.4713583,46.89109802,2.7468515097748,7.281021645999032
AGO,2005,22.9535138513939,2145.88621096327,1.14204562,42.33265686,2.74989158894821,7.671773797388704
AGO,2006,13.3052101780031,2930.4442860732,1.28968012,30.66570091,2.74799317061731,7.983250510961242
AGO,2007,12.2514974459486,3515.05678986535,1.53876388,28.38397217,2.74350079527883,8.165095410513464
AGO,2008,12.4758291326397,4578.15526451517,1.91652381,21.6532383,2.73834722321665,8.42926982003488
AGO,2009,13.7302839288408,3645.14846562976,2.23769045,15.50890541,2.73339143935583,8.20142667454938
AGO,2010,14.4696564932576,4101.63715566712,1.46826649,19.34375572,2.72990245687615,8.319385254621642
AGO,2011,13.4824679218511,5184.15269149912,1.52542961,17.99380875,2.72825960098894,8.553554568928021
AGO,2012,10.2779049218839,5702.45306277434,1.39434171,17.61917686,2.72626706322346,8.648827070886327
AGO,2013,8.77781429332623,5688.57916215215,1.5071826,21.3492775,2.71903360210842,8.646391563427688
AGO,2014,7.2803873036112,5649.68762469139,1.16797769,26.8761673,2.70449443635977,8.63953252022042
AGO,2015,9.35597215533783,3641.72893919944,1.08924341,33.52316666,2.69128111509288,8.200488388310973
AGO,2016,30.6944150806719,2051.81462126253,1.05520773,35.20893097,2.68501394815556,7.6269671164307695
AGO,2017,29.8444799015679,2790.71886869768,1.12824702,34.12101364,2.68524168427026,7.934412767085319
AGO,2018,19.628937970152,2860.0936483682,0.97981894,36.24733353,2.69303871230468,7.958959225254077
AGO,2019,17.080954143438,2493.67884440177,1.00303984,33.14308548,2.70797798313284,7.821915280221881
AGO,2020,22.2715392470509,1759.35619918264,1.46055436,28.62218094,2.72560876675849,7.473271453454162
AGO,2021,25.754294884189,2303.90812662776,1.51676536,26.11725616,2.74470411565894,7.7427960963404034
AGO,2022,21.3552901320822,3682.1131513698,1.30711842,30.03861618,2.77333855965152,8.211513638582367
AGO,2023,13.6441017767714,2916.13663284275,1.1340301,32.54667664,2.81144936806097,7.978357808963675
AGO,2024,28.2404948915772,2665.87444776753,,,2.85242119224488,7.888662446871244
ALB,2000,0.0500181363468103,1160.42047054038,2.73330545,51.81419754,7.33069132123503,7.057399078527736
ALB,2001,3.10758827031435,1326.41652388077,2.72089767,49.1281929,7.60579089173614,7.190989868939882
ALB,2002,7.7705258343155,1479.83884572006,2.55822611,50.85527039,7.91442944240309,7.300363993843398
ALB,2003,0.484002611818502,1908.69900687608,2.63895035,49.91648483,8.24096501461232,7.554700920599384
ALB,2004,2.28001916938098,2446.90949947798,2.7876544,48.34204102,8.58600861824839,7.802989673781348
ALB,2005,2.36658195679795,2741.72136549578,2.65562892,49.31101227,8.95907851317178,7.91670590557229
ALB,2006,2.37072831904284,3057.77257038113,2.60609818,49.04850388,9.36032202611209,8.025768993685482
ALB,2007,2.93268248162317,3743.05529896187,2.71601963,49.40164948,9.77459627170979,8.227924607510275
ALB,2008,3.32087090389274,4498.50486763601,2.27345061,56.23107147,10.1805404435552,8.411722640290511
ALB,2009,2.26692209450826,4213.65007574693,2.33076763,56.53381729,10.5633856320802,8.346321848187078
ALB,2010,3.62710091517479,4149.14469936847,2.35073113,59.96680832,10.9200550479108,8.330898479934596
ALB,2011,3.42807130141501,4465.70914328865,2.36980104,59.84096909,11.2281830971209,8.404407206917165
ALB,2012,2.03159268395296,4280.93316338873,2.42631125,58.21257782,11.5093140765442,8.362159860290943
ALB,2013,1.93762080205223,4542.92903556739,2.54741931,57.72882462,11.8201351814959,8.421547343106369
ALB,2014,1.62586504402613,4793.59751131525,2.56312561,59.18069077,12.1667692065035,8.475245044548405
ALB,2015,1.89617402592356,4199.53912925398,2.67593837,57.34070206,12.5431065412926,8.342968160141583
ALB,2016,1.27543168367423,4457.63412207495,2.84762025,56.51747894,12.9202121629827,8.40259774745396
ALB,2017,1.98666133171194,5006.36012951959,2.74185801,57.18074036,13.3053911120274,8.518664134952077
ALB,2018,2.02805963071134,5897.65452588774,2.84073949,56.41461563,13.739521828078,8.682479557427557
ALB,2019,1.41109078954242,6069.43903131027,2.89433575,56.41222382,14.2480986631067,8.7111862094957
ALB,2020,1.6208866171702,6027.91350716348,2.97455955,59.39613342,14.7670044100644,8.704322092253388
ALB,2021,2.04147163139544,7242.45513146613,2.91998744,59.70423508,15.2660050732804,8.887853599645704
ALB,2022,6.72520271530059,7756.96188744253,3.72758842,48.33619308,15.7763381628571,8.956474935309647
ALB,2023,4.75834555150038,9730.86921906893,3.49766994,48.27462769,16.3020000675759,9.183161265575237
ALB,2024,2.21587375089991,11377.7757431099,,,16.922756199529,9.339505122201638
ARE,2000,,29865.502347066,1.64852011,22.08343506,1.27509767571933,10.304492808507433
ARE,2001,,27745.1708087672,1.91321862,15.08593273,1.36704076347815,10.230853120779987
ARE,2002,,27753.6089526346,1.66402185,28.04150772,1.46110796886191,10.231157193766661
ARE,2003,,29659.5428567811,1.62154937,27.45693016,1.55695097170943,10.29757291818057
ARE,2004,,33376.7152295209,1.40612853,30.40838051,1.65902116678675,10.415643747585033
ARE,2005,,38719.3138307623,1.3188324,30.13919067,1.77435640189591,10.56411964649099
ARE,2006,,44342.6048322482,1.33256018,29.70960617,1.82537781238147,10.699723779645723
ARE,2007,,45854.7325158162,1.50558293,28.87625122,1.70081273725431,10.73325549747708
ARE,2008,12.2504202448139,50054.1700681803,1.8716644,25.13651848,1.55490586560652,10.820881077474029
ARE,2009,1.5618131744907,37803.0663738777,2.98415613,16.1003685,1.4728365253439,10.540171951850304
ARE,2010,0.877983288285867,44795.2949302268,2.65301466,17.94574356,1.42194203445395,10.709880712532746
ARE,2011,0.87734659568512,51921.904511613,2.58301282,16.88403702,1.43143405857427,10.857515291870534
ARE,2012,0.662268900269008,53141.6124340099,2.42006803,16.73880386,1.46759051494251,10.880734379452996
ARE,2013,1.1011183637571,53247.2409495441,2.52060986,17.15579414,1.48322611511691,10.882720049214665
ARE,2014,2.34626865671642,52725.2358407934,2.50834441,17.807827,1.49656887451666,10.87286844444247
ARE,2015,4.06996608361593,44910.334995523,2.46962833,17.78964996,1.50462849552252,10.71244549165919
ARE,2016,1.61748808904197,42721.0999383185,2.97157669,15.99159431,1.48522186061082,10.662471628285482
ARE,2017,1.96682557818842,43733.6192287435,2.19714189,11.41661835,1.47888416773632,10.685895269488022
ARE,2018,3.06863379251996,47135.3591943971,2.1139648,12.69611263,1.50109608885113,10.760799939616831
ARE,2019,-1.93108114782172,45938.6073581994,2.2531426,12.23162079,1.52798923207058,10.735082929367197
ARE,2020,-2.07940317940943,37991.7492971665,3.55229998,11.21054459,1.56409085694231,10.545150612533064
ARE,2021,0.179935336174431,44118.5047192771,3.40082932,10.46759415,1.61923304492939,10.694657247540084
ARE,2022,5.29122604376849,50759.7589231191,3.0025692,9.71845818,1.63973912932682,10.834878872920635
ARE,2023,1.62670837213248,49850.6872175164,3.31956935,9.66616821,1.69563170962521,10.816807620705218
ARE,2024,1.66336510224894,50273.5060469837,,,1.76696037563358,10.825253389569886
ARM,2000,-0.790883768934757,593.450581742282,0.95468217,62.010952,9.14660843411173,6.387637586926805
ARM,2001,3.1459046468502,659.588988535629,1.33908558,50.87960052,9.55277603916158,6.493131843934367
ARM,2002,1.06004929341666,742.651118319819,1.17184055,75.23449707,10.0057434964312,6.611571997862957
ARM,2003,4.7215533660534,882.030167695474,1.20635736,76.42555237,10.428801746382,6.783359365020886
ARM,2004,6.96126135875795,1130.08791444158,1.29411483,71.58870697,10.8083562803615,7.0309352046969265
ARM,2005,0.638928002410097,1557.48458908655,1.47841108,62.93592072,11.1165828607505,7.351469210859849
ARM,2006,2.89235662459003,2041.65267068997,1.58640754,61.17357254,11.3035413260602,7.622004570912575
ARM,2007,4.40736089644516,2962.70234594569,1.61389112,58.22918701,11.3129067684454,7.994194558277995
ARM,2008,8.94995335353387,3777.66859313767,1.48813355,71.43701172,11.153010652063,8.237127002530524
ARM,2009,3.40676682683801,2820.5926553347,1.81169069,73.63291931,10.9145543744196,7.945056775904101
ARM,2010,8.17636138473951,3041.34450723339,1.68628836,77.62413025,10.7247572394866,8.020383716648002
ARM,2011,7.65000807859294,3349.55309771906,1.6728667,78.41966248,10.6448924244267,8.116880714987715
ARM,2012,2.55802007757907,3511.56399687426,1.57816982,78.58730316,10.6601563201715,8.164101533226702
ARM,2013,5.7896677854465,3680.16692158886,1.37565804,82.8755722,10.7083857139631,8.210985079155792
ARM,2014,2.98130868933672,3852.11800610384,1.50548005,82.48136902,10.7767290281828,8.25663797122797
ARM,2015,3.73169119261693,3512.39350276709,1.61020839,81.62987518,10.923814112631,8.164337659305383
ARM,2016,-1.40360755900899,3524.42476874707,1.63735199,80.6469574,11.1448655565615,8.167756209758831
ARM,2017,0.969553268816137,3869.05373867752,1.37250984,84.34803009,11.4171755495395,8.261023671890602
ARM,2018,2.52023382001637,4196.00562301769,1.23468125,84.27638245,11.7116892663124,8.342126603103408
ARM,2019,1.44344660770698,4597.22887399548,1.41167367,84.79430389,12.0453317121053,8.43342648094282
ARM,2020,1.21143577838464,4268.68093304583,2.35673714,77.84781647,12.343281529839,8.359294380490686
ARM,2021,7.1848362944337,4685.17997128509,2.18868065,78.65647888,12.600194715032,8.452373024494369
ARM,2022,8.64091108973854,6571.97445545099,1.71535587,79.0908432,12.9151582271286,8.790721741971375
ARM,2023,1.98041877615553,8159.08720967996,1.46441019,80.47196198,13.2110458915952,9.007010135361822
ARM,2024,0.269511978259125,8556.21406956719,,,13.7027691969357,9.05452995699975
ATG,2000,0.77177979690018,12027.4949768222,2.50122428,22.22428131,7.36063648013669,9.39503369530877
ATG,2001,1.40279663573988,11539.1825063308,2.92959142,22.74691391,7.31309731953884,9.353590355043687
ATG,2002,2.4076580129349,11658.6949915956,2.80217075,22.74011803,7.27165333887216,9.363893301037095
ATG,2003,1.99353055152453,12173.2319860305,3.01983333,23.21788979,7.21842740485851,9.40707686473156
ATG,2004,2.03007757853236,13037.8895772257,2.6607554,24.31144524,7.16213898716328,9.475691676734012
ATG,2005,2.09875196709308,14368.5708796058,2.48221588,27.07497978,7.10773076415799,9.57286811638681
ATG,2006,1.7877853741912,16173.8136329968,2.17760348,30.31648445,7.06292491687757,9.691210597385988
ATG,2007,1.4160525940974,18204.5124043068,2.01404786,32.52657318,7.04065896406541,9.80947970656371
ATG,2008,5.33380639820233,18786.6743142216,1.87520587,31.90914726,7.0387881126978,9.84095631222027
ATG,2009,-0.550159995508913,16472.2478528568,2.03098321,25.27703667,7.06461691991494,9.70949300183979
ATG,2010,3.37002540220147,15217.3950790922,2.77452183,24.68379784,7.15361489911569,9.630260177701372
ATG,2011,3.4567496723461,14911.7275084471,2.73921561,25.77301407,7.29740999861002,9.609970322514245
ATG,2012,3.37688044338874,15639.8078114787,2.71204996,26.8955822,7.46504698601879,9.657638663115769
ATG,2013,1.05949782356169,15051.5113587425,2.75379777,26.76339149,7.64666806715532,9.619300123946688
ATG,2014,1.08944157435355,15532.1062063584,3.14859223,25.34367752,7.85106742522391,9.65072890943047
ATG,2015,0.968993458825638,16077.6340769406,2.93535352,23.53068924,8.11104027558747,9.685246593660993
ATG,2016,-0.489437796230498,16556.8551801588,2.75887132,27.5195961,8.44513110071247,9.714615901444704
ATG,2017,2.43248789041362,16965.7288273816,2.61894512,26.5686245,8.79869124994473,9.739009577560156
ATG,2018,1.20715793367007,18273.4270684912,2.81542587,23.66021156,9.12720234036469,9.813257933565183
ATG,2019,1.43135598182983,18896.3721832248,2.49952674,24.26510048,9.47314846738577,9.846778153456452
ATG,2020,0.625989707046719,15369.6082250401,3.58067584,21.0750885,9.86324935217647,9.640212407970898
ATG,2021,2.06299638545334,17348.6006987182,3.06314707,20.61886787,10.2789418401932,9.761324770627066
ATG,2022,7.53107834634288,20105.1989085164,2.85039449,18.00394058,10.728672985782,9.908783449909388
ATG,2023,5.06713865364212,21494.5474000727,2.30815935,20.80756378,11.2387545477439,9.975601094997034
ATG,2024,6.19886698842115,23542.4526945578,,,11.7844974219246,10.066603043574384
AUS,2000,4.45743705920869,21908.9968019784,5.45143652,20.99713898,12.3380926593329,9.994698286627766
AUS,2001,4.40712998561533,19733.6510102645,5.45680571,20.43909836,12.4439665253031,9.890131304143502
AUS,2002,2.98157117047457,20335.0960191023,5.66308641,19.92001152,12.5526508705762,9.920152715049792
AUS,2003,2.73259754838937,23757.5898471684,5.61926126,19.14758873,12.6574144611296,10.07569942184866
AUS,2004,2.34325687131265,30886.0500949401,5.79416561,19.21869659,12.7707524793261,10.338092284264116
AUS,2005,2.69182949622197,34535.20727091,5.72175741,19.64301491,12.8849948927024,10.44976353880724
AUS,2006,3.55528696972984,36658.8243476122,5.71296024,19.74941826,12.9925124181303,10.509436729991387
AUS,2007,2.32761442623159,41128.2476618402,5.8701992,19.00255966,13.0875642584234,10.624474769344074
AUS,2008,4.35029726664093,49811.2067218988,5.96531916,19.04162598,13.1772880283573,10.816015347874561
AUS,2009,1.77112025681656,42954.8494884573,6.23710108,19.05284309,13.314903986414,10.667928111118195
AUS,2010,2.9183370211222,52313.8939041213,6.0919981,19.74928665,13.529289383836,10.865036387792854
AUS,2011,3.30384784681081,62799.3895017032,6.2522192,19.17248344,13.7988147123359,11.047716554693476
AUS,2012,1.76278299052228,68301.4402512587,6.17619228,19.93433952,14.0880460046549,11.131700773343166
AUS,2013,2.44988248109259,68476.6788496118,5.92386961,19.52692413,14.366324406492,11.1342631149376
AUS,2014,2.48792932080492,62817.2061751737,6.89110136,17.84736443,14.6343933904119,11.048000217689292
AUS,2015,1.50836803138463,56970.3613028094,7.2235322,16.91646767,14.8994580007134,10.950303987270745
AUS,2016,1.27699365720306,50084.4440606385,7.20443821,16.63350677,15.1508163000494,10.821485707146891
AUS,2017,1.94864309065653,54117.547718609,7.23039198,16.31333733,15.3876130191621,10.89893224745699
AUS,2018,1.91140002818579,57410.1737346009,7.19087696,16.48277283,15.6409676060892,10.957994227728879
AUS,2019,1.610770929127,55194.7585097428,7.53765869,15.01641464,15.9450637793133,10.918641390721335
AUS,2020,0.846900734607273,51983.4523666382,7.85286617,15.23493195,16.3387202762794,10.858699959906996
AUS,2021,2.86391284709318,60758.9044397144,7.93791485,14.4608345,16.7491873637801,11.014685383958545
AUS,2022,6.59409658717841,65169.5191118657,7.34881544,15.13268661,17.0750320469828,11.084762484798242
AUS,2023,5.59701792296707,65058.3773146674,7.65963793,15.84897614,17.384024966198,11.083055629041906
AUS,2024,3.16656665428797,64603.9856308464,,,17.7300159228367,11.076046863740793
AUT,2000,2.3448628535728,24487.2974685956,6.86705208,18.8343544,15.4406416730563,10.105950628076606
AUT,2001,2.65000077279529,24430.495982841,6.86088991,19.45734215,15.4633865658572,10.103628397859614
AUT,2002,1.81035787764128,26334.862215032,6.95735025,19.45839691,15.4618807713017,10.178686871652356
AUT,2003,1.35555370896445,32110.1159661425,7.01927948,19.55549812,15.474203955826,10.376957540953088
AUT,2004,2.06120618032869,36614.2506533707,7.05908728,19.65370941,15.733576999106,10.508220117118897
AUT,2005,2.29913785639285,38157.37022862,7.05110073,19.50914574,16.2126667286006,10.549500415756565
AUT,2006,1.44154851119016,40382.2078298575,7.01176453,19.16868973,16.6795154741016,10.606169329767956
AUT,2007,2.16855528800756,46622.9622913635,6.98812008,19.22972488,17.0280423461531,10.749869900212936
AUT,2008,3.21595033239879,51581.3982361071,7.23871469,18.80803871,17.2809727927874,10.85093577381989
AUT,2009,0.506308827696504,47857.4446635266,7.50799561,18.60381508,17.531366290654,10.776002863306362
AUT,2010,1.81353438995061,46611.1393420232,7.45021629,19.23719788,17.6592449706019,10.749616287091055
AUT,2011,3.2865791487538,51116.8953522042,7.34409189,19.31062889,17.7360671109115,10.841889917472349
AUT,2012,2.48567562177014,48250.4059142637,7.49027205,19.14427948,17.9497049255533,10.78418024446208
AUT,2013,2.00015616900597,50305.3545774973,7.49345398,19.60377693,18.1994460470678,10.825886681657074
AUT,2014,1.60581182954473,51314.9722616322,7.59864187,19.61263084,18.3880563664351,10.84575733282875
AUT,2015,0.896563335260319,43915.228020857,7.5736208,19.84508324,18.4613708048616,10.69003918954574
AUT,2016,0.891591752655362,45061.4993920192,7.54772329,20.04564476,18.4999156835518,10.71580568053536
AUT,2017,2.08126911385586,47163.7425775142,7.71547127,20.11006927,18.6103296736393,10.761401913155654
AUT,2018,1.99837981429548,51194.0749841299,7.75579357,19.29269981,18.7625828458159,10.843398614684666
AUT,2019,1.53089564152643,49885.9947355204,7.88670015,18.7592411,18.9402993578561,10.817515621227933
AUT,2020,1.38191063351853,48716.4098900349,8.71023846,17.17389679,19.169788839314,10.793791737793944
AUT,2021,2.7666666666667,53648.6437976214,9.46212482,16.02560425,19.462852720957,10.890230108663484
AUT,2022,8.54686993188457,52336.7725223758,8.65631485,16.29116058,19.7897509199721,10.865473617333203
AUT,2023,7.81413417002831,56579.504175468,8.532197,16.47774124,20.1640196753077,10.943419755658345
AUT,2024,2.93791574279375,58268.8787651601,,16.46478271,20.6064031791903,10.97284057956451
AZE,2000,1.80500303704356,655.097249579917,0.86689276,68.60762787,5.53451830632131,6.486309024267539
AZE,2001,1.54719590152279,703.670998584686,0.80511665,69.62220764,5.78604312856253,6.55773102521435
AZE,2002,2.7711647199827,763.108895463487,0.73890811,72.33946991,6.04989098481306,6.638710312338782
AZE,2003,2.23386492967049,883.692580745256,0.7737512,69.0607605,6.29424572021051,6.785240218272709
AZE,2004,6.70893042797784,1045.0136328106,0.86166471,65.92002106,6.46555531919555,6.9527416778196685
AZE,2005,9.67950731917056,1578.36733030667,0.89067221,59.33625793,6.5616695016824,7.364779621973434
AZE,2006,8.32892482863209,2472.95725732287,0.8678329,56.28426743,6.58699884518871,7.813574276054147
AZE,2007,16.6997549618244,3851.33015175141,0.90984386,52.6079216,6.5061421994455,8.256433478422611
AZE,2008,20.8490871772712,5574.46810432575,0.86519617,56.54062271,6.32768505626164,8.626131557704944
AZE,2009,1.45704835970321,4950.39949009423,1.13348269,57.89490891,6.09540702445719,8.50742554087504
AZE,2010,5.72687224669605,5843.5337683582,1.01347423,60.27914047,5.88788457841308,8.673262104832178
AZE,2011,7.8583333333334,7189.81869211976,0.94998968,62.14058304,5.74281423702079,8.880560309618145
AZE,2012,1.06621339720302,7495.86527658099,1.11568439,62.97990417,5.67836231395076,8.922240249030935
AZE,2013,2.41571745279419,7875.34536661549,1.06625199,66.2504425,5.68448285422061,8.97161928930745
AZE,2014,1.37344181533176,7890.84028062087,1.13015568,67.54847717,5.71573681116396,8.973584628800468
AZE,2015,4.02768573742725,5500.50364628486,1.30528009,69.12871552,5.79496249814157,8.612776724089873
AZE,2016,12.4433748584372,3880.6852276838,1.16546094,70.02903748,5.94640301373228,8.264024675352202
AZE,2017,12.9359184187334,4147.1981423222,1.00444698,71.84921265,6.14013559399226,8.330429336367235
AZE,2018,2.26854690373999,4739.7943123408,0.88865483,73.38605499,6.3688767423245,8.463959977092966
AZE,2019,2.61057182799215,4805.75371765917,1.06925082,71.34140778,6.62764113456588,8.477777232476846
AZE,2020,2.75980947008127,4229.91064904503,2.32817769,57.828125,6.88336854345971,8.350172532332346
AZE,2021,6.65029912708778,5408.04535175023,1.48136711,66.0317688,7.14668283701474,8.595827896334379
AZE,2022,13.8522590144267,7770.594223351,0.95312107,66.25884247,7.52651403008595,8.958230599066273
AZE,2023,8.7854304984908,7133.02838048328,1.39353979,64.63206482,8.01054873196477,8.872631344111552
AZE,2024,2.21217188919901,7283.8499076179,,,8.5557671289167,8.893552115481976
BDI,2000,24.4320242102151,134.537861752389,1.46507239,61.1387825,2.39968866464349,4.909251023815408
BDI,2001,9.29618771341888,132.159554541932,1.69244206,45.43356323,2.38453114955237,4.891548067416849
BDI,2002,-1.36568005328059,120.952308575468,1.5355022,49.84329987,2.37315145917814,4.803630054990892
BDI,2003,10.6474645658305,111.406682804391,1.35508084,50.25006485,2.36381297613165,4.722123391247259
BDI,2004,8.17642937482053,125.194965184533,2.3681941,38.59356308,2.3545698224619,4.837828053784586
BDI,2005,13.2520699188223,147.234619294225,2.06248069,39.18720245,2.34294180313706,4.998796284058662
BDI,2006,2.7454200021424,161.892755640319,2.36401343,39.72788239,2.32911978843428,5.093092043411754
BDI,2007,8.41206285772543,166.162744906755,2.46383238,41.13088989,2.31501981040139,5.118967858279753
BDI,2008,24.4069510353913,189.502074570768,1.5591383,42.89714813,2.30164419196352,5.249663084642724
BDI,2009,10.5554355299529,198.431524048225,2.08079624,35.45698547,2.28916087477985,5.2954709395568145
BDI,2010,6.49326591473993,216.727705301976,1.9852922,28.18636131,2.27387364154931,5.3832452238178385
BDI,2011,9.5921660597967,230.069761381132,3.47107577,25.47524261,2.25646219820625,5.442719662250699
BDI,2012,18.161045306545,231.098787811507,2.66949105,22.40234756,2.24089845847407,5.447163090567516
BDI,2013,7.93795807492417,234.844770150871,1.54086971,20.86187553,2.22888601056743,5.463173835012804
BDI,2014,4.40535234185293,250.544492155185,2.78679872,31.00106621,2.21231245750205,5.527619881071239
BDI,2015,5.54468891259779,254.402585226788,2.4195447,31.20854759,2.22313846109284,5.542841065813411
BDI,2016,5.55768961400965,232.937812100153,2.23587942,28.36751747,2.26939910143298,5.45505531978143
BDI,2017,16.0525353030391,246.060725714184,2.01362443,28.9984951,2.31607727699591,5.5096341595049205
BDI,2018,-2.81469807668465,245.661678332009,2.0575192,27.11566162,2.36073843584262,5.508017674347276
BDI,2019,-0.686772170797358,234.31061590725,2.27763605,22.21719551,2.40126821487113,5.460906411193499
BDI,2020,7.3211064341552,255.8324539389,2.1569612,20.45733452,2.43506478066639,5.54842394209749
BDI,2021,8.4045384507634,264.980379269655,2.22447824,24.2893486,2.4618792599411,5.583422543916984
BDI,2022,18.8008786664944,302.992505263552,1.58512878,25.17597198,2.48584998345669,5.717003047363997
BDI,2023,26.9414835762453,250.627253097255,1.34036565,24.48983002,2.51029451549531,5.527948838106672
BDI,2024,20.2124925027847,219.424830882698,,,2.53180465590806,5.395556733739942
BEL,2000,2.544517761909,23098.8865077401,5.96185923,20.20431137,16.8052483305967,10.04758298341297
BEL,2001,2.46925823086082,23015.0712632462,6.13948441,19.56598473,16.899389905001,10.043948001474687
BEL,2002,1.6452143617536,25006.191397109,6.13245678,20.84733772,16.9798372646478,10.126918718369676
BEL,2003,1.58896399970371,30655.2092679024,6.78976488,20.95804977,17.0709725854981,10.330590507075001
BEL,2004,2.09728311239315,35429.4077933344,6.99315739,20.16856384,17.1755814921989,10.475325707624902
BEL,2005,2.78143263670029,36809.7013403619,6.8955164,20.25011444,17.2201996099681,10.513543879176128
BEL,2006,1.79120770070453,38705.1067959147,6.80566692,20.24836922,17.1587511616051,10.563752664913073
BEL,2007,1.82305630026809,44319.165448813,6.77384472,20.60689545,17.0787754073517,10.699195054465033
BEL,2008,4.48944420508404,48303.397956286,7.26614666,19.94528961,17.0686641068395,10.78527789049098
BEL,2009,-0.0531456741254176,44923.3400135081,7.84423971,21.65153122,17.0993251555047,10.712735020692609
BEL,2010,2.18929920422458,44197.393671162,7.7745738,21.3692112,17.1172634557158,10.69644372512399
BEL,2011,3.5320821072274,47760.8298776546,7.83494329,20.56370926,17.2510605141588,10.773982061353765
BEL,2012,2.83966343445899,44874.1709182123,7.99403429,20.42929077,17.4894292316249,10.711639934545717
BEL,2013,1.11309594027539,46964.5946777056,7.99912691,20.55278015,17.7203816464754,10.75717058449485
BEL,2014,0.340002833356921,47995.7786961339,8.03469563,20.00829506,17.9621509816265,10.778889177140808
BEL,2015,0.561429152790157,40893.804537772,8.26822186,19.43956184,18.1637094668899,10.618758305545768
BEL,2016,1.97385264653162,41854.5498296444,8.31613922,18.9411087,18.356666180316,10.641979679542203
BEL,2017,2.12597086002616,44035.3239358548,8.3176775,19.12564468,18.584903433857,10.692770116323079
BEL,2018,2.05316499865177,47487.2100392561,8.32855988,19.3741951,18.8086209996758,10.768236749513735
BEL,2019,1.43681956996438,46716.6227467964,8.08414745,20.59959984,19.029838081816,10.751876733219435
BEL,2020,0.740791812220343,45906.2875805246,8.72537518,19.30308533,19.224020193227,10.734379154263413
BEL,2021,2.44024851144084,51658.238294958,8.49062634,20.34373283,19.4520520478909,10.85242432196037
BEL,2022,9.597511728725,50605.7496677086,7.9360981,21.40806961,19.7671927585206,10.831840239022013
BEL,2023,4.04901077613941,55291.4754541329,7.95761585,21.50983047,20.1452749547016,10.920392110515174
BEL,2024,3.14349136500041,56614.5679499036,,,20.5580809256443,10.944039278489813
BEN,2000,4.16540442290282,487.424141384242,1.13417935,54.91024399,3.16257337862881,6.191184170548615
BEN,2001,3.98429547767893,492.401499509072,1.20063126,49.05539703,3.13676702308318,6.20132324322536
BEN,2002,2.48916235491541,546.463829658159,0.93714452,51.76609039,3.11300616324057,6.30529639495699
BEN,2003,1.48724246145441,676.002878084282,1.05233788,51.67531586,3.09230804226425,6.51767552413556
BEN,2004,0.873890830868499,758.695803786371,1.15381396,48.58201981,3.07660997654887,6.632918094979864
BEN,2005,5.36452085832342,779.437777753268,1.04785359,46.5252533,3.06525755228356,6.6598550157696135
BEN,2006,3.78217696540374,809.147072506221,1.06306994,45.66500092,3.0582434033241,6.697215802179801
BEN,2007,1.29806813334152,912.338247188342,0.95481884,48.27828979,3.05634294690991,6.817106290832754
BEN,2008,7.94729876067854,1060.60254502099,0.74250972,44.00003433,3.0576316800647,6.967534880359689
BEN,2009,0.896072355749069,1024.10277858112,0.86784607,42.44283295,3.06062207980442,6.932548158332088
BEN,2010,2.20783532536523,973.244254931526,0.7522946,43.39034271,3.0637865803098,6.881662047287422
BEN,2011,2.7042390774728,1059.41358852588,0.65150005,44.48669815,3.06346377988044,6.966414288861132
BEN,2012,6.74468253340712,1071.5258366283,0.74686456,41.52767944,3.05798219733542,6.977771740608327
BEN,2013,0.428888888888883,1168.92699279226,0.76463026,42.5843277,3.052923551384,7.064696626522029
BEN,2014,-0.54875755094818,1204.39918670094,0.57532531,46.49401474,3.04630456372929,7.094566066335708
BEN,2015,0.218785923536245,1002.41886879614,0.59082586,51.40564728,3.03762600146945,6.911168316732961
BEN,2016,-0.793310145785624,1010.5338961993,0.71389222,49.55622482,3.03144387791543,6.91922316687114
BEN,2017,0.0432648555103608,1054.97408066814,0.70637327,47.97880173,3.02784602376455,6.96221891914314
BEN,2018,0.919170717886053,1151.7409703472,0.66673458,49.22253418,3.02828051946374,7.049897837915559
BEN,2019,0.732849371241066,1130.82135339795,0.45625761,54.70105362,3.03327124628391,7.031583431289548
BEN,2020,3.02272119663759,1200.19426557789,0.51122105,53.51108932,3.0399645176738,7.0910715621866
BEN,2021,1.73353962694035,1318.65158075198,0.33374113,55.36502075,3.04703492033387,7.185123026762662
BEN,2022,1.35077863583527,1266.42711031904,0.50720674,49.11421967,3.06253123069402,7.144744227160122
BEN,2023,2.73870078406074,1394.17784721831,0.4894892,42.40531921,3.08788133145022,7.240777175174812
BEN,2024,1.16093089640415,1485.38018885134,,,3.11814703786092,7.304099039695281
BFA,2000,-0.304212168486802,248.908526921752,0.96129316,57.56380844,2.94366827915754,5.52109495859433
BFA,2001,5.00743290822373,259.485223380436,0.97162038,58.22612762,2.89887329004691,5.562546135517127
BFA,2002,2.17569480664608,285.654087637533,1.05799043,56.12514114,2.85967163283763,5.658276219282486
BFA,2003,2.03456574053815,362.373899996953,0.9801873,52.65977097,2.82495773753888,5.89543233169029
BFA,2004,-0.400228702115451,403.81283743461,1.69977903,43.91834641,2.79361922993636,6.003424830500571
BFA,2005,6.41504018369684,441.164148016012,1.22285259,43.41235352,2.76554037150187,6.091681188736685
BFA,2006,2.33310856372219,455.513655620024,1.43097806,39.62530136,2.74056302942588,6.123618613322608
BFA,2007,-0.230627306273049,514.684451177238,1.43212855,34.20258331,2.72033046832556,6.2454950496953225
BFA,2008,10.6597978997424,619.437533256264,1.36111355,35.39670944,2.70720266287537,6.430424927951251
BFA,2009,2.60817666368314,601.569520671859,1.64177847,32.9610939,2.70124271601541,6.4012030457154765
BFA,2010,-0.764230734676768,624.957252224766,1.30630887,30.82998085,2.70027542426055,6.439282081587538
BFA,2011,2.75976724854534,725.024767725475,1.34620178,32.88170242,2.70084614559149,6.587584129567228
BFA,2012,3.8181524025238,731.470138867833,1.06450117,32.38356781,2.69625414483231,6.596422574009525
BFA,2013,0.533738507090536,759.762065168498,1.61236513,33.53733063,2.66998914803269,6.634320648222134
BFA,2014,-0.258089517535291,764.861675106225,1.62685239,34.07847595,2.62943594437597,6.641001572632643
BFA,2015,0.724838981070516,630.124750752312,1.45618761,36.02980042,2.5964842899372,6.447503546252976
BFA,2016,0.441041448058809,663.742364842886,2.38693118,31.39372635,2.57349738145185,6.499399544299944
BFA,2017,1.48299897161325,709.091535894695,2.6879499,31.36149979,2.5594856886159,6.565393885520748
BFA,2018,1.95594302672532,777.465618514048,2.12523532,36.23123169,2.55480791737547,6.657324826540357
BFA,2019,-3.23338933983321,764.853077774946,2.23602796,34.67798996,2.55918669789944,6.640990346872411
BFA,2020,1.88470066518847,825.237038782475,2.84514332,38.55709076,2.56884154873602,6.716881704244037
BFA,2021,3.65326761825508,895.535288442991,2.73058271,41.19137573,2.57917814320124,6.798537654727831
BFA,2022,14.2902354303358,827.330843486661,2.62870407,42.29250717,2.59465547584363,6.719412644006988
BFA,2023,0.742910428668917,873.482589651003,2.45250058,43.82195663,2.62071297835956,6.773632385342236
BFA,2024,4.19081721344523,981.992649769081,,,2.65177208111112,6.890601642773413
BGD,2000,2.20825620937535,396.670730249751,0.50841981,61.82206726,3.46140181652951,5.98562435194361
BGD,2001,2.0071737421384,394.65641001891,0.38396508,65.80530548,3.49633577880817,5.980546183159677
BGD,2002,3.33256493271912,393.886422327628,0.47014153,62.93533707,3.53929895087049,5.978598185142959
BGD,2003,5.66870773441476,426.74880754362,0.48277113,63.01078033,3.59350455333156,6.058536125027026
BGD,2004,7.58753638504689,455.614016909798,0.48091501,63.09557724,3.65582722732927,6.1238384320690935
BGD,2005,7.04661816222038,480.08585075452,0.45040676,65.38332367,3.72492189621939,6.176045738076536
BGD,2006,6.76526117054757,490.388026533289,0.47882023,65.63786316,3.80177383950799,6.197234093761099
BGD,2007,9.10698496905382,537.955492792911,0.48857561,66.41323853,3.88738601724917,6.289632993831535
BGD,2008,8.90194489465153,613.06204104124,0.44322866,67.83094788,3.98311546121115,6.420095967083645
BGD,2009,5.42347236174679,679.211477428056,0.43522108,67.94347382,4.09030396109955,6.522403746038582
BGD,2010,8.12667639169917,757.385280361508,0.47062662,67.95515442,4.20925466072201,6.63119154194643
BGD,2011,11.3951651552399,837.336944695647,0.4823136,68.17604828,4.34377354171206,6.7314201016445
BGD,2012,6.21750422069283,859.680536375497,0.46968287,68.27939606,4.48905587386876,6.757723397684732
BGD,2013,7.53040640913172,958.262989798283,0.4372614,69.62185669,4.62684307316426,6.866165270654643
BGD,2014,6.99163889220848,1094.46199702838,0.4220427,70.75862885,4.75656753138087,6.998931468363866
BGD,2015,6.19428022984983,1224.38647668165,0.38844827,72.67826843,4.90260142194805,7.1110115643906475
BGD,2016,5.51352572692995,1649.28380858601,0.4755646,71.49494171,5.07223834276104,7.40870255730707
BGD,2017,5.70207015717238,1811.08221668646,0.50250494,70.08963776,5.25888905067487,7.5022318590208545
BGD,2018,5.54362139486476,1965.24372731467,0.48568422,70.67902374,5.45814402305543,7.5838802641904985
BGD,2019,5.59199639930629,2129.79896954606,0.36105901,76.47038269,5.66255837053046,7.6642522914431686
BGD,2020,5.69107474746211,2248.85078828233,0.35576752,76.98878479,5.835135780086,7.718619176680477
BGD,2021,5.54565430773473,2482.84917843357,0.38806468,76.14752197,5.97381333056883,7.817564723993246
BGD,2022,7.69695437176898,2716.48592780431,0.34193528,78.25325775,6.13515765182076,7.907462440621077
BGD,2023,9.8835030377921,2551.01773827307,0.31430635,79.30711365,6.32054805417649,7.844639595174486
BGD,2024,10.4657482763412,2593.41611680774,,,6.49846299627493,7.861116767126041
BGR,2000,10.3162621289989,1621.26210738992,3.4715004,40.3757019,16.5832606245132,7.39157681680517
BGR,2001,7.3609392723184,1770.90704918691,3.84590173,43.70613098,16.8018233571951,7.47981167447707
BGR,2002,5.81014365721825,2092.98288625558,4.20194769,39.79439545,16.9942797215828,7.646823218644258
BGR,2003,2.34864169582757,2719.49436859287,4.37132454,38.06082916,17.1203407509562,7.908568895934082
BGR,2004,6.14713074246266,3389.68743360274,4.09508371,39.20325851,17.2259508118662,8.128787962590518
BGR,2005,5.0388380711191,3899.82596332878,4.10456991,38.86741257,17.3371204434747,8.268943595163279
BGR,2006,7.26159462769946,4523.1465578805,3.63341045,42.64740753,17.4502054502091,8.41718423235242
BGR,2007,8.40253419005893,5888.57081403932,3.43214798,42.59270096,17.5726463867662,8.680938407104348
BGR,2008,12.348719599402,7271.30338858025,3.48064542,42.62918854,17.7279116045502,8.89182835508885
BGR,2009,2.75320223914819,6988.27316296465,3.54883742,44.3673439,17.9095144284968,8.852131847412819
BGR,2010,2.43899060504117,6853.94805511171,3.91909194,43.14134216,18.1472285711578,8.832726014303475
BGR,2011,4.21990346601872,7849.58061302818,3.84521842,44.46372604,18.5190836074404,8.968342771484373
BGR,2012,2.95456829831012,7431.95789508871,3.82989573,47.7468071,18.9492680312808,8.91367916011739
BGR,2013,0.890093540913096,7795.98092108928,4.03953886,41.86244583,19.3546939511256,8.961491876351275
BGR,2014,-1.41818380264839,8069.60005667684,4.47450733,40.24094009,19.7757387242757,8.99598311496522
BGR,2015,-0.104633261008479,7268.65445473873,4.13284254,42.50993729,20.209781460636,8.89146403910068
BGR,2016,-0.798649886453617,7822.49923292968,4.11281013,43.25471497,20.5760516337296,8.964887205695156
BGR,2017,2.06159619443141,8696.68930427924,4.11801386,42.19384384,20.8699557799437,9.070812672156206
BGR,2018,2.81454473824838,9849.38397225174,4.23101759,39.32843781,21.1708879702475,9.195265715360849
BGR,2019,3.10372944796771,10353.7204584127,4.2107811,37.79553986,21.4794589439076,9.24519777765773
BGR,2020,1.67244096855756,10760.211975413,5.05085564,35.52528763,21.6867892994918,9.28370346449286
BGR,2021,3.29774435299506,12966.1457543396,5.52486372,33.72874832,21.7032217425472,9.470174187891326
BGR,2022,15.3252589264367,13999.1949530956,4.77777004,35.07592392,21.6972972212748,9.546826533721555
BGR,2023,9.44284140088564,15853.208636704,4.97369862,35.50430679,21.8324383446666,9.671190273188396
BGR,2024,2.44651943006078,17596.0173663521,,,22.0303362606903,9.775484698844046
BHR,2000,-0.704852953090789,14214.4836839343,2.27505612,27.53905296,2.24991617886124,9.562087049811833
BHR,2001,-1.20757180156659,13573.2339887597,2.39680648,26.7744503,2.22235556403228,9.515928715126012
BHR,2002,-0.495540138751154,13501.4708801425,2.5144496,26.95469666,2.18260496744539,9.510627975837615
BHR,2003,1.59362549800786,14486.0269029822,2.45939231,32.31951141,2.15721899822009,9.581008831582945
BHR,2004,2.35294117647061,15963.9493171617,2.25912499,30.68171883,2.14879475627753,9.678150930521964
BHR,2005,2.58620689655172,17966.1657837625,2.18422818,27.47366142,2.14426487555275,9.796301248015427
BHR,2006,2.00746965452849,19267.282615072,2.06908512,26.69632721,2.13167266226833,9.866215635229839
BHR,2007,3.25666666666703,20908.4042548073,2.03086805,30.2359314,2.11532005239241,9.947954301094152
BHR,2008,3.52600316363721,23299.4992780392,2.00388288,27.9108448,2.1058459633082,10.056230067566236
BHR,2009,2.79551283550411,19465.3140745038,2.74579287,26.58000565,2.10821933490508,9.876440767373067
BHR,2010,1.96188468334623,21819.3291098099,2.55753851,26.74535942,2.15047426568769,9.990597342216024
BHR,2011,-0.40004069748808,25032.7867743333,2.42909908,26.31511879,2.23517644407025,10.12798166240875
BHR,2012,2.75739669962979,26438.6733230428,2.58166146,26.80383301,2.30275679662058,10.18262093848244
BHR,2013,3.30001156888442,26989.7601148469,2.70170784,26.91797447,2.45568933577155,10.203249868447902
BHR,2014,2.64755321246188,26451.7965647453,2.75321245,26.14287376,2.62539913226817,10.183117161933515
BHR,2015,1.84862742374976,23734.0551143019,3.08921409,25.89375496,2.58876355273245,10.074708353051477
BHR,2016,2.78679347602044,23800.001440631,2.8373127,27.98857307,2.53748590518773,10.077482936111776
BHR,2017,1.38671830576406,24784.7693514607,2.44733834,31.99498177,2.61201960870313,10.118024950984037
BHR,2018,2.08766938046978,26324.4066549559,2.31990647,30.00357628,2.77238869129833,10.178289784364571
BHR,2019,1.00582004702136,27259.7438599327,2.20524931,29.97935486,3.00446835284136,10.213202992476635
BHR,2020,-2.31770629331378,24342.8444554718,2.86910701,26.24458504,3.27889246478774,10.10003430211636
BHR,2021,-0.60631938514085,27147.8083882286,2.75866771,25.76650047,3.46416063514661,10.209088434462558
BHR,2022,3.62574104304482,30470.5219276023,2.37968802,27.89371109,3.49895236846893,10.324547819127593
BHR,2023,0.0746206782192255,29290.1284215098,2.36801171,28.65578461,3.63800440284889,10.285039964907941
BHR,2024,0.919635459817651,29653.5682731534,,,3.85339957070368,10.297371465851338
BHS,2000,1.60632941740578,24940.0775086078,1.50591624,27.22701263,6.69368659965723,10.124271422334754
BHS,2001,2.0449897750512,25371.9237667614,1.56618142,28.23169136,6.90284166473481,10.141437890996935
BHS,2002,2.17357792508093,26781.6195938652,1.50943291,28.80686188,7.13088108463455,10.195508433500223
BHS,2003,3.02504526252236,26429.1247787663,1.62846565,28.64151382,7.37044403226888,10.18225972869072
BHS,2004,0.981914036757662,26650.2934234303,1.611678,29.60046577,7.62238729538351,10.190592962128475
BHS,2005,1.59160618079802,28602.4181869995,1.58765554,30.36487389,7.88484242237434,10.261281506694308
BHS,2006,2.38982627439254,29184.7865087908,1.65727472,29.36036491,8.14438464298529,10.281437106351037
BHS,2007,2.49257794939396,30051.8489587756,1.80025303,28.73091125,8.38935909173885,10.310712742749814
BHS,2008,4.48955995375059,29392.3824416397,2.08452892,27.80749512,8.62447137206611,10.28852484097183
BHS,2009,2.06273473452681,27512.9130950084,2.34723687,27.0141716,8.88440230423638,10.222447086442441
BHS,2010,1.34402738392835,27473.100430502,2.36928177,27.59894562,9.15675109360437,10.220999037352808
BHS,2011,3.1987814166032,27090.8376801379,2.37497997,27.96435928,9.40550777582594,10.20698776888535
BHS,2012,1.97336755976254,28552.0242683151,2.31367421,28.74622917,9.63700114123784,10.25951813831175
BHS,2013,0.722414784530551,27642.7419759179,2.59359813,27.93116188,9.84963834565236,10.227154651349098
BHS,2014,1.51375643050831,29137.2175632622,2.53589177,28.32375336,10.0400734505543,10.279805909836563
BHS,2015,1.86148302863371,30719.405417469,2.32609415,30.39061737,10.2099019972933,10.332682384357762
BHS,2016,-0.346376929989396,30616.5363157284,2.71795917,28.30343437,10.3648833736411,10.329328206004918
BHS,2017,1.51820700736147,31875.4881749619,3.57633185,24.9106617,10.5142323008566,10.369623969212826
BHS,2018,2.26586346678735,32642.3353203452,2.79429245,28.65538406,10.66759184401,10.393395988917101
BHS,2019,2.49123527368045,33640.3369861278,2.87397003,27.58430672,10.8243628610412,10.423510857236705
BHS,2020,0.0385210980054557,26178.7537607708,4.37366199,22.72632217,10.9764122643595,10.17274163379593
BHS,2021,2.90491262928478,30367.8605757708,3.51553249,26.78787422,11.0919512681237,10.321173039251377
BHS,2022,5.60540633583043,34957.1613279737,3.99245048,24.07663536,11.2521177194159,10.461907234792951
BHS,2023,3.05291578969742,38231.774484278,3.18650889,27.48377991,11.4979577684286,10.55144839754073
BHS,2024,0.409162489083286,39455.4466548546,,,11.7758539484603,10.58295272622782
BIH,2000,,1338.48059636261,4.07377338,41.98865128,10.9806993004303,7.20003720314821
BIH,2001,,1387.89362942121,4.31801033,41.3520546,11.4496135604835,7.23626275913162
BIH,2002,,1606.5467454132,4.4219141,38.45634842,11.9263658510233,7.382464535261724
BIH,2003,,2033.94700935864,5.47854805,32.54938889,12.4294397805157,7.618225057910454
BIH,2004,,2452.6860917386,5.16201019,42.70067978,12.9740325193004,7.805346700111847
BIH,2005,,2739.61076866057,4.81401253,45.20005798,13.487097378172,7.91593608281204
BIH,2006,6.12556615620284,3166.12865344833,4.84716463,44.99708557,13.8857059040104,8.06058066884216
BIH,2007,1.50077710611541,3931.48948737505,5.12106037,44.27066803,14.2342174661835,8.277027961661231
BIH,2008,7.42704310332952,4841.69311934649,5.28242588,43.91299438,14.5483223811663,8.485226274578164
BIH,2009,-0.381464282453056,4539.91863774968,6.13346386,30.61831665,14.8252072146098,8.420884613683455
BIH,2010,1.99621236745886,4506.47828548389,6.13426924,30.07586288,15.1145036765984,8.413493137646876
BIH,2011,3.67125,4982.69375768263,6.20625067,29.46848488,15.4536556294134,8.513926613491707
BIH,2012,2.05267452001717,4693.78899115381,6.50727367,29.21257019,15.8713075222333,8.45420844732116
BIH,2013,-0.0930456838317588,5034.56634817068,6.57830858,29.06751633,16.3229580551331,8.524281281085335
BIH,2014,-0.897194054194333,5206.06573475132,6.66444492,28.92234421,16.7737639028408,8.557771777387288
BIH,2015,-1.03602303425474,4662.25869219448,6.39630365,28.80271149,17.2535174740777,8.447469772900735
BIH,2016,-1.58410000000001,4928.5665903114,6.47960949,28.61372757,17.7718389532056,8.503006350456447
BIH,2017,0.810133321953038,5345.01978766473,6.18360281,29.11909294,18.338880896671,8.584107598088334
BIH,2018,1.41710814018033,6047.84707207392,6.1210475,29.31168938,18.9760112193682,8.707622966265413
BIH,2019,0.56278215406123,6122.37541352353,6.13385725,29.35281181,19.6456887437667,8.719868761622543
BIH,2020,-1.05129600763489,6130.31187968266,6.75351286,28.86445999,20.2427175417457,8.7211640157696
BIH,2021,1.98163900587622,7295.34378682258,6.52639914,30.71450996,20.6776926615011,8.89512865054847
BIH,2022,14.0208440826771,7655.59421024383,5.73453379,30.88310814,21.1032694063471,8.943322543789217
BIH,2023,6.1059011284828,8663.02326458629,6.00363779,30.96058273,21.642423894209,9.066934473878778
BIH,2024,1.69212733599723,9358.78768951134,,,22.2302388589029,9.144177886469866
BLR,2000,168.620235850933,1276.2880341,4.15422821,16.013731,13.5188087891952,7.152494385884596
BLR,2001,61.1349331618476,1244.37318523431,4.25791645,20.72087097,13.7526369569931,7.1271905111597516
BLR,2002,42.5375481348794,1479.38066337175,4.07934141,23.02361107,14.0281671567774,7.300054538667543
BLR,2003,28.3978399133473,1819.52653114699,4.38554096,20.16473579,14.2966415018642,7.506881041058864
BLR,2004,18.1082424937646,2378.33700470129,4.39936543,19.22298622,14.5384978938564,7.774577158404603
BLR,2005,10.3388794457932,3126.07176665248,4.52236795,21.783041,14.7034003515884,8.047852307834864
BLR,2006,6.99712903535584,3848.22350300163,3.9855392,24.38873672,14.7876423443875,8.25562671940812
BLR,2007,8.42675273505309,4735.48107556066,3.99474669,25.79533768,14.7505835822537,8.46304974985963
BLR,2008,14.8378764828254,6376.17569162063,3.48282266,29.83945274,14.5229825555929,8.76048059676226
BLR,2009,12.9456563410401,5352.48809190697,3.48038435,30.91816902,14.2317086267164,8.585503607239255
BLR,2010,7.735748043125,6034.67885177216,3.84921932,29.16505241,13.9454868247262,8.705443613000469
BLR,2011,53.2286983118174,6527.6593428786,3.08841538,33.58686447,13.7427575035088,8.783956893822754
BLR,2012,59.2197360232518,6953.21591683101,3.44369793,30.77361488,13.7397758540787,8.847103361385615
BLR,2013,18.3122610377873,7998.0802045456,3.56868172,33.79212189,13.8439326604506,8.987081839620107
BLR,2014,18.1195543526734,8341.31809294883,3.37288022,34.89439774,14.0572639870913,9.029096405527007
BLR,2015,13.5344897649734,5967.05595058777,3.68674207,36.20293045,14.3137668458221,8.694176516938137
BLR,2016,11.8365807653496,5039.77560949445,4.19298792,26.71418381,14.5402754703135,8.525315239998152
BLR,2017,6.03183725177785,5785.54491935194,3.98054695,27.05755615,14.797647947019,8.663290660042405
BLR,2018,4.87230220550689,6360.037502312,3.9000001,25.44559479,15.0511533137392,8.75794677232437
BLR,2019,5.59815595039853,6837.77339645635,4.12526941,25.69003105,15.3719450417652,8.83036366653195
BLR,2020,5.5481435745651,6542.85579976768,4.54088545,24.76618576,15.7337858081494,8.786281842551974
BLR,2021,9.46028389623105,7489.71894713888,4.87342072,21.92699814,16.0697691637937,8.921420059506737
BLR,2022,15.2096752740809,7994.64806074889,4.44357491,27.618536,16.5067849004664,8.986652680238032
BLR,2023,5.00059903091312,7896.75388295584,4.7274251,28.48183441,17.0619745317958,8.974333679415729
BLR,2024,5.78531910427998,8317.63399913792,,,17.6665640538227,9.02625333753986
BLZ,2000,3.06743966930585,4726.50675459616,1.35279799,38.14376068,3.96347160910137,8.46115322931978
BLZ,2001,3.65141786561502,4718.77715104739,1.76350856,34.01305771,3.98464440360176,8.45951686370385
BLZ,2002,4.24026660688645,4858.86062599362,1.82957494,33.93686295,3.97643047008205,8.488765038704233
BLZ,2003,2.31808274663101,4959.74012434605,1.75257611,34.33866882,3.96845856395481,8.509310227205138
BLZ,2004,6.39443099742398,5153.71308265363,1.7102828,34.26523209,3.96630700232067,8.547666736832962
BLZ,2005,-1.10431044411909,5270.41479135312,1.78223765,33.10965729,3.96917747617796,8.570054066863435
BLZ,2006,-7.11376771265013,5524.78167834986,1.97383273,30.15555,3.9735513419724,8.617179996622886
BLZ,2007,2.3180827464202,5762.21023302938,2.37503958,26.12802887,3.97534616683553,8.659249930561227
BLZ,2008,6.39443100250033,5711.81458859709,2.91308498,24.23386192,3.97931407224633,8.650467103900084
BLZ,2009,-1.10431044864355,5399.67100001919,2.89427853,24.34063148,3.99022436615123,8.594278484095636
BLZ,2010,0.917977378808887,5461.40735999001,2.97982311,24.62802124,3.98694749332542,8.605644879990471
BLZ,2011,1.602056156402,5596.05222152289,2.98816276,24.03583336,3.97344316188917,8.629995349118136
BLZ,2012,1.30058074547858,5732.66519942347,2.86571932,25.1850338,3.9768071910865,8.654110256078615
BLZ,2013,0.50974776898322,5957.34953619006,2.92492223,25.36402893,3.99543947053365,8.692548798250971
BLZ,2014,1.20139964481057,6128.12053089077,3.03495717,22.78176498,4.02797182755483,8.720806548962257
BLZ,2015,-0.861584009427747,6154.62264230369,3.17137766,23.2816906,4.07610297109726,8.725121193908958
BLZ,2016,0.663427167917601,6140.86713919469,3.35043669,22.57848167,4.1311470914849,8.72288406924526
BLZ,2017,1.14765339305816,6071.85451846453,3.2159059,23.14125252,4.19438292718545,8.71158404014621
BLZ,2018,0.269982622646335,6011.99036888587,3.27672195,22.96988678,4.27416290027129,8.70167746932298
BLZ,2019,0.187069385181424,6171.61449761423,3.31428432,22.67947578,4.37513040120157,8.727877770681028
BLZ,2020,0.121434644614893,5238.54078175696,3.79881597,20.8118515,4.48553842453459,8.563989136405453
BLZ,2021,3.2356365923707,6142.98930557031,3.51546001,22.02814865,4.59849777347213,8.723229534196161
BLZ,2022,6.27689319447543,7068.21728043145,2.61415029,26.81614494,4.70833033299978,8.863505042780409
BLZ,2023,4.38984017487674,7424.75821321022,2.69897199,26.78139114,4.84133634796907,8.912710074714658
BLZ,2024,3.28955985952768,7681.24400583113,,,5.02383883818482,8.946666971722303
BOL,2000,4.60822998872598,975.777060358751,2.43201661,33.50730133,5.25496624546678,6.884258438039517
BOL,2001,1.58965377879567,930.168227214313,2.61401916,33.05337524,5.34946444174713,6.8364399561355205
BOL,2002,0.928258851611069,888.221328974352,2.60214591,33.92093658,5.38843645065638,6.790346168503166
BOL,2003,3.33727499671533,893.013760211149,2.75486469,32.02861404,5.38118598561437,6.795721166790129
BOL,2004,4.43738080101724,953.191893246277,2.53551769,32.59439087,5.37593544051459,6.860864797181608
BOL,2005,5.39323106890663,1020.12326200737,2.7536962,32.00019073,5.37399580065857,6.928658537623488
BOL,2006,4.28239604802561,1202.71150446327,2.61106277,32.2653923,5.37477121968592,7.093164982923525
BOL,2007,8.70560923578869,1354.54905949929,2.7755425,30.76193619,5.38086082230676,7.211961861200991
BOL,2008,14.0068107702519,1692.67248455876,2.70188808,30.36822891,5.39546937918856,7.434654518006571
BOL,2009,3.34645420142013,1731.18172112209,3.15830708,30.09937668,5.41918999731986,7.457137003435131
BOL,2010,2.5032760584424,1929.78373077158,3.05729318,33.27740097,5.45220182580732,7.565681277591515
BOL,2011,9.88446419823883,2315.52121930607,3.02061009,32.50546646,5.49154893226149,7.74782186488644
BOL,2012,4.51560291399375,2575.59857098084,2.9963541,34.3583374,5.53104008089916,7.854225424742988
BOL,2013,5.73640023719606,2870.02377000756,3.26242685,34.00916672,5.55753826956574,7.9624239594346
BOL,2014,5.76660074579143,3041.43503162408,3.69240737,30.90435982,5.56754270264645,8.02041347101794
BOL,2015,4.05961041135644,2996.01289811344,4.30645275,27.32661629,5.57956840423779,8.005371370982225
BOL,2016,3.62321431764138,3035.87347732132,4.4294467,28.02112007,5.60108593728302,8.018583803763482
BOL,2017,2.8227580554717,4048.40119739839,4.44758177,25.07784653,5.62693883757342,8.306324296675102
BOL,2018,2.27205987230154,4206.8552936661,4.79799795,22.10827065,5.65831749558234,8.344708365438917
BOL,2019,1.83954504969025,4203.15492855788,4.89661789,23.99159813,5.69637597867023,8.34382858397191
BOL,2020,0.940742153381849,3580.96761778303,5.80238628,20.89839554,5.65359738892874,8.183667542318217
BOL,2021,0.737383721452274,4010.76053686204,5.88253403,22.73787498,5.5207644538141,8.296985460576186
BOL,2022,1.74632872945968,4219.46113742445,4.61549664,25.75580215,5.47908058471391,8.347699675331256
BOL,2023,2.57688800489192,4274.70820547613,4.65502548,27.31554413,5.55046673477261,8.36070502975009
BOL,2024,5.09976568317427,4421.16609889999,,,5.64147449734418,8.394384922652256
BRA,2000,7.04414105947265,3766.54786339835,3.47014546,36.59222031,5.15305600233732,8.234179634706177
BRA,2001,6.84035902487523,3176.28975052524,3.51298475,37.80702972,5.25788953351612,8.063783832668335
BRA,2002,8.45016437708331,2855.94017137049,3.6863513,36.40619659,5.37057950468513,7.957506460944124
BRA,2003,14.7149197228147,3090.6068907839,3.50954437,35.47386169,5.49377715635099,8.036446264103276
BRA,2004,6.59718509985963,3663.82262497811,3.46692538,35.3658371,5.62981083857698,8.206535216144971
BRA,2005,6.86953720898964,4827.78165890291,3.34525418,35.87643814,5.77510511688269,8.482349470294055
BRA,2006,4.18356812896909,5934.14561857454,3.54130626,34.37126541,5.93003018639837,8.688646842307147
BRA,2007,3.64127299102652,7409.69003822861,3.48462701,33.09412003,6.09660384979617,8.91067883652246
BRA,2008,5.67859390284168,8908.33338467948,3.50441861,30.88409233,6.27423008357346,9.094854701131668
BRA,2009,4.88803479876798,8678.6584730653,3.70742011,31.21031952,6.46425536224823,9.068737460459257
BRA,2010,5.03872690108074,11403.2840038694,3.57701325,29.38520432,6.66688609315066,9.341744353604385
BRA,2011,6.6364496221309,13396.6263158041,3.46567941,29.29958534,6.88200029275714,9.502832829636118
BRA,2012,5.40349914036997,12521.7238454434,3.35463309,29.68202972,7.11476668920292,9.435300180531652
BRA,2013,6.204310666401,12458.8903396625,3.55113959,28.17706871,7.37028483055902,9.430269991312546
BRA,2014,6.32904015516138,12274.9941630213,3.69886327,28.18024635,7.65357587023447,9.415400940260636
BRA,2015,9.02990102416136,8936.1955889444,3.85396719,24.70735931,7.95680732355772,9.09797712644396
BRA,2016,8.73914352329393,8836.28546025694,3.94799495,24.42057228,8.26857395268557,9.086735033843052
BRA,2017,3.44637335032669,10080.5078722821,3.95315194,24.46793365,8.5916529152697,9.218458120941992
BRA,2018,3.66485028376728,9300.66072904004,3.88924217,24.82529449,8.92785021515533,9.137948236214143
BRA,2019,3.73297621216893,9029.83304401079,3.91702151,24.87984657,9.27307434876159,9.108399895091848
BRA,2020,3.21176803803376,7074.19407495707,4.17190552,26.09086418,9.59866487647293,8.864350153224551
BRA,2021,8.30165975585673,7972.53696080695,4.30673981,25.26789093,9.91109990998152,8.9838834576331
BRA,2022,9.28010608956872,9281.33282136864,4.25969172,27.25102234,10.251784783293,9.135868175802182
BRA,2023,4.59356282283203,10377.5897719195,4.29392195,26.23070717,10.6336314676644,9.247500287366694
BRA,2024,4.36746407652336,10310.5488778166,,,11.0491844889702,9.24101979635958
BRB,2000,2.43581303489138,11674.6736471764,2.5543673,39.37475586,11.2650393226056,9.365262780844802
BRB,2001,2.57783490431287,11639.5160522054,2.71995711,38.05859375,11.2466204694285,9.362247054684596
BRB,2002,0.125249458056019,11760.4524736133,2.89702082,36.52173615,11.2857186122931,9.372582723486923
BRB,2003,1.61943319838053,12075.9587020649,3.47478461,35.8896904,11.3080187827343,9.399054676717066
BRB,2004,1.39442231075691,12886.3665272467,3.98423481,33.59903336,11.3064819040921,9.4640027715109
BRB,2005,6.08218729535043,14214.4202213572,3.51634121,35.04058456,11.3248308560285,9.5620825854742
BRB,2006,7.3076626282894,15619.6005955511,3.32250285,35.37914276,11.3410481052883,9.656345873073883
BRB,2007,4.03422982885069,17235.4396434785,2.92400503,36.83722687,11.3779242393246,9.754781005690448
BRB,2008,8.10810810810779,17565.6929970592,3.17477036,35.45105743,11.4827044399913,9.773759944744047
BRB,2009,3.64386189258337,16294.9099491834,3.4388876,36.33097839,11.6579266568779,9.698669431945337
BRB,2010,5.82421853311866,20610.5150721363,3.18992829,38.09718323,11.8178994236013,9.933605182688552
BRB,2011,9.4322024017722,20508.1498810382,2.93728137,42.20311737,11.9514085297622,9.928626401208767
BRB,2012,4.53334753888774,20804.1150004694,3.79151535,38.606987,12.1390205371248,9.94295414894175
BRB,2013,1.81410436049096,20410.2065438568,3.33373475,40.41992569,12.3690418309834,9.923839369385252
BRB,2014,1.76950322089728,20192.7084081797,2.87362003,43.63391113,12.6331067584463,9.913126369932417
BRB,2015,-1.11278992510958,20424.2087530019,2.84907889,44.41487503,12.9216100935517,9.924525140141185
BRB,2016,1.28192813061895,20295.5672072046,2.85200191,45.05650711,13.2030865798156,9.918207047636969
BRB,2017,4.66018463955995,20284.5762052461,2.7041471,45.55510712,13.5158528184573,9.917665380721274
BRB,2018,3.1060057242059,21381.2426303209,2.65220022,45.89333344,13.8812050137063,9.970316072919077
BRB,2019,1.67662473276987,21912.1501242857,2.54682422,46.69363785,14.2956713458923,9.994842197895393
BRB,2020,,19194.4919736739,3.32207417,42.93118668,14.7709603902051,9.862430737409854
BRB,2021,,21079.6145271791,4.04128695,38.77418137,15.2621067424193,9.956109154373603
BRB,2022,,24387.0387293761,2.6457088,46.7436409,15.6987864748263,10.101848075076967
BRB,2023,3.18718905472631,25583.878782727,2.25056767,49.49338913,16.093413521478,10.149756783402172
BRB,2024,1.44643664306159,26544.8707282621,,,16.5502225919796,10.186629486448611
BRN,2000,1.55815247634945,20130.2572346624,2.14453936,15.83131313,2.79115506212778,9.910028972454167
BRN,2001,0.595890410958989,18287.8272281914,2.11852527,16.80674553,2.83190088346908,9.814045618399136
BRN,2002,-2.3149724245932,18621.2922577525,2.11855745,16.41055107,2.87783851172747,9.832114650544659
BRN,2003,0.299999999999967,20677.9001143188,2.15882659,17.0513382,2.93275097580466,9.936869141246568
BRN,2004,0.814223994682612,24423.0946995548,2.12041497,16.90948105,3.00260264287971,10.10332541172274
BRN,2005,1.24443711883965,29386.2703822862,1.86898351,16.33396339,3.08888861027178,10.288316879369436
BRN,2006,0.15988807834512,34674.7995236452,1.62710452,14.68852711,3.18445137627258,10.45379730255658
BRN,2007,0.967774119525101,36217.3290706015,1.69323945,12.78499889,3.27471031149519,10.497320597590303
BRN,2008,2.08498023715415,42156.5685838672,1.68647766,10.10823727,3.34812979594646,10.649169510391554
BRN,2009,1.03571774271613,30946.4673773828,2.1657393,9.49940205,3.40080919074431,10.340046445277704
BRN,2010,0.35686913201756,34937.5555357155,2.09004593,8.26134872,3.43484599777739,10.461346241554581
BRN,2011,0.13791156316954,46382.8274255349,1.70617342,8.47186852,3.48370070745652,10.744706130594299
BRN,2012,0.111766261400306,46968.5971164922,1.68712533,8.85192871,3.59148478695324,10.757255801519749
BRN,2013,0.389205053123632,44003.0644273461,1.71973145,9.4074192,3.751440897661,10.692037281983017
BRN,2014,-0.207108731719822,41026.5084247957,1.77395678,7.33459949,3.94036719811974,10.621998057898852
BRN,2015,-0.488347420743522,30625.1287744656,2.26836538,4.97357655,4.15680292933755,10.329608805109524
BRN,2016,-0.278693265753083,26663.2972950602,2.42138696,4.97981501,4.40308351498255,10.191080769605144
BRN,2017,-1.2605056462896,28024.3824580252,2.14737701,5.41142321,4.67856053533962,10.240865894877578
BRN,2018,1.02505179290212,30988.1190267227,2.29566693,4.8520875,4.97590847160694,10.34139142271469
BRN,2019,-0.390522069165529,30426.5730656528,2.10503411,5.50012302,5.28835727839523,10.323104485049019
BRN,2020,1.94031996607183,26834.3592233943,2.30922484,5.81023836,5.61350101195006,10.197475670897122
BRN,2021,1.73341388450593,31006.9636289785,1.99766231,6.92726374,5.92302098310792,10.341999341733745
BRN,2022,3.68225030604215,36632.9280952155,1.6302222,7.86283779,6.20177679884138,10.508730087129992
BRN,2023,0.35706431153689,32890.5491812019,2.06224728,7.41179371,6.51107912979343,10.400971039965054
BRN,2024,-0.38867416503646,33153.4738913513,,,6.8678459937565,10.408932945522983
BTN,2000,4.01212081070342,771.924911410619,3.29712725,11.54134464,3.76166725027351,6.650181904684913
BTN,2001,3.41478946111594,812.238210772056,3.29277039,8.03274536,3.9609885157774,6.701024068810706
BTN,2002,2.45535714285714,895.799489930972,3.09706593,11.15311337,4.15961666120817,6.798832302992146
BTN,2003,2.57230861693339,1022.38240311018,2.65240765,19.00845528,4.35551039066843,6.9308685016855245
BTN,2004,4.10593698272957,1130.35934606796,2.81644845,16.25363541,4.54496195110404,7.031175149850496
BTN,2005,5.3126310463775,1299.94938578359,2.44967246,16.79038239,4.69219199369056,7.170849573669319
BTN,2006,5.0004543802254,1405.6071618158,2.28304935,14.79103374,4.78168215688891,7.248935815440509
BTN,2007,5.15611138758462,1850.41570433398,2.47752094,14.33664703,4.85344976209808,7.523705871007193
BTN,2008,8.32716049382712,1919.59774896395,2.17638206,15.47424698,4.93296802003055,7.560391744154841
BTN,2009,4.36112219119804,1918.39599211093,2.43460202,16.58108711,5.02076404779333,7.559765828086594
BTN,2010,7.03638316073018,2435.5798056672,2.3471601,16.48263359,5.11486078172033,7.798350615971327
BTN,2011,8.848985699468,2787.97967608562,2.21770048,16.34392738,5.21210865308574,7.933431100431924
BTN,2012,10.919656944683,2751.2128864294,2.26811028,20.50640488,5.31020334472127,7.920160553048764
BTN,2013,8.77638345268212,2679.95217201538,2.3066659,20.31390381,5.41099696252308,7.893927298470484
BTN,2014,8.27106093949327,2849.49998647303,2.23058915,21.17123032,5.51675363283522,7.955249691726164
BTN,2015,4.54814395082205,2954.04081911097,2.55167842,19.79465675,5.63326843257928,7.9912677433187245
BTN,2016,3.21988689395717,3152.30905106786,2.42386007,20.12969589,5.76252965103374,8.056207672841143
BTN,2017,4.95508366985129,3435.28804735662,2.31912565,13.3064661,5.83666795035889,8.142147111766391
BTN,2018,2.72396386183713,3400.20417245342,2.44134831,13.16380501,5.86666298128749,8.131884816270093
BTN,2019,2.72643037388832,3576.87987100503,2.4829967,17.79043007,5.92796512661737,8.182525689163231
BTN,2020,5.62936522632507,3191.66906999331,3.18623781,15.42465878,6.01800505450607,8.068612544998823
BTN,2021,7.3468144053353,3570.61257980872,2.31712747,28.52482796,6.12663882446322,8.180772475814235
BTN,2022,5.6391667139637,3711.32767981591,2.13837457,28.0121479,6.24575417667363,8.219414365822487
BTN,2023,4.22934419929251,3831.32535494609,2.9429884,25.46281624,6.36869980988956,8.251227040221957
BTN,2024,2.76131569624097,,,,6.49423991297806,
BWA,2000,8.6014851485149,3450.81180622992,3.2540555,10.67191124,3.34229074167639,8.146654533402572
BWA,2001,6.55903767014861,3206.07123689853,3.50531387,9.45568562,3.36124196526917,8.073113412386435
BWA,2002,8.03279662527485,3117.25087183011,3.76324773,8.74494839,3.38152040750532,8.045027505595328
BWA,2003,9.18990265632739,4230.12326909926,3.60058308,8.76611137,3.40047636572205,8.350222785039044
BWA,2004,6.94570363654674,4956.69287735214,3.4343946,8.5832901,3.41331026934182,8.508695765810023
BWA,2005,8.61022528546439,5391.07076619634,2.86616707,8.49857712,3.41925030858041,8.592684776800594
BWA,2006,11.5552187914379,5291.58379144849,2.79110265,8.29256916,3.41880159497129,8.574061834994886
BWA,2007,7.08099847172692,5529.12574632532,3.12948751,6.77262211,3.41468532090555,8.617965833195525
BWA,2008,12.7021883920075,5503.07395314313,3.66806316,5.81573677,3.40871823445534,8.613243815777116
BWA,2009,8.02729703109581,5082.93388332404,3.41018438,5.42353058,3.40266834382141,8.53384062737113
BWA,2010,6.94887658743103,6215.73216077919,3.60705996,4.99356318,3.39858556630345,8.73499967159434
BWA,2011,8.45987233408583,7287.38295334919,3.60456705,4.5739603,3.39813492372565,8.894036983298776
BWA,2012,7.53690261091916,6595.53845015424,4.09601831,4.2400465,3.40830113014861,8.794300313178857
BWA,2013,5.88460707056816,6666.91219583487,4.15482092,3.78434443,3.43325084406492,8.805062075792815
BWA,2014,4.40225309243427,7122.36423421503,3.99039125,3.71709538,3.48531153144227,8.871135397616259
BWA,2015,3.06203169580557,6141.20394726616,4.13518047,3.57781744,3.56111112876162,8.722938905800534
BWA,2016,2.81495791361943,6749.05994339013,3.83726597,3.30749416,3.63969445700474,8.817306664329385
BWA,2017,3.30828076768219,7104.96401088027,5.01613283,2.99324226,3.71468452368085,8.868689711957996
BWA,2018,3.23801558947715,7407.95940141786,4.14253378,5.10579157,3.78395670382982,8.910445276771176
BWA,2019,2.7728644286332,7172.08956480028,4.37294102,4.49591017,3.84555352446718,8.878091742427998
BWA,2020,1.8903591682421,6323.2974967659,4.48994827,4.9515481,3.89045407158014,8.75215423972225
BWA,2021,7.24097765588442,7807.88794570471,4.82830048,4.265481,3.86903194145347,8.963017844181403
BWA,2022,11.665567478802,8328.7090572666,4.30745316,4.39190388,3.88015204774475,9.027583807452075
BWA,2023,5.06761549343829,7826.35376483298,4.72067308,4.25866175,3.96966911931465,8.965379770794552
BWA,2024,2.81835131676251,7695.75319445165,,,4.03589409389962,8.948553855858682
CAF,2000,3.20340091563112,239.154133726071,1.7200942,48.27813721,2.31739754863579,5.481280941063131
CAF,2001,3.83486060237361,237.951702544735,1.51679921,54.10288239,2.27643311484386,5.476261450107531
CAF,2002,2.33181703516234,248.639290978403,1.434237,49.59783554,2.24145688644316,5.520017039885567
CAF,2003,4.13470905150995,278.403992150941,1.54274023,49.06583023,2.21505228016181,5.6326587350205015
CAF,2004,-2.06640601136302,303.461321152782,1.4743973,53.13077927,2.19158868028389,5.718544054952909
CAF,2005,2.88352073359021,311.950023138687,1.03554976,51.71973801,2.17168606540205,5.746043507308037
CAF,2006,6.69526465773354,333.942519903031,1.22708309,51.5475769,2.1532678222369,5.813958934724114
CAF,2007,0.959917619457109,380.887048839475,1.27105796,49.70782471,2.14019519937223,5.945124881217245
CAF,2008,9.25895099417076,437.24827472489,0.84676838,57.97245407,2.13386383170722,6.082785587056321
CAF,2009,3.52126227238642,456.471673898404,0.73201287,47.84398651,1.99633631493958,6.125714967822598
CAF,2010,1.49102370047802,476.873786950728,0.57671779,59.52026749,1.85814786593933,6.1693466535895585
CAF,2011,1.1944757244985,534.057281471636,0.41518956,58.58395386,1.86645342196088,6.282373809335901
CAF,2012,5.47829594346117,544.395849142785,0.62262207,58.08099365,1.88120493236819,6.301511859716566
CAF,2013,6.98879341970198,364.36696260838,0.98418158,45.23834229,1.89541271479373,5.90090222553877
CAF,2014,14.8986841797549,409.8504859647,0.71106249,46.46343231,1.90700906864579,6.01822936720405
CAF,2015,1.40297017136816,366.322853938121,0.45585203,48.77671814,1.95385046250308,5.906241172338684
CAF,2016,4.94543276106518,387.176203444318,0.59953427,55.20955658,2.03200758815304,5.961459369124727
CAF,2017,4.18072331871266,432.324025684263,0.72881997,56.41589355,2.09752330781376,6.071485775360675
CAF,2018,1.61215686991555,455.243962859534,0.68853283,41.67272949,2.16203967608299,6.123027672720464
CAF,2019,2.68537355266786,449.228467602439,0.81889474,60.55824661,2.18855387385715,6.109755159708588
CAF,2020,1.71015659523152,462.879071294011,1.22141719,49.67552185,2.20062015722865,6.139623896047202
CAF,2021,4.25936417542868,492.263142830507,1.26395118,49.57488251,2.22176796228556,6.2010427899213
CAF,2022,5.58316735183246,467.359825026238,1.49499202,47.64565659,2.14369661121692,6.14923685739227
CAF,2023,2.97913852618936,495.978897288721,1.53037214,45.02304077,2.09527735556521,6.20854756501151
CAF,2024,1.47733600718743,516.160999996036,,,2.15107257700903,6.248354238014377
CAN,2000,2.71943995691976,24271.0020563821,6.00886488,16.60520935,12.5363093892577,10.09707878631071
CAN,2001,2.52512013979905,23822.096210932,6.27896452,15.92599487,12.6230053671836,10.078410818128477
CAN,2002,2.25839440940855,24256.0192337185,6.41558075,15.9083395,12.7070290689936,10.096461307419055
CAN,2003,2.75856321360112,28301.8645937428,6.5905304,15.2514801,12.8045900297652,10.250718300902427
CAN,2004,1.85725871857256,32145.5412620217,6.62396574,15.28786945,12.9167916368003,10.378060142603887
CAN,2005,2.21355203439767,36383.6600068095,6.59897947,15.36829376,13.0466474392723,10.50190253641458
CAN,2006,2.00202539534161,40504.0370977806,6.48794031,15.88811302,13.2121185240005,10.609181618145684
CAN,2007,2.13838399266837,44660.0838892281,6.57450104,15.61163616,13.4074353506841,10.706857794898749
CAN,2008,2.37027067444298,46710.2526864484,6.70112658,15.50515175,13.6209286442365,10.751740371514805
CAN,2009,0.299466803009299,40874.8831932903,7.52285767,15.17220497,13.8518496981519,10.618295515141421
CAN,2010,1.77687154092627,47560.6666009406,7.48326397,15.61454868,14.1094023482861,10.76978239226268
CAN,2011,2.91213508872351,52223.8588398531,7.31292295,15.16354275,14.4296808152056,10.863313883498243
CAN,2012,1.51567823124516,52670.3447335415,7.43784714,14.99191856,14.8206990584527,10.871826843450958
CAN,2013,0.938291897815316,52638.1187235237,7.40494967,14.56241226,15.2286887935879,10.871214824284658
CAN,2014,1.90663590717861,50960.8431174661,7.27883959,14.71277905,15.6232441846315,10.83883245751716
CAN,2015,1.12524136094277,43594.1941045394,7.63076639,14.70200253,16.0101997556659,10.682702196301582
CAN,2016,1.42875954701085,42314.0615817218,7.72722769,15.60679913,16.3881021891164,10.652898367419745
CAN,2017,1.59688412852976,45129.628116623,7.60926294,15.82835293,16.7582136912329,10.717316410663988
CAN,2018,2.26822567248103,46539.1761570405,7.604599,15.56946564,17.1296813071885,10.748071221916598
CAN,2019,1.94926902411592,46352.8693445211,7.68264532,15.42836094,17.5318595224519,10.744060048513347
CAN,2020,0.716999632307827,43537.839298904,9.61535835,13.6503973,17.9854084818723,10.681408676162736
CAN,2021,3.39519318527527,52886.6616372703,9.00172424,14.22434807,18.4822592321013,10.875925351270787
CAN,2022,6.80280115341612,56256.8007264015,7.86726427,14.96067905,18.9407471303288,10.937699990032014
CAN,2023,3.87900159788425,54220.3285039875,7.86552382,15.20306873,19.3581192161771,10.900829624854799
CAN,2024,2.38158383281173,54340.3477224733,7.93846798,15.27733707,19.7995907648324,10.90304068433773
CHE,2000,1.55852919679008,38865.021939688,2.60934997,31.04061699,15.3331918616722,10.56787567592014
CHE,2001,0.989020329832545,39638.7911061864,2.8348732,30.11981773,15.4538977654197,10.58758871865674
CHE,2002,0.642711506543277,42458.7384679187,3.09866619,29.04967117,15.5366057258167,10.656311575745077
CHE,2003,0.638272930887189,49335.7456291067,3.18358994,28.62252808,15.6013399974119,10.806424429843704
CHE,2004,0.802908730955226,54659.4571488233,3.15826011,28.75733566,15.7115512057544,10.9088958229455
CHE,2005,1.17195420333702,56242.8933645639,3.12288141,27.14404869,15.8531022603741,10.937452751765589
CHE,2006,1.05950928324804,59011.0324592016,2.9323988,27.3494606,16.0353086424045,10.985496642081392
CHE,2007,0.732350603122236,64989.1553256031,2.89200497,27.33333206,16.2382853828057,11.081991080877893
CHE,2008,2.42604117060157,74175.1927898555,3.01256084,26.49785995,16.4219925126882,11.214198525782752
CHE,2009,-0.480481936423304,71568.3123885672,3.26037979,26.20129585,16.6258919865153,11.178421663149354
CHE,2010,0.688238707219974,76531.3729407691,3.31898856,24.06636429,16.8296381939452,11.245469105997373
CHE,2011,0.2313492076509,90476.7589651577,3.39824772,23.55637932,17.0508296205201,11.41285934219367
CHE,2012,-0.692552018105163,85836.2076767359,3.55156374,23.35357285,17.3026342972398,11.360207847380519
CHE,2013,-0.217323155115672,87304.3305813557,3.54965854,22.77101326,17.5205488628266,11.377166800460206
CHE,2014,-0.0132025387515945,88724.9909402638,3.59058547,22.61392593,17.7142281195699,11.393308146122532
CHE,2015,-1.14390867228178,83806.4476003837,3.6722703,22.04629517,17.8893566752222,11.33627715603409
CHE,2016,-0.434618664285814,82153.0745447889,3.763062,21.27206993,18.0385893516831,11.316351721076442
CHE,2017,0.533787839825876,82254.3769269767,3.8158226,21.55899429,18.2004755827912,11.31758403946326
CHE,2018,0.936335464113572,85217.3691512274,3.75385094,21.94914818,18.3875840156537,11.352972289945507
CHE,2019,0.362886179940674,84121.9310304414,3.82881737,21.8964119,18.582145616847,11.34003447265281
CHE,2020,-0.725874933313402,85897.7843338323,4.2842145,20.72429276,18.75153888659,11.360924955763151
CHE,2021,0.581814168489855,93664.7736696111,4.26561546,21.35904694,18.9280297681521,11.447488125825933
CHE,2022,2.83502798644451,94394.5106803525,4.04552841,21.74333382,19.2186649457438,11.455248794650554
CHE,2023,2.13540088016386,100623.549627296,3.8676703,22.02737427,19.6113808360035,11.519151538957269
CHE,2024,1.06234041976594,103998.186685604,,,20.0190518226838,11.5521383577622
CHL,2000,3.84327295706565,5052.99245766325,2.50570464,42.81496429,8.17687271404416,8.527933795597056
CHL,2001,3.56910053001466,4563.5952986689,2.58087945,42.61517334,8.36361979766574,8.426085136014574
CHL,2002,2.48939816650705,4430.84741157984,2.7061429,42.48400497,8.55085048797839,8.396571799039272
CHL,2003,2.8101787574361,4773.40177520754,2.77314019,42.76384735,8.73221341373063,8.471023962387251
CHL,2004,1.05473871403516,6120.59152055344,2.72724271,41.84412003,8.91060636560533,8.719577394076627
CHL,2005,3.05257621387849,7480.32330998636,2.605937,42.47086716,9.08977750782895,8.920164968421027
CHL,2006,3.39201733699405,9318.65655296121,2.51085305,40.74998093,9.26621223100861,9.139881056459997
CHL,2007,4.40779938398044,10346.4138184533,2.62537217,39.18727112,9.4414083895645,9.244491894856944
CHL,2008,8.71626873039607,10683.2188772511,2.93340087,37.43042755,9.61801564322036,9.276523060471813
CHL,2009,0.353045178360936,10098.8017167286,3.39756632,34.58893585,9.80308006643609,9.220271070629572
CHL,2010,1.4107110795432,12632.8704724192,3.21233106,34.46762848,9.99766376136516,9.444136619104302
CHL,2011,3.34121694259302,14487.3927832032,3.2064569,34.49925995,10.203500031452,9.581103110129161
CHL,2012,3.00744840213047,15241.9069981119,3.36484623,33.40764236,10.4269940743025,9.631869558958174
CHL,2013,1.7895555398459,15683.5486369155,3.56203961,33.63830948,10.6787544856729,9.660431343475974
CHL,2014,4.71867527854671,14529.6767206336,3.74321032,34.26873016,10.9545770184439,9.584017329508258
CHL,2015,4.34877353217044,13433.9202987032,4.01006603,34.50925446,11.2496571917453,9.505612588669003
CHL,2016,3.78619355893118,13649.8520452803,4.24912882,34.75082779,11.5448975094543,9.521557219564658
CHL,2017,2.18271846868519,14879.9086227187,4.58157396,33.30509567,11.8130834222508,9.607834369877544
CHL,2018,2.43488981353057,15659.4808675628,4.68868828,32.69705963,12.0636582777361,9.658895675814271
CHL,2019,2.55754475703326,14495.716721687,4.77255917,32.34170532,12.3260602912509,9.581677469781743
CHL,2020,3.04549084804326,13114.815470545,5.48000908,29.04245186,12.6268157391316,9.481574068831183
CHL,2021,4.52456838259143,16206.8325493421,5.21842861,32.63452148,12.9564336220791,9.693249895076637
CHL,2022,11.6438667110559,15405.6165774073,5.09029913,35.5993309,13.300080015705,9.642552344013088
CHL,2023,7.58168251407962,17067.0364799154,5.25075579,34.59329987,13.6933190598527,9.74496278163367
CHL,2024,4.29763891572524,16709.8893972307,5.10949755,39.14786911,14.1350862568788,9.723815845620694
CHN,2000,0.347811226864586,969.199513696287,0.97868848,60.12533951,7.01747574076251,6.877501734570306
CHN,2001,0.719125609120113,1065.40597574519,0.96197265,64.19143677,7.21351682273765,6.9720493725108295
CHN,2002,-0.731970902350243,1163.55957673426,1.09706461,62.85082245,7.40162875834336,7.060098248800837
CHN,2003,1.12760348729637,1306.97245408557,1.23556411,60.71776581,7.57962663220469,7.176233472227781
CHN,2004,3.82463743108159,1530.92726215723,1.27916729,58.76867676,7.73725110121901,7.334281870163732
CHN,2005,1.7764140766757,1777.64496828464,1.34709895,57.68999481,7.88962840533466,7.4836070996126685
CHN,2006,1.64943099455859,2129.25696999613,1.36572993,55.99118423,8.05386346846253,7.663997894617338
CHN,2007,4.81676767378834,2734.72709877693,1.41172099,51.29121017,8.21258625792709,7.914152529168542
CHN,2008,5.92525137041091,3523.44302065213,1.70800281,47.3682518,8.35535290441098,8.167477694436101
CHN,2009,-0.728165250932898,3898.24459158811,2.1124301,43.45621872,8.49817888668038,8.268538118891955
CHN,2010,3.17532475269199,4629.24551710077,2.15837073,40.8000145,8.66147143784386,8.440365173125944
CHN,2011,5.55389892257493,5703.76027973346,2.29242587,40.26554108,8.85916872860311,8.649056242085287
CHN,2012,2.6195243264554,6405.0574241349,2.50277305,39.23458862,9.08920186808881,8.764999294246143
CHN,2013,2.62105001748114,7147.03518622344,2.64646387,38.15951538,9.3562686156071,8.874592798794264
CHN,2014,1.9216416278852,7781.06597484974,2.74482822,36.56483078,9.6661987378912,8.959577131386967
CHN,2015,1.43702380935654,8175.33285077393,2.92099118,35.0892868,10.053420914992,9.008999022325924
CHN,2016,2.00000182191943,8254.86859320357,2.83731437,35.90618515,10.4907994645602,9.01867957107379
CHN,2017,1.59313600071435,8979.67652709856,2.81638408,36.05041122,10.9809606634325,9.10283049555193
CHN,2018,2.07479039965576,10085.6638148819,2.85993624,35.75046921,11.5162092042497,9.218969415946031
CHN,2019,2.89923416358226,10342.9009524335,2.94739079,35.23001862,12.0613659717192,9.244152345041725
CHN,2020,2.41942189457782,10627.4637989619,3.01223373,34.791008,12.6452376078587,9.27129094527284
CHN,2021,0.981015135544881,12887.4357242941,2.8417747,34.39476395,13.2057410345267,9.464085732812169
CHN,2022,1.9735755573905,12970.6056414327,3.39281297,31.6276741,13.781930345649,9.470518066212144
CHN,2023,0.23483682889305,12951.1782397043,3.39381886,32.17354584,14.3160774690688,9.469019256821174
CHN,2024,0.218128938439177,13303.1481543868,,,14.665268836569,9.49583115688914
CIV,2000,2.53077516737996,936.636541348798,0.58689862,75.2956543,2.42956891811539,6.843362391344877
CIV,2001,4.36152914007256,924.727294962066,0.50978333,77.22060394,2.40299021179099,6.830579693392025
CIV,2002,3.07726485157427,967.815864415991,0.54329485,75.83152771,2.376132026061,6.876074567430976
CIV,2003,3.29680746974208,1111.17135087887,0.5154925,76.0766449,2.34764588632312,7.014069555456465
CIV,2004,1.45798835600741,1199.82524528546,0.5599317,77.01480103,2.31684352342834,7.090764303820325
CIV,2005,3.88583039886481,1197.74616979415,0.52909023,76.73565674,2.28438832431441,7.0890314310260365
CIV,2006,2.46719148596914,1230.43056838584,0.5577988,75.94538879,2.25031856539037,7.115931836260145
CIV,2007,1.89200629349597,1367.53817722326,0.67966127,68.75501251,2.21559741781459,7.221498425222241
CIV,2008,6.30852769152578,1583.97066701372,0.67955697,65.54959869,2.21727841049628,7.368321179524182
CIV,2009,1.01950457731137,1540.45393569596,0.83744568,57.42655182,2.25772054696305,7.340481364100569
CIV,2010,1.22645612135479,1553.54887048143,0.83997321,56.47934341,2.30599881105819,7.348940667075682
CIV,2011,4.9124339505245,1596.62826565998,0.57983553,59.20729446,2.36425250988279,7.376275474521446
CIV,2012,1.30451119915606,1546.9460184731,0.74607307,52.79811478,2.4356590113179,7.344684181754235
CIV,2013,2.58117037252935,1786.15862031324,0.7278282,56.15932083,2.52520747322798,7.488382274685904
CIV,2014,0.448682076766141,1991.36539423404,0.77760309,51.14342117,2.55425407887274,7.597077852163546
CIV,2015,1.25149954781467,1814.71855088017,0.80445331,42.58926392,2.5199471963117,7.504236564154632
CIV,2016,0.723178457513308,1862.59597081287,0.85302079,40.01249313,2.49670206949143,7.530263217895268
CIV,2017,0.685881065304603,1964.29930338343,0.93267012,39.21524048,2.48395717689405,7.583399829947744
CIV,2018,0.401297817263547,2130.86619381144,0.89862597,39.2853241,2.48160762899374,7.664753022439753
CIV,2019,0.79085551205366,2141.76836170115,0.96328849,37.26046371,2.48842186373225,7.6698538989646075
CIV,2020,2.41252617189052,2179.72934832935,1.33183074,31.99206734,2.49608258726879,7.687414663283093
CIV,2021,4.15919657911797,2455.98127641148,1.59011114,28.36708641,2.50752060498244,7.8066887519839945
CIV,2022,5.23352856100842,2333.37128301259,1.49067545,32.54924393,2.53282102103497,7.755497876036151
CIV,2023,4.36972254867474,2591.9659048119,1.40123832,31.99314499,2.56824227080234,7.8605576365173535
CIV,2024,3.45053028131018,2727.8935220697,,,2.60896849556103,7.911651502750263
CMR,2000,1.22719012976132,708.565731625965,0.64510846,78.47399902,3.32752148162185,6.564653137306651
CMR,2001,4.41977245881145,715.470296470585,0.7802825,75.10469818,3.2979673621405,6.574336789982626
CMR,2002,2.83442260128066,789.623811072554,0.89175522,70.18141174,3.26921624727692,6.672822268133005
CMR,2003,0.623163557374316,988.241276791846,0.8576715,71.51586914,3.23956055380023,6.896938262224983
CMR,2004,0.233647380067583,1133.39326749673,0.70553547,73.89202118,3.20704615081285,7.033853220901939
CMR,2005,2.01353950175986,1142.62466252106,0.65208685,74.33882904,3.17184115768726,7.041958025903851
CMR,2006,5.11757816019469,1191.45458990968,0.64810383,74.35810852,3.13651424541078,7.083769142297134
CMR,2007,0.921402245650095,1325.67248215933,0.56892991,75.56835175,3.10213698738209,7.190429193137949
CMR,2008,5.33780627627498,1492.14269801453,0.55071974,74.24559021,3.06889612401039,7.308638371012443
CMR,2009,3.04361847939999,1461.38999232337,0.44800821,76.76542664,3.03722300336976,7.287827357352735
CMR,2010,1.27538046242338,1398.58702025047,0.4063552,76.0213623,3.00754786972954,7.243932486551181
CMR,2011,2.93969946305091,1513.96056994878,0.5729565,69.64955139,2.97918623057429,7.323144691168327
CMR,2012,2.73529677529539,1449.09874362279,0.64008772,66.84483337,2.9492089897854,7.279386932146185
CMR,2013,2.0503471800174,1575.92882118897,0.4803811,69.71942139,2.91454789879404,7.363234450363529
CMR,2014,1.85489850366776,1649.4433905949,0.58977377,68.98474121,2.87719437261096,7.408799252368118
CMR,2015,2.67623531419899,1415.00009710569,0.36383638,73.83300781,2.84572861421998,7.255591342831128
CMR,2016,0.874190383288856,1441.7201725688,0.36593068,73.38752747,2.82198107998873,7.274285619365097
CMR,2017,0.64040914988195,1496.08951771242,0.14120807,78.46200562,2.80367063138058,7.3112781807028835
CMR,2018,1.0688581131292,1610.69641591017,0.35133773,72.26169586,2.79116064603211,7.3850425777315545
CMR,2019,2.45280214062732,1555.22660476477,0.40687224,72.18878174,2.78429920377855,7.350019327017141
CMR,2020,2.43760882182236,1555.60370660749,0.60675448,71.87678528,2.77685236613429,7.350261615742734
CMR,2021,2.27185762503637,1672.32657340872,0.48882192,70.64050293,2.76610261605669,7.42256888421392
CMR,2022,6.24767713343861,1604.87726954895,0.66833162,67.75390625,2.76317198222408,7.381425471629486
CMR,2023,7.38281384280983,1720.47510154506,0.66923392,67.65119171,2.77483940805466,7.450936819441374
CMR,2024,4.53331349711606,1830.00833684727,,,2.79479868376124,7.512622097830322
COD,2000,513.906843747535,377.925421481395,0.06221032,54.02555847,2.9571711724895,5.937339408625329
COD,2001,359.936614264585,142.678142604412,0.10641284,72.38018799,2.97078341275829,4.967575677162508
COD,2002,31.5225826025495,162.38052907429,0.10429236,71.28810883,2.98575412040863,5.0960820142135965
COD,2003,12.8739657187404,161.491553524396,0.22955258,68.03038788,3.00263532362131,5.090626022107464
COD,2004,3.9943840081597,180.664764963633,0.2026829,72.11377716,3.0199345970571,5.20216303785025
COD,2005,21.316816722934,214.539740473519,0.20690806,69.36360931,3.03606295827115,5.373145303092239
COD,2006,13.0526949745101,255.445229568751,0.21125633,68.51200867,3.05145559356675,5.54691511186367
COD,2007,16.9451006541949,294.101615124419,0.21943448,63.855793,3.06698935006496,5.687319755076644
COD,2008,17.3013845700156,352.900363371995,0.25156215,49.68735886,3.08287008100173,5.869015414115499
COD,2009,2.79999999999981,280.178991035792,0.30943882,45.41014099,3.09858103448826,5.638991445323935
COD,2010,7.10000000000037,352.400398754692,0.38362399,37.0503006,3.11379145067778,5.867601688223081
COD,2011,15.316515913949,372.514273875789,0.34667644,38.82409668,3.12755191700063,5.922956220377549
COD,2012,9.72182806273364,409.931424783784,0.51978379,40.27502823,3.138285403807,6.018426350900787
COD,2013,0.80822310148711,460.370334930107,0.46684277,39.43297195,3.14170208114209,6.134201050066547
COD,2014,1.24303889760802,489.175952097319,0.51571059,38.71640778,3.13660116248764,6.194764412561652
COD,2015,0.74419899478147,495.826633014883,0.62508768,37.42670822,3.12697957146724,6.208241138310537
COD,2016,2.88585107289988,459.765036590388,0.53029794,37.29187775,3.11530869916254,6.132888231048106
COD,2017,,431.052559128788,0.39801776,40.12471771,3.10422429772435,6.068547245493539
COD,2018,,518.169626875371,0.48873118,41.61063766,3.09687504482002,6.252230663823864
COD,2019,,504.00419142286,0.55490303,38.49700546,3.09329491821841,6.224566729088163
COD,2020,,486.425572682256,0.63877279,39.71793747,3.08607621806597,6.189137607361421
COD,2021,,595.743074403567,0.64831114,39.12869644,3.07362816575775,6.391486659627619
COD,2022,,687.738587554685,0.72449565,37.07655334,3.06604683841811,6.534861790536283
COD,2023,,660.21205238997,0.68990564,38.00354767,3.06835640281401,6.494074593835746
COD,2024,,649.383338556725,,,3.07557777105384,6.477561940680267
COG,2000,-0.88199151702543,1024.30159109181,0.51469523,52.69972229,3.12687072870937,6.93274208350534
COG,2001,0.0559899218140582,854.598314408095,0.96511757,45.78503036,3.09159176938385,6.751801007136295
COG,2002,4.37875971780872,905.538135544704,0.43198308,61.4227066,3.0735468155757,6.809633098305842
COG,2003,-0.631844987363156,1016.82363412143,0.50115985,61.43461609,3.0547899188929,6.925421934676478
COG,2004,2.42976607961799,1306.10136324599,0.43517572,55.60840607,3.02342917818662,7.175567264745587
COG,2005,3.09449011456181,1799.05158366154,0.43213499,51.97861099,2.98408475505716,7.495570601063379
COG,2006,6.53784395299603,2103.5821381211,0.55492193,48.68207169,2.94124238516145,7.651872217204793
COG,2007,2.65464645060702,2206.47101863414,0.58651859,49.15676117,2.89708649568012,7.699602803800378
COG,2008,4.95875092023151,2832.09177777643,1.09928632,37.850811,2.85075972084718,7.9491238952734555
COG,2009,4.41500374795223,2271.15219175966,0.61770952,50.37175751,2.79991516434922,7.728482763407302
COG,2010,0.391525011227612,2946.55798067708,0.8283878,42.15446472,2.75270096744048,7.988732303355314
COG,2011,1.75958704273803,3396.16505817952,0.65133953,41.09134674,2.71648584600727,8.130696556376543
COG,2012,5.01018773134471,3732.32737320389,0.81893653,29.73799133,2.69249754770117,8.225055172150558
COG,2013,4.63161619729461,3697.41705884249,0.93664998,30.65258598,2.67643299014494,8.21566018515594
COG,2014,0.912139545450097,3601.2365808718,0.94694966,31.18631554,2.66463419535841,8.189310203998748
COG,2015,3.16909796750829,2439.35189403696,1.11883152,32.46011734,2.6610957884824,7.799897526756313
COG,2016,3.19056179723773,2093.10728558843,1.11958003,44.25678253,2.66785140399224,7.6468826248785
COG,2017,0.450063823285546,2211.63309874797,0.90735477,45.59011841,2.68201653855692,7.701938532698889
COG,2018,1.15277896375523,2694.43413191427,0.62025368,50.25749588,2.70147386942977,7.899314558278654
COG,2019,2.20607305781525,2488.42466724916,1.02925241,42.17203903,2.72775052651388,7.819806905431241
COG,2020,1.79537147083107,1993.586671931,1.73444974,25.19023323,2.75917400433755,7.598192125869337
COG,2021,1.7156427545126,2516.16255145432,1.72020531,23.57754707,2.79756246538846,7.830887574478043
COG,2022,3.04344334698477,2620.83804267402,0.80518568,26.92918968,2.84985975386671,7.87163089379423
COG,2023,4.30174563591016,2477.97845544866,1.12095106,27.97068977,2.91461025071629,7.815601841173972
COG,2024,3.09143630919166,2482.2489948456,,,2.98559394254915,7.817323060321639
COL,2000,9.22534818585365,2555.00751039968,4.20017815,13.69103241,4.55122154977289,7.8462017538341415
COL,2001,7.96556090304834,2472.99084035833,4.4598279,13.39813709,4.62560466843221,7.813587850584355
COL,2002,6.35150728778872,2428.92969771584,4.36780405,11.48958969,4.70310489754661,7.795617604934949
COL,2003,7.1297886294186,2311.94218760291,4.46871901,8.60398769,4.78773471582693,7.746275667367799
COL,2004,5.90402005546502,2818.57195413044,4.26406574,13.75860023,4.88264599634623,7.944340363095549
COL,2005,5.05101962689695,3456.06610874512,4.35741234,16.407938,4.98930462992254,8.148175562893282
COL,2006,4.29342363628926,3789.85361217027,4.56696033,17.93350601,5.11901624609738,8.24034650020213
COL,2007,5.54438485815155,4769.926147194,4.58606243,19.24854279,5.27398589490617,8.470295725872928
COL,2008,6.9968849555451,5541.83629665898,4.74562693,20.85275078,5.45087739306247,8.62026161563694
COL,2009,4.20251661216481,5250.97292433518,5.26797438,18.01454926,5.64250977442269,8.566359080103835
COL,2010,2.27200227892008,6398.2958447102,5.10725737,17.0035553,5.84187164041688,8.763943239030619
COL,2011,3.4150334477625,7400.9940695669,4.98383522,15.31575584,6.05764887875535,8.90950471175244
COL,2012,3.16930188840055,8108.59838244229,4.7128706,17.85850143,6.29379201637245,9.000803624606087
COL,2013,2.01699224310383,8279.10255642981,4.90206432,17.15289879,6.54463120329054,9.021610633344846
COL,2014,2.89883787761737,8187.20824890084,5.05892658,16.27700996,6.81879691067376,9.010450379884825
COL,2015,4.98983115849529,6248.51490534512,5.32889223,15.40105057,7.10912759193297,8.740259124573456
COL,2016,7.51346024627674,5959.84250367574,5.29663372,15.61221027,7.38857678707939,8.692967109746196
COL,2017,4.3143132569501,6479.53231292429,5.4549818,15.36301041,7.65248494953718,8.776557933028654
COL,2018,3.24056932930569,6816.96818309544,5.38843489,15.04849339,7.91335297679074,8.827316786083182
COL,2019,3.52301932741446,6472.54544924705,5.47731161,14.750144,8.19032265077422,8.775479220289233
COL,2020,2.52663500084706,5339.68711357943,6.18919849,14.51514149,8.46412544262915,8.583109596631536
COL,2021,3.49505757399448,6222.62164397614,6.64501476,13.69349289,8.71354982025291,8.736107274160858
COL,2022,10.1772313546166,6680.44506854481,5.34694386,14.37380219,9.00655628107831,8.807089570761713
COL,2023,11.7359044948689,7000.83660501046,5.73787117,14.63377953,9.37542803553496,8.85392776576825
COL,2024,6.60908593728228,7919.20886825345,5.68002081,14.73741817,9.77843560750778,8.977172856714953
COM,2000,,633.309032776244,0.89172548,79.71823883,4.18342801767275,6.452536269081171
COM,2001,5.55459394816812,681.163857619963,0.5343321,81.2722702,4.11562077409451,6.525269889425373
COM,2002,3.53304214308077,764.61349832543,0.95670593,76.19342041,4.03105255012538,6.640677471024895
COM,2003,3.799081366719,959.691049354812,0.85293937,73.11751556,3.99106700187347,6.86765286857705
COM,2004,4.47499289078106,1072.28409029621,0.79133189,73.01578522,4.01521256957073,6.978478470211873
COM,2005,3.0133239505812,1105.78796866788,0.69428998,76.20133972,4.06967032633289,7.0092173774777216
COM,2006,3.37436360121204,1138.47908404345,0.6453765,79.49471283,4.13838376990275,7.038326493136364
COM,2007,4.46616710098131,1289.73631056361,0.56597984,81.81255341,4.19790688193812,7.162968117903485
COM,2008,1.7007817628453,1455.02768595586,0.43337327,83.37431335,4.22973207035676,7.283467243655421
COM,2009,4.36234829325719,1410.30516959473,0.37907231,84.12468719,4.22822738619591,7.252270207415258
COM,2010,3.35475770328919,1386.5742428453,0.37668347,80.46083832,4.20540410117953,7.235312352546042
COM,2011,1.8426630075619,1531.43789372951,0.9567222,64.04379272,4.17726957021567,7.334615140874649
COM,2012,6.31474450315177,1490.31511351281,0.79534382,67.96592712,4.15577670860783,7.30741363617243
COM,2013,-4.29487331536756,1603.32797107303,0.65978307,68.00801849,4.16371908631593,7.380460238268951
COM,2014,7.54755379096711,1615.71723662012,0.55491424,65.51406097,4.21207233987231,7.3881529751577775
COM,2015,-0.117173884190069,1329.37048235986,0.46612623,74.98792267,4.28516187273113,7.193212740590986
COM,2016,0.797517430888487,1365.48403444497,0.57399994,71.2664566,4.36446144948169,7.219996321761611
COM,2017,-0.237362224154613,1423.9248027797,0.67584765,63.84443665,4.41209801637307,7.2618743213312085
COM,2018,2.15155084413033,1527.40527125285,0.76553828,67.24486542,4.43234101012196,7.33198016443676
COM,2019,3.58213544469211,1510.23218151592,0.83244753,61.82796478,4.45791771445426,7.320680611299308
COM,2020,0.786641929499151,1519.34665556206,1.29287672,61.9016304,4.46773008245825,7.326693650707716
COM,2021,-0.00441793682346988,1554.97289190153,0.94517165,55.55260468,4.45565096443363,7.349856282929464
COM,2022,12.5320314570998,1465.479642862,0.8734315,43.50362396,4.45529065390536,7.290620006876902
COM,2023,8.37373955490995,1560.27378476855,0.84639359,56.56671524,4.47290468927676,7.353257295763168
COM,2024,5.05192609588218,1662.75663312504,,,4.47216106564754,7.416833356553389
CPV,2000,-2.47745668519835,1189.51479345891,2.75231051,25.25918961,4.84880905766929,7.082141092106672
CPV,2001,3.34996472317894,1223.33055331575,2.69890738,23.3310833,4.89264446776292,7.110149486511149
CPV,2002,1.88453410076764,1328.57874270666,2.71163344,23.52381516,4.94769251850995,7.192617436237714
CPV,2003,1.18817038620528,1717.97565369655,2.66076279,24.17235374,5.00429884469869,7.449483842220626
CPV,2004,-1.8908217230618,1929.49081468781,2.5304296,23.83398628,5.05403451825784,7.565529557696499
CPV,2005,0.41889161285517,2004.14680417563,2.30860901,24.59075356,5.08621142800014,7.603472556100501
CPV,2006,5.36907687065548,2256.99666191075,2.53359437,23.7995739,5.0940695192342,7.722233266369608
CPV,2007,4.41099704193488,3324.57675212498,2.73044729,22.91623306,5.07830173754181,8.10939839733334
CPV,2008,6.77443546371142,3908.64885822576,2.23800421,24.44979477,5.03784743345534,8.271202842866236
CPV,2009,0.991103480568084,3659.72046361628,2.54577112,24.22216225,4.97193469803869,8.20541525500598
CPV,2010,2.07866470906423,3579.46006137809,2.58053112,28.08350372,4.90795620502389,8.183246579903031
CPV,2011,4.47388342165023,4002.01386888785,2.61180115,25.88960075,4.88565275155857,8.294802823610066
CPV,2012,2.54039644167108,3736.81517011087,2.79963088,24.56819153,4.90560693810979,8.226256540594736
CPV,2013,1.50654285701407,3960.97596791345,2.78713155,24.25014687,4.95622041095222,8.284498161594833
CPV,2014,-0.238778144990623,3985.60706548134,2.77216268,25.69905281,5.03995994733817,8.29069578859466
CPV,2015,0.131187999024544,3415.06266730931,2.89664817,27.7348938,5.15658375838101,8.136243899971252
CPV,2016,-1.40781637091705,3608.96605234906,2.76934814,28.66605759,5.30060705739585,8.191453647501287
CPV,2017,0.784415251101334,3893.09571382506,2.55316591,34.12091446,5.46527248373442,8.267216765451602
CPV,2018,1.25615185860785,4294.96510035729,3.10238695,27.06538963,5.63793422474996,8.365431512402743
CPV,2019,1.10750930553819,4380.78117331128,3.24034405,24.94114113,5.81429049375224,8.385210581279843
CPV,2020,0.6057961856899,3539.22661248299,4.64176846,24.12438393,5.98265522524212,8.171946018904661
CPV,2021,1.86215256793885,3971.44409203423,4.58503008,23.00951385,6.13617755961978,8.287136824563373
CPV,2022,7.93092928079189,4323.31362032709,4.16780281,22.06938362,6.32872911700251,8.372008706269316
CPV,2023,3.72437535861454,4794.90121917259,3.42531776,25.73987579,6.57945496194459,8.475516919432497
CPV,2024,1.0481698336865,5192.48157325878,,,6.85817820175012,8.555159574622442
CRI,2000,10.9615496593622,3812.75388284924,4.262187,31.57487297,5.56966827918255,8.246369254148812
CRI,2001,11.2556157091171,3985.12984506207,4.24420071,31.63286591,5.70296888434793,8.290576075521171
CRI,2002,9.16752048509118,4067.71851429092,4.5927887,30.69062233,5.85323275359723,8.311083367503816
CRI,2003,9.44758091616983,4173.14856415514,4.62578392,30.76501274,6.01677859767765,8.336665679757726
CRI,2004,12.3148150178852,4431.0117207843,4.37697315,32.05981445,6.18755249159093,8.396608873004919
CRI,2005,13.7982949108987,4703.00721784778,4.26226091,32.77381897,6.36375796716449,8.456170023983702
CRI,2006,11.4705968149052,5256.59640859159,4.58488178,31.0769558,6.54827050732765,8.567429244753775
CRI,2007,9.35724456417157,6137.71199925542,4.63239908,30.91247177,6.74111451464786,8.722370227027705
CRI,2008,13.4244635507283,6937.24261596055,5.06513548,29.51094818,6.93914749489055,8.844803796067978
CRI,2009,7.84270167700653,6832.69829924138,5.57623196,26.40225029,7.14634301904244,8.829621284677225
CRI,2010,5.66275708420021,8265.78820275582,5.80644417,25.38431358,7.37013390366294,9.02000134532316
CRI,2011,4.87799830970702,9276.39107511347,5.70106649,25.78322983,7.61268358311462,9.13533565210738
CRI,2012,4.49545314354605,10126.9991024177,5.503479,24.5027504,7.8715744982213,9.223059055760109
CRI,2013,5.23133614174428,10803.2401962173,5.45445585,23.22566605,8.15266148404619,9.287693946821735
CRI,2014,4.51920098516953,10911.497878334,5.44291878,24.41330528,8.45127843462687,9.297664005722547
CRI,2015,0.801982005099623,11714.7105980732,5.51982594,22.59923172,8.75896902857875,9.36868600621485
CRI,2016,-0.0174788505908217,12091.0301606154,5.36528826,22.20295334,9.07487624557029,9.40030185015818
CRI,2017,1.62590692991731,12317.0902771304,5.1788969,21.25539017,9.40002772137051,9.418824215099042
CRI,2018,2.2211146152658,12590.2493781614,5.27453423,22.4164257,9.74221925855286,9.440757357870323
CRI,2019,2.09604635327807,12884.6859951989,5.23799706,22.32456398,10.105472418687,9.46387236149845
CRI,2020,0.724911478131375,12394.0493969492,5.61917973,20.28676224,10.4850903399069,9.425052429693233
CRI,2021,1.72647755109241,12838.1185358931,5.35382223,20.51704597,10.8653726911381,9.46025192503488
CRI,2022,8.27477490232654,13625.9008491328,4.95363188,22.43504333,11.2620626162428,9.519801121663528
CRI,2023,0.525193508693455,16942.0268119375,4.61124086,24.12618256,11.7188426539051,9.737611630635607
CRI,2024,-0.412853001047069,18587.1532203482,,,12.2251559968888,9.83027973314207
CUW,2000,,15841.2612359949,,,9.13566758401275,9.670436409977578
CUW,2001,1.79282868525896,16609.8454536485,,,9.4130610496646,9.717811101591828
CUW,2002,0.391389432485324,16723.6925253468,,,9.6119971761674,9.724641500692718
CUW,2003,1.6337139144157,16695.7351137757,,,9.79775068199565,9.722968477122686
CUW,2004,1.37912138094799,16671.3403391655,,,9.99289035458105,9.721506358162243
CUW,2005,4.11711711711707,17032.3356620744,,,10.2182231533312,9.742927624240373
CUW,2006,3.11499524097949,17400.1637780186,,,10.4829349857382,9.764292366760172
CUW,2007,2.99572039942908,18005.7165850772,,,10.7893092811682,9.798500110892936
CUW,2008,6.8763239367776,19423.3352430175,,,11.1348732030367,9.87428195292659
CUW,2009,1.75331605427595,19540.2476579348,,,11.5164447296647,9.880282775039152
CUW,2010,2.77944261312586,19847.2310127979,,,11.9356319201423,9.895870164400936
CUW,2011,2.3325315256217,19426.3264002202,,,12.3765498278319,9.874435931267907
CUW,2012,3.18398746349454,19809.8223170482,,,12.7717695319784,9.893983649030375
CUW,2013,1.33232086152117,19721.292182955,,,13.130789839923,9.889504857859857
CUW,2014,1.49873969616429,19623.0300713664,,,13.5171820368788,9.884510118314159
CUW,2015,-0.476542049801404,19361.8129630226,,,13.9266679470866,9.87110964795267
CUW,2016,-0.0472079848940292,18944.0962772875,,,14.3516159313397,9.849300405376315
CUW,2017,1.58558801700344,18938.2440965187,,,14.7929573452966,9.848991455516948
CUW,2018,2.58368756641813,19119.1244887029,,,14.2532223467441,9.85849669749962
CUW,2019,2.62220783425058,19220.6865793075,,,14.1400632046554,9.863794429939064
CUW,2020,,16299.8134349902,,,14.9271962727951,9.69897028953682
CUW,2021,,17795.5826616182,,,15.3428360975531,9.78676173254629
CUW,2022,,20057.1404747175,,,15.7946418695996,9.906390359049569
CUW,2023,,21217.8110321785,,,16.2818791222422,9.962643380069387
CUW,2024,,22832.8953958667,,,16.7817275577349,10.036001351156616
CYP,2000,4.1416576470206,14388.3525390625,2.18027377,55.90191269,9.94469045808837,9.574243805058355
CYP,2001,1.97304191729914,14821.44921875,2.233531,55.2161293,10.0289692125622,9.603898149618495
CYP,2002,2.80115505180746,16093.2158203125,2.49221182,52.7716217,10.0892566025432,9.68621522060203
CYP,2003,4.13906538686858,20252.24609375,2.47707176,47.65464783,10.1426584899809,9.91607036061379
CYP,2004,2.28621706801674,23792.619140625,2.23180842,49.88217926,10.2251208522064,10.077172720378359
CYP,2005,2.56016132330233,24959.26171875,2.25430155,49.8321991,10.3365193217401,10.125040307955235
CYP,2006,2.30468732978555,26729.28125,2.34010673,48.32824707,10.4796674563598,10.193552330963131
CYP,2007,2.37265183669719,31244.87890625,2.31242609,48.79761124,10.6559207094905,10.349642771468275
CYP,2008,4.66900841902485,35397.296875,2.50267649,51.40008163,10.8584438599796,10.474418987088795
CYP,2009,0.326276652249793,32236.44921875,2.74965072,49.92380524,11.0792962859134,10.380884074965405
CYP,2010,2.43004084102254,31105.02734375,2.97370887,43.10596848,11.3182862637672,10.345156884654784
CYP,2011,3.28944939564211,32485.798828125,3.04867911,41.3747139,11.5524959823113,10.388589095896517
CYP,2012,2.38905410042316,28991.935546875,3.00121903,42.37166595,11.7783896817994,10.27480747746097
CYP,2013,-0.399357676464425,27764.73046875,3.15601254,42.59913254,12.0174508719101,10.231557822306762
CYP,2014,-1.35498885446314,26993.103515625,2.94708562,45.11090088,12.2610616321095,10.203373732826082
CYP,2015,-2.0969976905311,23088.44140625,2.85704303,43.62483215,12.499902624146,10.047130710035555
CYP,2016,-1.42916666666665,24280.056640625,2.79585361,44.6070137,12.7306530327678,10.097451763197887
CYP,2017,0.531766496174467,26247.44921875,2.74640369,44.75834656,12.9503446411893,10.175362188893681
CYP,2018,1.43549119531759,29120.375,2.85127211,44.3609581,13.1664879646662,10.279227719602462
CYP,2019,0.250370996758493,29227.173828125,3.79063916,33.72646713,13.3825533556934,10.282888380208497
CYP,2020,-0.638422797978958,28130.341796875,6.21329498,21.36680603,13.6112758903357,10.24463960019966
CYP,2021,2.44608867175474,32937.83984375,6.97802401,16.23107147,13.8514250837978,10.402407782824497
CYP,2022,8.39548297993334,33231.04296875,6.32030439,18.04491615,14.0779422699926,10.411269839108257
CYP,2023,3.54134188751663,36623.69140625,6.23445129,17.9429245,14.3232720596026,10.508477920515954
CYP,2024,1.80023018624815,38674.29296875,,,14.616184268068,10.562956250558019
CZE,2000,3.77538829151729,6062.92152842793,5.02878523,10.1975069,13.7609941540348,8.710111986675802
CZE,2001,4.66267556988257,6669.07494847497,5.10241747,10.64326668,13.8031991208702,8.805386375499458
CZE,2002,1.90298097019026,8101.26018588111,5.41353321,10.00170326,13.8299128431282,8.999898337031388
CZE,2003,0.118739205526814,9852.45677945801,5.68778181,10.36722469,13.8568269490459,9.195577614677322
CZE,2004,2.76010781671153,11782.5546676117,5.54793978,10.70501423,13.9214932549247,9.374460166153044
CZE,2005,1.85709789109228,13442.4916284309,5.39933109,11.09285259,14.0575832897421,9.50625037411864
CZE,2006,2.53399258343633,15259.0788162004,5.27117157,11.6460247,14.2526797649416,9.632995469713734
CZE,2007,2.8531243721117,18452.6532812196,5.01941013,13.63102531,14.4823049345478,9.823017639689516
CZE,2008,6.3586638015237,22774.7045076205,5.13391018,16.13297081,14.7818728369816,10.033449655024945
CZE,2009,1.01937735329229,19817.4215836554,6.02147913,15.05053902,15.1357868347276,9.894367167157514
CZE,2010,1.47272727272728,20160.4355077059,6.34771013,13.85482121,15.4590024087743,9.911526925389676
CZE,2011,1.9172191363555,22049.1080788682,6.3153348,14.21162128,15.8988256979579,10.001072782398952
CZE,2012,3.28762306610411,20014.0354015165,6.37927723,14.21601486,16.5000497271668,9.904239040174373
CZE,2013,1.4382978723404,20260.4954999375,6.29084349,14.33172131,17.0821590856387,9.91647759047517
CZE,2014,0.343988589646793,20038.4163180257,6.33035374,14.45865345,17.6054939584589,9.905456428927614
CZE,2015,0.309364548494975,17931.5987670768,6.15198898,14.51374149,18.0968797652582,9.794375495699171
CZE,2016,0.683504209385702,18753.9686718096,6.18802738,14.28510857,18.5951592241056,9.83921399212321
CZE,2017,2.4505339846014,20913.197632212,6.12094069,14.13632774,19.085882000882,9.948183519870604
CZE,2018,2.14949494949492,23705.9329811299,6.24047327,14.15549374,19.5315793430182,10.07352281519378
CZE,2019,2.84787595918041,24062.7190013343,6.33127356,14.309021,19.9485877378936,10.088460549542686
CZE,2020,3.1612952849781,23472.8915454417,7.89175224,11.0761776,20.2939736426932,10.063644084450099
CZE,2021,3.83984491500146,27696.4619527544,7.91902399,12.48179531,20.5371541683077,10.229096061723133
CZE,2022,15.100165146837,28282.2236715857,7.18070936,14.28758907,20.5183106530339,10.250024104729906
CZE,2023,10.6612601372427,31761.5944102491,7.10716867,14.59681702,20.5459005583495,10.366044600004926
CZE,2024,2.43531202435314,31823.3078290564,,14.06390572,20.8453836809891,10.367985673905707
DEU,2000,1.44026838719741,23925.8559901991,7.65972042,11.80379105,16.4607313825805,10.082756788660268
DEU,2001,1.98385731334471,23878.3641471651,7.67568636,11.78136063,16.8557051631062,10.080769940148897
DEU,2002,1.42080615551526,25486.5942008748,7.83683252,12.04771709,17.2650364693375,10.14594711083958
DEU,2003,1.03422218628562,30711.1022511331,7.94904518,12.26404381,17.7182569255381,10.332412066029516
DEU,2004,1.66573696655991,34566.7359143735,7.59995461,13.49405193,18.2658061525647,10.450676037984506
DEU,2005,1.54691114751328,35084.4363546269,7.68023539,13.56490993,18.8586850514415,10.465541404679788
DEU,2006,1.57742642840563,36980.3349948954,7.53175783,13.89503765,19.4956220823608,10.51816860474639
DEU,2007,2.2983440070095,42350.9217211489,7.43098545,13.76033401,19.9911941840778,10.65376907617345
DEU,2008,2.62837981637219,46379.1647953479,7.59074497,13.46302605,20.2873147195182,10.74462716395862
DEU,2009,0.312739007368446,42471.8868625226,8.33827019,13.26327801,20.5215956309191,10.65662119515594
DEU,2010,1.1038103778926,42396.9665976293,8.23746395,13.30298233,20.5654453486144,10.654855682466964
DEU,2011,2.07517283735874,47630.9761883572,7.97318602,13.32311726,20.5214981321516,10.77125958334691
DEU,2012,2.00848884782956,44718.0159214069,8.03190994,13.48985386,20.6376494265399,10.708154102251594
DEU,2013,1.50472330251876,47206.8353514242,8.24677086,12.68544769,20.8129761139965,10.762315161004778
DEU,2014,0.906794000434245,48959.5991203133,8.33346176,12.35032654,20.9586686898656,10.798771154045841
DEU,2015,0.514426137125456,41929.7549110722,8.45390797,12.35095024,21.0533536816501,10.643774844082685
DEU,2016,0.491747008445174,42948.9381932694,8.53130817,12.18544674,21.134996177657,10.667790488372237
DEU,2017,1.50949485109628,45553.9341495339,8.63574028,12.01707077,21.2936405100178,10.72667422063125
DEU,2018,1.73216879766941,48916.1686612154,8.7105999,12.1757164,21.4497613850113,10.797883711209074
DEU,2019,1.44565976888253,47656.199739747,8.89676571,12.37548542,21.6283933065816,10.771788993990526
DEU,2020,0.144877925813981,47394.8734504469,9.87329006,11.3380394,21.8447281174981,10.76629044588595
DEU,2021,3.06666666666673,52349.2459994422,10.12237358,11.36333561,22.1345373657439,10.865711915417387
DEU,2022,6.87257438551096,50506.5179638543,10.01671791,10.43201256,22.4589063795192,10.8298774747547
DEU,2023,5.94643667725823,54776.7668235491,9.29177761,11.05290699,22.7900439454493,10.91103967571281
DEU,2024,2.2564981433876,56103.7323182554,,10.7067318,23.1955871731941,10.934975443002216
DJI,2000,,737.612183644052,1.4098289,44.38518524,3.1642465695684,6.604772997874142
DJI,2001,1.74665224985434,742.133791107063,1.25085211,48.03302002,3.18106916388029,6.6108760972920635
DJI,2002,0.637619553666319,743.013270420348,1.28561246,40.90150833,3.20278189081091,6.612058871260511
DJI,2003,1.98196734627544,764.634465224597,1.50298142,34.37653351,3.2468202955309,6.6407048563990045
DJI,2004,3.12226204699352,806.261652944964,1.43785477,38.80529785,3.30743526845562,6.693647844894944
DJI,2005,3.10496640148299,844.4483573908,1.39653015,35.31047058,3.36774444180956,6.7398670871010085
DJI,2006,3.48340699677866,898.464628136774,1.72493029,31.15603065,3.42010180376833,6.8017997287005105
DJI,2007,4.96597654553301,969.573220191902,1.73417449,30.18076515,3.47044546912476,6.877886845607479
DJI,2008,11.9586206896551,1119.15233346969,1.83015931,27.90184784,3.52764850876549,7.021219967066852
DJI,2009,1.67549587285962,1150.9375857489,1.90362072,26.62792587,3.59243335633503,7.049200660750686
DJI,2010,3.95007875923886,1213.23352553429,1.85621846,26.46213531,3.66669658689075,7.101868313527711
DJI,2011,5.0687139477798,1306.34552844977,2.14218068,24.22880554,3.74842853490695,7.175754046282642
DJI,2012,3.73120950756887,1400.19357858954,1.88866687,22.94796562,3.83735153181156,7.2450797085191825
DJI,2013,-12.563149225034,2075.94498424748,1.8059175,24.05808258,3.93298501408119,7.638653335440309
DJI,2014,1.34186494340162,2214.62084142432,1.76028001,22.65952682,4.03239197480846,7.703287932787536
DJI,2015,-0.522166521445793,2376.12554719873,1.70769882,19.0374279,4.12368557491672,7.773647283465916
DJI,2016,2.40252905434889,2510.4300076241,1.32919765,23.17863083,4.20015168847389,7.828607594047667
DJI,2017,0.57728572456066,2618.95521147369,1.1462568,26.03968811,4.26723281861097,7.870912501751653
DJI,2018,0.138836400011405,2718.08338799203,1.33991563,26.90641785,4.33377927794291,7.908050112787439
DJI,2019,3.31763203299602,2837.16902340932,1.28569102,28.16122055,4.4058145932476,7.950914413173208
DJI,2020,1.77900535643955,2844.88810647853,1.07290661,31.93699646,4.47507370914554,7.953630461811732
DJI,2021,1.18086783934059,3025.91126413549,0.76665086,27.3415451,4.54105603755815,8.015297993803625
DJI,2022,5.17222088647605,3133.25779772463,1.06819105,29.05987549,4.62735776047053,8.050147677900714
DJI,2023,1.44905087029085,3381.29779710722,1.05232239,28.84145355,4.73574810907906,8.12631057913237
DJI,2024,2.1120116728497,3552.72335079222,,,4.85081139911801,8.17575116403937
DMA,2000,0.856946805358482,4867.39896323759,3.36023808,33.02465439,9.86994789157945,8.490520407042855
DMA,2001,1.3038940346596,5527.51527300496,2.57100463,41.14457321,10.0771731490159,8.61767457257337
DMA,2002,0.170055330197681,5488.02784969357,2.43640971,41.70457077,10.1576784120994,8.610506442265123
DMA,2003,1.4533680043725,5447.44011496284,2.70172191,40.0802536,10.1997636106288,8.603084629251251
DMA,2004,2.39410982050298,5778.83306546506,2.57289863,40.67153931,10.2543372809509,8.662130079841917
DMA,2005,1.68190079877552,5695.22442394675,2.79434443,40.02454376,10.3215997788592,8.647558852587192
DMA,2006,2.20239132631669,6055.78109574854,2.69501734,39.92842484,10.4256138591557,8.708933765622646
DMA,2007,3.6322212931782,6459.03503689609,2.52050734,42.96026993,10.5675587348851,8.773390020430066
DMA,2008,6.35992183336295,6971.32633839289,2.61492229,44.35028076,10.7284979812357,8.849704212542905
DMA,2009,0.00626357107066859,7487.49010395154,2.67258692,42.2405014,10.9062790427509,8.92112246793215
DMA,2010,2.99936630549,7549.61964680375,2.95949578,38.80086899,11.1097395383286,8.929384911299652
DMA,2011,1.1312313652648,7705.40717248319,3.15106702,36.7841301,10.934275597906,8.94980736216072
DMA,2012,1.35677147808859,7528.51001990155,3.48056149,35.47105789,10.8018953231815,8.926585248278569
DMA,2013,-0.0464116468805991,7822.21797211398,3.28141499,35.36190414,10.1527648282292,8.964851254279656
DMA,2014,0.799250372687492,8131.74876096735,3.21116447,35.74480438,9.54556434996376,9.003654246378593
DMA,2015,-0.843826984638329,8282.59874702141,3.25268769,34.0546875,9.64138616673768,9.022032784237267
DMA,2016,0.141816225732312,8802.56172041363,3.33051729,32.22554016,10.5643869466214,9.082911659536865
DMA,2017,0.296252889279486,8224.64896571414,3.76958227,28.55779457,11.6509602680429,9.015012474127587
DMA,2018,0.989191119189889,9215.3085405645,4.10668468,30.91319275,11.7873985141072,9.12872986116916
DMA,2019,1.50462353858141,9491.14995962374,3.33201027,33.85964203,11.9680909834194,9.158220415958434
DMA,2020,1.22026442242476,7827.74842680426,3.79538107,29.00674629,12.18534029864,8.965557932888526
DMA,2021,2.22891330700343,8376.40414141113,4.03373861,23.99077225,12.4110889556858,9.033293377159982
DMA,2022,2.88490226829353,9323.66089490562,4.50941896,23.36527443,12.585576081345,9.140417878693214
DMA,2023,5.08677483158111,9912.96212766668,3.36183167,29.32637405,12.7438524744213,9.20169935848715
DMA,2024,2.56921890367725,10405.2787777582,,,12.9559700928933,9.250164631589248
DNK,2000,2.90328203236461,30722.0251837567,6.74005842,15.35643196,14.8179045532594,10.332767658446908
DNK,2001,2.33787000255262,30768.4775471112,7.04253101,15.11594772,14.8038992854408,10.334278488877533
DNK,2002,2.42443661219694,33257.1622586509,7.28696489,14.72838497,14.817030784647,10.412055497421541
DNK,2003,2.07507820646506,40519.0974905924,7.4598999,14.55719471,14.8698837174681,10.609553364346704
DNK,2004,1.15435693124934,46625.050098011,7.50731468,14.87114048,14.9629722691678,10.749914678901847
DNK,2005,1.81781458291254,48925.8076698784,7.59320974,14.70920753,15.0928272794378,10.798080739356449
DNK,2006,1.92422138464584,52119.1787984282,7.67629194,14.52642918,15.2481599729283,10.861307461747636
DNK,2007,1.69326586220324,58631.6566433635,7.78667593,14.56182575,15.4557349146506,10.979047100945406
DNK,2008,3.41626794258374,64616.6657583663,7.95498371,14.11779785,15.735788408074,11.076243116138096
DNK,2009,1.30470991024335,58412.7472358513,8.97689438,13.6846056,16.1019309009513,10.975306538988752
DNK,2010,2.31092436974786,58104.5445594981,8.92905712,13.7077713,16.5574489274022,10.970016369603387
DNK,2011,2.7586822605125,61809.737898222,8.72731876,13.89782429,17.0763558660448,11.031832380750997
DNK,2012,2.3979148566464,58443.7747103968,8.88669872,13.51348305,17.6035443304634,10.975837565306009
DNK,2013,0.789071780078062,61377.5940590412,8.69767475,13.34752655,18.0533476868912,11.024816422389092
DNK,2014,0.56402054044954,62520.4509747011,8.70941639,13.33925629,18.4155552098464,11.043264992434711
DNK,2015,0.452034153691574,53094.0133607574,8.74188137,13.45859432,18.7039395633233,10.879838292476625
DNK,2016,0.250000000000031,54500.9260410217,8.65580463,13.52142334,18.9425702764271,10.905991320229118
DNK,2017,1.14713216957601,57521.5514992225,8.49121284,13.69360352,19.1822684091773,10.959932349881608
DNK,2018,0.813609467455631,61324.7665045565,8.49359703,13.82407379,19.4403886413888,11.023955368103719
DNK,2019,0.75813157251162,59404.2663247723,8.52554512,13.79444408,19.7143802297606,10.99213816008699
DNK,2020,0.420711974110024,60985.4885601514,9.01822376,13.37706089,20.0008145375227,11.018407619607007
DNK,2021,1.85304543989689,69340.7334922138,9.00487709,13.30354118,20.2481262517018,11.146802218814232
DNK,2022,7.69656699889259,67781.0940939514,7.99897861,13.18761063,20.4007400764725,11.124053340138957
DNK,2023,3.30517811237605,68043.5466971243,7.95977545,13.97692299,20.6001829312424,11.127917868162019
DNK,2024,1.37220049768925,71026.4832271897,7.83290672,13.86858845,20.8660704666167,11.170822168831231
DOM,2000,7.72413566181615,2831.45883638033,1.71051323,55.32014465,4.28668866835427,7.948900460185911
DOM,2001,8.8830684881296,2935.89367312668,1.70341122,54.50362015,4.37566049314796,7.98510772799875
DOM,2002,5.22336769759446,3065.60329524196,1.67955506,53.45066452,4.47022701046685,8.028325809560494
DOM,2003,27.4497127394394,2383.26171780393,1.15990651,61.65138245,4.56478505938343,7.776644803117776
DOM,2004,51.4608598338065,2451.69161616569,1.14767253,62.25312042,4.6501979375483,7.8049413193418635
DOM,2005,4.19020260472056,3878.31206735244,1.39308929,53.8765564,4.72540805811664,8.263413114668667
DOM,2006,7.57280523853073,4055.14270347371,1.40171933,54.74832535,4.79469274901759,8.307987727954298
DOM,2007,6.14356655248047,4649.64558875814,1.68479145,46.18055725,4.85893736850466,8.444761325236609
DOM,2008,10.6446210953711,5023.58513403515,2.12220812,41.57860947,4.92057978947325,8.522098169127965
DOM,2009,1.44215131834353,4973.95186999952,2.33195949,38.9356842,4.98448985148936,8.512170975173941
DOM,2010,6.32993220146146,5478.62470398954,2.51915145,36.44626999,5.06185989557213,8.608791892923437
DOM,2011,5.79676809206533,5826.51014109195,2.72904515,35.27978134,5.16228171361639,8.670345111121517
DOM,2012,3.69449707884776,6013.81965002603,2.76918435,33.39813995,5.2855290613263,8.7019816445887
DOM,2013,4.830950967408,6136.59429329301,2.78379869,32.20879364,5.4281841495826,8.722188135454088
DOM,2014,2.99864226125218,6496.45166971142,2.46697044,31.0536499,5.58025752924414,8.779165328198088
DOM,2015,0.836746346724556,6800.95309395474,2.37458324,29.99302864,5.74422925378078,8.824965069623744
DOM,2016,1.61416607245222,7160.44200982307,2.6700182,29.47797585,5.92926768832602,8.876466637696815
DOM,2017,3.27955694678546,7412.71571571512,2.60838318,28.93177795,6.13304705056594,8.911087038723444
DOM,2018,3.56443426013507,7882.98221584944,2.57885528,28.47889519,6.35280190364479,8.972588412543207
DOM,2019,1.81060377042959,8183.01623600375,2.66453695,27.33348846,6.58282666119334,9.009938291500921
DOM,2020,3.78103179915516,7135.22273255899,3.25516009,24.63149643,6.80997065850313,8.872938886295024
DOM,2021,8.24300347981809,8527.0754858205,3.36349916,23.31136513,7.02934527971945,9.051118997893246
DOM,2022,8.81109209279587,10104.2449349081,2.81554079,25.02239418,7.28713311557077,9.220809868525466
DOM,2023,4.78561281021135,10630.431743829,2.94757152,25.05566978,7.58086111388,9.271570151243576
DOM,2024,3.30223338951227,10875.6618443092,,,7.87947502690208,9.294374657551938
DZA,2000,0.339163189071768,1772.92869122761,2.31351972,25.7945137,4.3831209935771,7.48095196545937
DZA,2001,4.22598834854673,1896.30020878013,2.69560528,21.66852379,4.46481156184734,7.548187211910735
DZA,2002,1.4183019234505,1937.46411413019,2.59086323,22.52488327,4.54476873670832,7.56965124475505
DZA,2003,4.268953958395,2283.77299346126,2.55061412,21.14863777,4.62180486944893,7.734021951986673
DZA,2004,3.96180030257187,2816.99384960555,2.3477478,26.09432602,4.69347363205042,7.943780509917405
DZA,2005,1.38244656662118,3233.13339634212,2.16108608,28.09361267,4.75825199176218,8.081516287382266
DZA,2006,2.31149918514423,3660.66104745322,2.18395877,29.12135887,4.8127655099382,8.20567216154402
DZA,2007,3.67899574741699,4167.45169937531,2.52639246,28.08858109,4.85270500086927,8.335299950731915
DZA,2008,4.85859062814938,5180.91881514686,2.86780095,26.1469593,4.87580607623968,8.55293069429668
DZA,2009,5.73706036145627,4235.42990456612,3.4677248,27.44950676,4.88610807782207,8.351476189901762
DZA,2010,3.91106195534028,4912.78585503672,3.22398353,28.88244247,4.89358620427901,8.499799973587946
DZA,2011,4.5242115050527,5916.31364364343,3.40776706,27.87346649,4.90949127404348,8.685637848478796
DZA,2012,8.89145091062317,6033.64884689543,4.02772284,27.21595383,4.94225095857039,8.705272945740235
DZA,2013,3.25423910998847,5979.60138960585,3.91591859,29.27841759,5.00012215543943,8.696276408711894
DZA,2014,2.91692692067458,6094.69392314956,4.21865416,28.56359291,5.08618275402183,8.715337886648852
DZA,2015,4.78444700693889,4685.05902729002,4.33925533,30.19287682,5.19673532389649,8.45234721550783
DZA,2016,6.39769480268756,4424.98529027556,3.94321752,32.89492798,5.32589987824205,8.39524819712503
DZA,2017,5.59111590961663,4554.66753957828,3.84453487,33.93701172,5.46724232518278,8.424127349906744
DZA,2018,4.26999020467083,4577.21029180491,3.84471345,33.76395798,5.61800854886956,8.429063434757849
DZA,2019,1.95176821052891,4468.45341883656,3.27598047,37.92313004,5.77497798452489,8.405021402465891
DZA,2020,2.41513094083413,3743.5419522929,3.31185937,39.6432457,5.89408890690499,8.228054579336876
DZA,2021,7.22606307415477,4160.55926736925,2.87333918,40.50164032,6.0140413442485,8.333645106913224
DZA,2022,9.26551551551552,4960.30334332888,1.71663105,50.13016129,6.18696352392874,8.5094237560332
DZA,2023,9.32217375928322,5370.477235078,2.30922818,45.00216675,6.37685866623239,8.588858240003601
DZA,2024,4.04611455313434,5752.99076651465,,,6.58221207266603,8.657648939402984
ECU,2000,96.0963756926096,1382.23421759909,1.00422108,61.93119049,4.70853356421724,7.232179672061287
ECU,2001,37.6767454518094,1791.30359685037,1.32788515,59.58704376,4.80115373707651,7.491256997070538
ECU,2002,12.4835980082094,2059.1585535974,1.49090707,61.42541122,4.89906284383755,7.630538226587489
ECU,2003,7.92936487461555,2315.62215223014,1.74713385,61.05063629,5.00275737792559,7.747865434841432
ECU,2004,2.74323198926704,2586.20914663347,1.8013922,59.90333176,5.11185067877343,7.858335024157297
ECU,2005,2.1682770118372,2909.02606014388,1.7340647,61.82291794,5.22264923584423,7.975917315501343
ECU,2006,3.29874846258215,3243.67010359339,1.86176145,59.98601532,5.33269549556598,8.084768960978908
ECU,2007,2.27618478002121,3478.92488770671,2.17900252,53.10565567,5.44564422927211,8.154765988543257
ECU,2008,8.40009593987462,4194.75750661981,2.18953037,52.45033646,5.57029310570471,8.341829176287519
ECU,2009,5.15996829181047,4053.36331139298,2.55810642,49.70558929,5.70494466309066,8.307548941001667
ECU,2010,3.55437734567842,4520.30959039763,2.98613954,45.26017761,5.84280241790392,8.41655696325081
ECU,2011,4.4745326579584,5153.6916424375,3.15536475,44.4420433,5.97546956519271,8.547662577482019
ECU,2012,5.10172180958665,5634.08393191094,3.52782917,40.9601059,6.10744060856165,8.636767321112009
ECU,2013,2.72177577710371,6109.29031510341,3.86072373,35.9758606,6.26391164365569,8.717729565783726
ECU,2014,3.58922016616663,6405.79979300441,4.15685654,30.95761299,6.44847191551272,8.765115172985407
ECU,2015,3.96664623255357,5976.1596805651,4.49897623,33.77854156,6.63997639280165,8.695700764305622
ECU,2016,1.72826463324532,5917.63771271481,4.62448025,30.00954247,6.82568946634407,8.685861585301808
ECU,2017,0.417335588666824,6233.32244797718,4.63966084,29.96397209,7.00392693239207,8.737825183079657
ECU,2018,-0.224103246005552,6303.91886658338,4.99487257,28.78895378,7.19452567257434,8.74908538020891
ECU,2019,0.266012515466155,6205.05765246766,4.91185951,29.0748024,7.40791180679909,8.733281134760158
ECU,2020,-0.338872392562139,5463.64515348598,5.27935171,30.15482903,7.56175266539115,8.606054467758902
ECU,2021,0.133251386096389,6061.32350181711,5.314744,29.42862129,7.67036612479336,8.709848421719611
ECU,2022,3.46616972213076,6515.58528418336,4.71747446,30.66458321,7.85040162653543,8.782105788306811
ECU,2023,2.21568764237058,6737.84748379638,4.6845336,30.88848877,8.09288255232192,8.81564419281541
ECU,2024,1.54732515615369,6874.705739766,,,8.34399866229053,8.83574957032318
EGY,2000,2.68380535348546,1366.09274372613,1.73206902,62.48934937,4.02584673124432,7.220441679138132
EGY,2001,2.26975720475955,1295.1374184163,1.84800243,63.8256073,4.03136798867182,7.167143904019774
EGY,2002,2.73723855000334,1116.82884626213,1.8990773,63.76679611,4.03284732879387,7.01914355278472
EGY,2003,4.50777636319303,1031.27556291284,1.66768789,65.40507507,4.02508116906888,6.939520928724855
EGY,2004,11.2706193320519,991.255689145253,1.57912993,64.55256653,4.00520620671449,6.89998082522724
EGY,2005,4.86939696871988,1105.53920713903,1.5893116,64.58325958,3.97614068980047,7.008992592337398
EGY,2006,7.64452644526434,1298.97900203124,1.74427283,60.41719818,3.94617847267322,7.170103391035517
EGY,2007,9.31896905799229,1547.74170735909,1.56855941,60.32749176,3.92195426408812,7.345198078520036
EGY,2008,18.3168316831684,1896.21594269779,1.53611362,61.82380295,3.9077991334271,7.54814279724547
EGY,2009,11.7634954386443,2161.63964573927,1.53461063,60.43681335,3.90865837016269,7.679084812785493
EGY,2010,11.2651882653185,2455.08194645282,1.36768734,62.62810135,3.92986585816321,7.806322654529959
EGY,2011,10.0649259874818,2590.64384891965,1.47460115,60.49510574,3.9682551444452,7.860047644065191
EGY,2012,7.11172943343082,2996.0677072015,1.28014243,60.88405991,4.02277395010615,8.0053896587203
EGY,2013,9.4697198106492,3025.52563552448,1.36696446,57.93513489,4.08274880933054,8.01517058564924
EGY,2014,10.0702154687481,3133.39102265541,1.41039252,55.12137222,4.13855347578159,8.050190183051225
EGY,2015,10.370490343517,3306.98159414141,1.58139753,58.8299675,4.20129434779494,8.10409349208379
EGY,2016,13.8136062148289,3270.6287768197,1.56636381,58.99694824,4.27700484872835,8.093043236768981
EGY,2017,29.5066083940038,2395.10333299491,1.65595341,56.39825058,4.36669397966263,7.781599085598753
EGY,2018,14.4014657807421,2484.70315630508,1.35182929,62.61043167,4.47225716625305,7.818310858788752
EGY,2019,9.15279959324803,2962.98892023003,1.29722774,62.50646591,4.5935289970751,7.9942912482949655
EGY,2020,5.04493288977538,3511.11381026379,1.32617092,59.31352997,4.6911816369123,8.163973360341497
EGY,2021,5.21404940513042,3827.35415374308,1.73679698,54.90198135,4.74091190346445,8.25019026494524
EGY,2022,13.8956609775177,4233.30783744856,1.68629062,53.72835159,4.82840349955892,8.350975155109614
EGY,2023,33.8847763115546,3456.78968456253,1.57523489,57.19506836,4.96968538776552,8.14838484442906
EGY,2024,28.2705899322082,3338.47371395895,,,5.11629539338187,8.113568502884211
ESP,2000,3.43351563418766,14743.2671031455,4.85389185,24.32431793,16.547877414587,9.598609615242639
ESP,2001,3.58983413338112,15368.2337984435,4.80818558,24.85228729,16.8103108793461,9.640122984830958
ESP,2002,3.06565685902219,17111.0685058941,4.82988739,24.59955215,16.9184155055798,9.747539254137473
ESP,2003,3.03888839396655,21522.0170990262,5.37498569,23.14738274,16.8143513811509,9.976878204217527
ESP,2004,3.03924881090924,24925.0267844576,5.45236444,22.94536972,16.6200037719819,10.123667788944744
ESP,2005,3.36881409750383,26450.9530130382,5.53586149,22.62937355,16.5458746280758,10.183085272482609
ESP,2006,3.51557576832128,28421.686527407,5.63825321,22.04916763,16.5359190105435,10.254942926648875
ESP,2007,2.78679745804945,32652.015594702,5.71479321,21.9079361,16.4323340980449,10.393692491686155
ESP,2008,4.07534335957339,35603.248328071,6.12689114,21.78303528,16.4438826004183,10.480220244778435
ESP,2009,-0.28781308353524,32279.8208476151,6.81394386,20.15493011,16.624463548763,10.382228551044932
ESP,2010,1.79986457728768,30658.7422282912,6.76060534,21.3734436,16.8924601879808,10.330705744963561
ESP,2011,3.1961018883379,31824.6219134777,6.70592642,21.66048431,17.1687054838507,10.368026964899329
ESP,2012,2.44612782366808,28456.4438151477,6.57172394,23.17375565,17.4565170843771,10.256165050854902
ESP,2013,1.40858109183018,29228.846559842,6.40668583,24.2397728,17.850818523935,10.282945608684807
ESP,2014,-0.151114837527234,29707.765509467,6.34630156,24.65292358,18.2556448430349,10.299197416245914
ESP,2015,-0.500365709903242,25982.4416197775,6.45323324,23.8731041,18.5417546078088,10.165214753343863
ESP,2016,-0.202598000426452,26755.6061149398,6.35498238,21.95563507,18.7673388766097,10.194536679402995
ESP,2017,1.95607633363963,28381.3425596906,6.26789188,24.08994675,18.9928200430073,10.253522489932335
ESP,2018,1.6749813686379,30602.4212881113,6.27582741,24.14520836,19.2023408408683,10.328867088491581
ESP,2019,0.699518994458738,29786.5245689007,6.39903307,23.84757805,19.3818276285973,10.301844946212388
ESP,2020,-0.322753017299739,27233.9426461608,7.7817421,21.66228485,19.5596160856506,10.21225608392831
ESP,2021,3.09313511976419,30799.4775937775,7.5110774,21.30355072,19.8133822943511,10.335285475132922
ESP,2022,8.39057634118626,30319.4987196616,7.06012344,21.02750587,20.1879992491906,10.319579288158684
ESP,2023,3.53236133492432,33493.2225409111,6.74802351,20.85539818,20.6537075238774,10.41912824147463
ESP,2024,2.77417826534772,35326.7683069278,,,21.1454438932121,10.472424571274223
EST,2000,4.01848952508763,4070.60902410208,3.92115879,20.33896255,14.9933750752507,8.311793537928533
EST,2001,5.74827981651373,4502.66614992392,3.7286675,19.24532318,15.2882046634728,8.412647044053612
EST,2002,3.57191270164026,5343.18310760735,3.57680702,20.55887222,15.647710838133,8.583763978777561
EST,2003,1.33499116549955,7205.40703313243,3.8824501,21.09503937,16.0261881314513,8.882725775021218
EST,2004,3.04811107523416,8916.0728274602,3.92235065,22.94197273,16.3887820729212,9.09572301336184
EST,2005,4.07971423199848,10414.6381183565,3.90250659,23.02486992,16.7234688774936,9.251063620983484
EST,2006,4.43762042389213,12641.4800976473,3.69660807,23.61424637,17.0809882539691,9.44481785871104
EST,2007,6.60132603055637,16745.4308011148,3.87619781,22.9715786,17.3721726152183,9.72594042804645
EST,2008,10.3623580313682,18205.9064113446,4.50631046,21.39286995,17.4424900940412,9.809556274233962
EST,2009,-0.0784083112809768,14712.4494217916,5.22541809,21.22938728,17.4326363206181,9.596517281129046
EST,2010,2.97204512015693,14663.7041018705,4.84003878,22.81398773,17.4402915321171,9.593198804042665
EST,2011,4.9819013145361,17555.5455239426,4.48738861,22.52681351,17.571641400301,9.77318212368732
EST,2012,3.93339987296985,17568.2137969714,4.53774357,22.5406723,17.8628188378184,9.773903433280221
EST,2013,2.78056658954987,19310.3874900757,4.61415815,23.60540962,18.1984559754977,9.868450226288957
EST,2014,-0.106175146521709,20581.7898991695,4.66695023,23.5221653,18.5609288129198,9.932210563813802
EST,2015,-0.49232600654737,17722.1557669523,4.85387135,23.71892166,18.88875196261,9.782627298988604
EST,2016,0.148684907627372,18666.3736521706,4.88813353,23.73811913,19.186016024635,9.834532554555391
EST,2017,3.41723549488054,20851.5223496861,4.75225782,24.80668068,19.4674154002753,9.945230195914071
EST,2018,3.43632688420446,23618.1361254581,4.82979679,24.5131073,19.6754905294355,10.06981251522384
EST,2019,2.27725931243522,24021.2501413306,4.94378757,23.92458153,19.8965346883511,10.086735769070403
EST,2020,-0.444531097679829,23933.9939421065,5.75498247,21.42827797,20.2000948355964,10.083096848728875
EST,2021,4.65316673847472,27951.1659277744,5.68571281,22.15488243,20.4337977975588,10.23824996852445
EST,2022,19.3982634080616,28340.3826549406,5.18720722,23.14229393,20.6300461857585,10.252078300161156
EST,2023,9.15922507983982,30264.0064885057,5.66041517,22.09991646,20.9140825455897,10.317747422715511
EST,2024,3.5194118998392,31428.3547816104,,21.38176537,21.2973321004949,10.355497600837987
ETH,2000,0.662458109266481,122.269202606069,1.79949319,35.95730209,2.61417882238302,4.814370602864555
ETH,2001,-8.23784453391136,118.457204255261,2.01543713,34.55398178,2.61550731767703,4.782958183843133
ETH,2002,0.6750891021708,109.593813612988,2.08121943,37.46262741,2.61538141757251,4.705864152740716
ETH,2003,13.6740452028271,116.800491132777,2.27634907,34.4589386,2.61789081073779,4.768992440417429
ETH,2004,3.32737047894847,133.169812538096,1.32566774,34.86631393,2.62392522669668,4.899106255404535
ETH,2005,9.96997123512891,158.243458082465,1.72818744,31.3402977,2.63413121136786,5.070434214063524
ETH,2006,12.2994763114824,189.345737521418,1.12012815,38.7753334,2.6474257804712,5.2488420897299655
ETH,2007,17.2404008340897,237.146255996319,1.33306754,36.99623489,2.66222544271526,5.472885005923706
ETH,2008,44.3566858766951,316.410475118075,0.51424927,38.47733307,2.68168358177019,5.760195810440211
ETH,2009,8.48364404530282,368.574712267445,0.90700704,41.54084778,2.70906832045194,5.9123529182370165
ETH,2010,8.14926402965082,330.619412798644,0.94396317,42.29021072,2.74347612300924,5.803987964366165
ETH,2011,33.2499598823344,343.024942351887,0.3811754,46.53789139,2.78335892110325,5.8407141615817855
ETH,2012,23.600417677317,452.101031885754,1.06663179,42.16745377,2.82747062913659,6.116115129061261
ETH,2013,7.46402192944517,484.039833104062,1.09967208,42.40406799,2.86973572023481,6.184231017676458
ETH,2014,6.89001951597191,549.986577082588,0.71479559,38.47408676,2.90825770080533,6.311710447844543
ETH,2015,9.56889955968623,597.912113218663,0.96540898,36.74348068,2.93507038070835,6.395114864844244
ETH,2016,6.62813337230924,641.651523286233,0.90002954,35.43159103,2.95342136795797,6.4656026228734635
ETH,2017,10.6871150284238,696.348429076216,0.8612687,34.40161896,2.97727297368099,6.547285184097235
ETH,2018,13.8330356586661,739.702022272086,0.76642609,35.49158096,3.00590065682161,6.607598415232994
ETH,2019,15.8096321719344,793.473247210264,0.73088509,37.81941223,3.03819036170098,6.677679312924332
ETH,2020,20.3563468559061,829.790982547947,0.98278511,33.07913589,3.06904890918588,6.722378238004616
ETH,2021,26.8395221557722,893.00983544905,0.97926205,37.00746155,3.0936119750557,6.795716776733858
ETH,2022,33.8898797100898,982.103161506992,0.72080112,44.59624481,3.12441623217276,6.890714060222648
ETH,2023,30.2188278135278,1055.81091592527,0.614245,46.26859283,3.17131039041743,6.963011082380044
ETH,2024,21.037746057771,1133.88279681719,,,3.22998448410868,7.034284661867409
FIN,2000,3.04210080667795,24335.9225082659,5.37329912,21.62706375,14.9164594925449,10.099749920925008
FIN,2001,2.57844080098895,24965.202996776,5.52700138,21.2191143,15.0767515855428,10.125278309107044
FIN,2002,1.57122012789379,26989.389260959,5.86146975,20.74457169,15.2453992330805,10.203236128322239
FIN,2003,0.877440386254785,32920.0857192568,6.13868189,20.33722687,15.4567323140138,10.401868634783515
FIN,2004,0.187120559084418,37768.1334202029,6.2737546,19.85958481,15.722183075154,10.53924747184263
FIN,2005,0.62387445002519,39049.8703780223,6.44950962,19.57610703,15.9351969717591,10.57262044382923
FIN,2006,1.56666380704386,41214.0187765069,6.52460337,18.81658745,16.2327000834465,10.626558002321818
FIN,2007,2.5106656524034,48473.0240091455,6.35588789,18.99827766,16.4860618184775,10.78878334600709
FIN,2008,4.06595355358379,53769.4726240385,6.57707214,18.57298851,16.629047778842,10.892479759499862
FIN,2009,-9.17360384430342e-07,47478.3495310999,7.24022865,18.31736946,16.8796258150036,10.768050148779295
FIN,2010,1.18413523154646,46506.2919016566,7.18030024,18.80395508,17.2594164785613,10.747364394370637
FIN,2011,3.41680754255211,51060.3242589767,7.31418705,18.1520462,17.8213910625007,10.840782625809272
FIN,2012,2.80833622561573,47551.6740841369,7.67503309,17.46195984,18.4499585932434,10.769593303703253
FIN,2013,1.47828615688809,49691.0145200739,7.82302523,17.79447365,19.0733570715343,10.813599525534963
FIN,2014,1.04119621178439,50073.7760815871,7.8208828,17.63744736,19.6661048130943,10.821272688863255
FIN,2015,-0.207928839905268,42560.3456767103,7.6206398,18.62889671,20.2090618722589,10.658701741859433
FIN,2016,0.356684500891695,43451.2562442158,7.3601203,19.27291298,20.6838033296157,10.679418056715113
FIN,2017,0.754015047084346,46085.0174739036,7.17050409,19.04597092,21.1457473282604,10.738264874385273
FIN,2018,1.08382098409305,49654.2497035329,7.1532836,18.43068314,21.6154814502107,10.81285939809398
FIN,2019,1.0240939296343,48358.1807773701,7.39612961,17.42399406,22.061393842071,10.786411364497777
FIN,2020,0.290554555653239,48828.6846862799,7.88914347,16.46622276,22.4906828905898,10.796093699657833
FIN,2021,2.19457432340007,53099.1351400148,8.06121445,16.66294861,22.8749565743109,10.879934752236487
FIN,2022,7.12350773301402,50440.560224974,7.96152925,16.0982132,23.2287672110978,10.828570721895744
FIN,2023,6.25064322154762,52834.2916752703,8.49943733,14.09493542,23.5778747195571,10.874934649353323
FIN,2024,1.56568906231615,53149.7671934051,,,23.8972369428395,10.88088781816084
FJI,2000,1.09216459977387,1995.72071163264,2.63133216,10.83726692,3.43776793921816,7.599261469670711
FJI,2001,4.27267024465105,1944.997414609,2.08654332,13.17821217,3.53579819114026,7.573529934178264
FJI,2002,0.762032085561206,2136.56794118683,2.20177889,12.31893635,3.62688865852145,7.6674239856563355
FJI,2003,4.17274777763034,2655.58079586044,2.22326541,12.85472965,3.71620919650092,7.884795159831064
FJI,2004,2.827485193912,3097.19096651759,2.21771884,12.95536804,3.81527872767239,8.03857366094843
FJI,2005,2.36576453830433,3377.69126953493,2.41684818,12.08774853,3.92008422684583,8.125243715133976
FJI,2006,2.49083638787078,3455.10599907349,2.47551131,14.34637165,4.03014267736115,8.14789780048181
FJI,2007,4.80370641306988,3762.74692789299,2.46818185,15.58711243,4.14754653431822,8.233170263559938
FJI,2008,7.73227857918421,3899.92231512129,2.21144366,16.50561142,4.26422876270618,8.268968295214878
FJI,2009,3.13103559015967,3164.13275408169,2.19237089,24.58940125,4.37657552199586,8.05995027811623
FJI,2010,3.6890122967076,3449.14452883369,2.18311381,22.37072182,4.5022676372088,8.146171401563505
FJI,2011,7.278117827085,4139.60288609702,1.88993454,25.31678581,4.65088004942012,8.328596680878235
FJI,2012,3.42337523401979,4341.40338748749,1.91403711,24.78924751,4.79425216563005,8.376183249735927
FJI,2013,2.91354193603992,4572.44377544245,1.87162006,22.54663658,4.93450937275775,8.428021761469404
FJI,2014,0.519306474579106,5293.35676680464,2.0661068,19.89637375,5.08225672948922,8.574396771299284
FJI,2015,1.37488542621446,5097.53106864695,2.09847856,21.02604485,5.20837642530085,8.536707751469534
FJI,2016,3.86322538221277,5363.79026679243,2.09586525,20.63828468,5.32890685686807,8.587612561438105
FJI,2017,3.34757834757831,5826.84814459328,2.11070943,15.59424877,5.47733708041885,8.670403110797398
FJI,2018,4.08147637644542,6085.41979485376,2.4660871,18.00298119,5.64436642752786,8.713815305214771
FJI,2019,1.79388647514555,5842.07344577597,2.64242482,19.14904594,5.8208579193671,8.67301221234981
FJI,2020,-1.70014167847317,4620.6457238014,3.00008559,22.8302269,5.98707270130049,8.438506137918505
FJI,2021,1.53454853751591,4536.73312110335,3.65724373,24.70991325,6.10366844076268,8.420182853805079
FJI,2022,6.07882431529724,5414.12092119088,3.196064,7.99897051,6.20928148336672,8.596950489968936
FJI,2023,2.97544080604538,5926.20586394763,2.70261335,8.31420898,6.34304879480558,8.687308194430415
FJI,2024,3.89084237884105,6425.74151715712,,,6.48697651983669,8.76822292628915
FRA,2000,1.67595988720928,22340.5939516217,6.99467659,7.27349663,16.0086458283083,10.014205419747652
FRA,2001,1.63478079549599,22331.7948343036,7.0991745,7.33573961,16.1191468960649,10.013811497517443
FRA,2002,1.92341228727063,24144.5727019529,7.36042738,7.13796902,16.2151106246385,10.091856317303748
FRA,2003,2.09847219146919,29479.5222101175,7.36141872,7.37661886,16.2833219150672,10.291485060193786
FRA,2004,2.14208964640238,33644.9282220364,7.4183507,7.24623203,16.3656994827148,10.423647323948542
FRA,2005,1.74586936380487,34696.3718316971,7.42688227,7.36894655,16.4377318294942,10.454419223346008
FRA,2006,1.67512449608726,36431.5658906555,7.41077948,9.35880566,16.4417997065665,10.503218320974266
FRA,2007,1.48799805953859,41486.1907828787,7.34726858,9.5284071,16.4622881383827,10.633140002740525
FRA,2008,2.81286194914785,45464.8181385158,7.42526388,10.02973175,16.5489941970548,10.724716072906626
FRA,2009,0.0876204781574653,41728.0884164132,7.98040915,10.16679668,16.6603292280856,10.638953728545014
FRA,2010,1.53112270420918,40694.8211697025,7.81747055,11.44470692,16.7822818238459,10.61388069219627
FRA,2011,2.11159795175,43929.7840873812,7.76428938,11.45023441,17.0554720144704,10.690370585373737
FRA,2012,1.95419531613509,40863.5814412333,7.8918004,11.32722759,17.4830959695717,10.618018987422143
FRA,2013,0.863715497861804,42669.1795111893,7.99064016,10.17825317,17.9295780155891,10.661255583138027
FRA,2014,0.507758822937989,43148.0459288416,8.07977486,11.10480595,18.387873214191,10.672415585695674
FRA,2015,0.0375143805125181,36702.4323733379,8.23389816,10.9781208,18.8516269618174,10.510625554828527
FRA,2016,0.183334861123764,37024.2157133669,8.61056232,10.71399021,19.2846641669454,10.519354465273434
FRA,2017,1.03228275064681,38687.1626407164,8.6154108,10.63998699,19.6708486830069,10.56328895731171
FRA,2018,1.85081508315492,41418.1766484844,8.49900723,10.44571686,20.0394210628073,10.63149925663719
FRA,2019,1.10825492288293,40408.2848574751,8.33091736,10.31887913,20.4100888765873,10.606814860748763
FRA,2020,0.476498852725065,39169.8606000707,9.25742054,9.42379379,20.747440901072,10.57568839731642
FRA,2021,1.64233141038393,43725.0999521245,9.25056267,9.1691618,21.0507539717053,10.685700455708174
FRA,2022,5.22236748369725,40988.6396406579,8.90620232,9.24756908,21.3773491158756,10.621074622063249
FRA,2023,4.8783572650844,44700.1384177544,7.80043125,9.26032639,21.7491423914771,10.70775424823607
FRA,2024,1.99904942291462,46103.0840855884,7.89331961,9.22742558,22.1465618989138,10.738656816938985
FSM,2000,2.15851810619419,2049.3453246655,1.74815881,4.81945467,3.15411802506158,7.6257635090025095
FSM,2001,0.502497351294027,2103.74859460914,1.83199584,4.81115913,3.26301222350277,7.6519513064941345
FSM,2002,-0.111442426432945,2113.45987332485,1.71163332,5.41147709,3.3797844336938,7.656554679822974
FSM,2003,0.126643348208903,2145.87755337517,2.12475729,4.89492893,3.45727390123347,7.671769764755064
FSM,2004,2.27669698247304,2104.42804750084,1.14448988,4.35005236,3.48446064569736,7.65227407342548
FSM,2005,4.25769978210942,2207.16844533875,1.11182237,3.20276237,3.46372024557498,7.699918693136951
FSM,2006,4.63737008585635,2244.97227274486,1.07155871,5.03086138,3.41148208689684,7.716893790050708
FSM,2007,3.30634278002699,2293.51341684075,1.02541602,4.46636295,3.35455335569096,7.738276081209707
FSM,2008,8.42372566246186,2369.50811741318,1.59784043,4.09926939,3.30375952963424,7.770859606682726
FSM,2009,6.39360257735201,2544.11114550961,0.99749589,3.7497375,3.26054234305166,7.841929600136962
FSM,2010,3.31370963136217,2702.61165204772,1.21490371,3.23353171,3.25461807056942,7.902343807043706
FSM,2011,5.08259403890371,2848.70077003105,1.89427388,3.02521944,3.30878939256068,7.954969274778987
FSM,2012,5.01850353045616,2992.28916099077,1.40971768,2.88498712,3.40624710353137,8.004128115611936
FSM,2013,1.75232737350762,2893.13437410825,1.55522645,2.72659135,3.54928066370392,7.970441338079031
FSM,2014,0.650284891767944,2896.73082002714,2.0200696,2.62560034,3.72338462673899,7.971683233827836
FSM,2015,-0.2981158373807,2853.07643587028,1.89359462,2.62721825,3.91480515657841,7.956503579692964
FSM,2016,-1.03746806405349,2979.60119184048,2.00609899,2.39560294,4.11186849355257,7.999880301380572
FSM,2017,0.58225373525489,3279.10779039285,1.53164423,2.55388117,4.30620698474171,8.095631563762865
FSM,2018,1.49840023593737,3566.58690371125,1.40767145,2.68596697,4.52281194983145,8.179644708889263
FSM,2019,1.92385170787923,3572.65918282222,1.74894965,2.69489312,4.77276436771186,8.181345331021834
FSM,2020,0.554594630853174,3362.02802120524,1.7635082,2.66777468,5.03396699318857,8.120597043910506
FSM,2021,3.19128406597466,3508.22314197664,1.15334094,2.80982423,5.28736970826297,8.163149964891279
FSM,2022,5.40874375479067,3710.12451611752,1.55440867,2.62664223,5.51940667270222,8.219090213749524
FSM,2023,,3919.64307910859,1.83325839,2.58105636,5.73112966736364,8.274010970122657
FSM,2024,,4166.00476748564,,,5.94951418560363,8.334952775526824
GAB,2000,0.504920025834859,3982.906200928,1.06383789,53.15802383,4.92288756617127,8.290018074483552
GAB,2001,2.13762052701465,3835.75718279727,1.26300132,50.82285309,4.85213484999296,8.252382805158037
GAB,2002,0.0366828893971394,3966.48001864663,1.19960451,54.13715363,4.78364625111978,8.285886416129944
GAB,2003,2.23535313551536,4710.74862768151,1.4352864,50.12831497,4.71686067814254,8.457814376642174
GAB,2004,0.40820530743925,5465.79193590708,1.35957062,50.283741,4.64804480277095,8.606447239986586
GAB,2005,3.70833333333304,6547.87613955186,1.05433261,51.96595001,4.57582704416482,8.787048732159658
GAB,2006,-1.4094013660098,6847.00985685394,1.2173816,51.14390182,4.50230949714818,8.831713357197577
GAB,2007,5.03031883679951,8003.54289696049,1.23346996,49.50004196,4.4297865846312,8.987764521609353
GAB,2008,5.26430145575285,9688.64519690633,1.06247222,52.7103653,4.36013501952183,9.17881308882811
GAB,2009,1.88570754577918,7290.57526093114,1.54066849,50.07691956,4.29437828156258,8.894474886835404
GAB,2010,1.46154402720469,8356.74662013345,1.57325745,25.50564766,4.23326292140319,9.030944126699254
GAB,2011,1.26331707837421,10219.1139339454,1.58558345,27.73152733,4.17815082005483,9.232113011831114
GAB,2012,2.65241828695626,9296.96587941088,1.48285842,28.00476265,4.12983559655301,9.13755093257407
GAB,2013,0.505441058915615,9197.70106323947,1.82302928,28.59301949,4.08304293883329,9.12681756429074
GAB,2014,4.69045751826284,9201.36276648105,1.51668847,28.12980843,4.04210575265511,9.127215552507487
GAB,2015,-0.338795188753406,7047.12654634355,1.56549394,25.90465927,4.01687514805931,8.860517122384389
GAB,2016,2.10670712784054,6677.07003901644,2.01055074,22.55089378,4.00291671784968,8.806584308471429
GAB,2017,2.65192583143902,6921.73373135624,1.75976336,25.15639114,3.99443645973388,8.842566018484694
GAB,2018,4.74906652083221,7624.2775233771,1.61284041,23.11415291,3.99083766231565,8.939223997321747
GAB,2019,2.46456756151187,7441.1786472281,1.66963005,23.08802223,3.99260397789748,8.914918913889624
GAB,2020,1.35276110675333,6605.80346077565,1.89678836,20.37174034,3.99306534788006,8.79585522446705
GAB,2021,1.0869074651941,8181.40914134656,1.65491903,21.56609344,3.99541890048563,9.00974190229249
GAB,2022,4.23124798274579,8409.2074145028,1.88504732,17.91626358,4.01133890116906,9.03720141550506
GAB,2023,3.62901534185376,7802.82433276138,2.05877304,17.27153969,4.04183293668656,8.96236919159234
GAB,2024,1.17311998381218,8230.04311451151,,,4.08255139966242,9.015668031023743
GBR,2000,1.18295624210408,28383.8761094996,5.41897774,18.21689606,15.8897578485505,10.253611750948467
GBR,2001,1.53234960272418,28013.8729635508,5.64282608,18.0472641,15.9091370627726,10.240490825402304
GBR,2002,1.52040245947455,30158.7017807858,6.0388236,17.38844872,15.931456068173,10.314261934168027
GBR,2003,1.37650038542013,34556.7726095905,6.30874586,16.15265846,15.944049006037,10.450387770887026
GBR,2004,1.39039756680422,40504.4118103928,6.67070103,14.69727612,15.9607524797213,10.609190869115583
GBR,2005,2.0891364902507,42240.2462987547,6.81143427,13.43031788,15.9578367640377,10.651152423123726
GBR,2006,2.4556616643929,44695.161023424,7.03568316,12.35013199,15.9311877692873,10.707642893768615
GBR,2007,2.38656150773327,50629.0799172887,7.04716635,14.42544079,15.9485662135398,10.832301143419922
GBR,2008,3.52140856342539,47652.4030691881,7.3422575,13.48400593,16.0367055435496,10.771709324563432
GBR,2009,1.96173173560109,39009.3715547821,8.14155865,12.39581871,16.1801963230047,10.571582827058831
GBR,2010,2.49265472467065,39778.3220528565,8.03008556,13.17372036,16.3383853690104,10.591102509850886
GBR,2011,3.8561124468282,42295.9273835322,8.01413918,13.34486294,16.5874649936032,10.65246972370887
GBR,2012,2.5732347965453,42688.3263728372,8.01443958,14.16525364,16.9733440416117,10.6617042001203
GBR,2013,2.29166666666659,43606.9837896348,7.93981838,15.75939178,17.3279065798855,10.682995527014889
GBR,2014,1.45112016293279,47746.2421759562,7.93892813,15.74380684,17.5840843935351,10.773676588763607
GBR,2015,0.36804684232536,45255.3449216209,7.90739918,15.86555099,17.7699801979471,10.72009815856061
GBR,2016,1.0084173681141,41257.9085545556,7.90904903,15.67987061,17.9162025708266,10.627622333404677
GBR,2017,2.55775577557747,40916.8115070354,7.73283911,15.82855606,18.0734136212163,10.619320736402576
GBR,2018,2.29283990345938,43702.9976303165,7.78175926,16.17838669,18.2557500676941,10.685194855854348
GBR,2019,1.73810460086513,43158.7411267323,7.95685244,16.03681946,18.457958087858,10.672663421363636
GBR,2020,0.989486703772491,40812.6794663879,10.17949867,12.40982437,18.6057953275723,10.616772585237046
GBR,2021,2.51837109614213,47691.3768799404,10.11974335,13.02287769,18.7186487679579,10.772526850267113
GBR,2022,7.92204883147902,47057.043229179,9.10831928,14.38128662,18.9303147227989,10.75913708107643
GBR,2023,6.79396706793963,49944.4702124201,8.98766613,14.6293354,19.238129106618,10.8186870935264
GBR,2024,3.2715729463592,53246.3676145108,,14.55540943,19.4997673608515,10.882703647880467
GEO,2000,4.06396201382596,749.908534993961,0.82085949,80.98433685,12.4064252541033,6.6212838533935665
GEO,2001,4.64604442058634,801.98383707929,1.13540304,76.43830109,12.7919120807699,6.688334585573938
GEO,2002,5.58783730000794,853.526171868939,1.12198305,77.12854767,13.2308941236066,6.750547130370915
GEO,2003,0.837734531536568,1010.03151630868,1.14707553,79.20792389,13.697878561727,6.9187263919358575
GEO,2004,5.65632636191132,1305.04748557208,1.17821777,79.43696594,14.1309569464163,7.174760668725216
GEO,2005,8.24709043114158,1642.78359414797,1.20532346,79.585495,14.5094136281209,7.404755933221701
GEO,2006,9.16096508394497,1996.02013272284,1.18501794,77.264328,14.7759784806628,7.5994114148486425
GEO,2007,9.24489745592404,2635.36650276116,1.09324026,75.67359161,14.777333343415,7.8771569234238825
GEO,2008,9.99948761552747,3324.7537205015,1.53485286,66.54589081,14.506473987398,8.109451610258871
GEO,2009,1.7275146113791,2822.68939668797,2.04964566,68.90898895,14.0937327320994,7.945799605555609
GEO,2010,7.11017897486099,3281.72930937343,1.90527785,72.06796265,13.7529102527526,8.096430461885783
GEO,2011,8.5429333333333,4119.66818307193,1.36786854,75.05395508,13.6138556278504,8.323770609551024
GEO,2012,-0.943658853270964,4530.69533409431,1.52704597,72.53357697,13.662023521518,8.41885139440147
GEO,2013,-0.512058410947092,4712.00229382665,1.82236254,69.30553436,13.8538640763955,8.45808041362564
GEO,2014,3.06881210379543,4830.33486170249,2.14047027,67.0378952,14.0293265167653,8.482878077346276
GEO,2015,4.00357820695097,4086.6223465965,2.59349322,62.316185,14.1419424262625,8.315718746646612
GEO,2016,2.13492713939121,4143.40125686315,2.87254119,60.7001152,14.2606638033131,8.329513607645369
GEO,2017,6.03531725272117,4418.75206546679,2.58998537,62.44371033,14.374380908966,8.393838879712634
GEO,2018,2.6152447139767,4804.0546040444,2.75906873,58.10008621,14.5183098161021,8.4774236853449
GEO,2019,4.85289821696723,4741.2832715876,2.69142175,56.99837112,14.7044720808539,8.464274001574124
GEO,2020,5.2024648897534,4300.85701291207,3.66064787,54.57889175,14.8874851870996,8.36680207192339
GEO,2021,9.56691433824769,5083.60695484577,4.43811321,51.89904404,14.9888437253115,8.533973010479665
GEO,2022,11.8981654203198,6729.84659930283,3.06025243,57.18254471,15.086921296037,8.814456209571668
GEO,2023,2.48776056578715,8283.66960652261,2.30926275,58.75926208,15.317458316393,9.022162050552835
GEO,2024,1.10971758022096,9241.49122313713,,,15.6376865642243,9.131566741190333
GHA,2000,40.240933123914,253.746936203344,0.73089105,38.01316071,3.14081207665882,5.5402706453508035
GHA,2001,41.509496287803,263.542156494853,0.84126645,33.57912827,3.19159921532473,5.578000620431512
GHA,2002,9.36093239560313,297.46164468774,0.65024012,31.97357178,3.23691900600249,5.69864143106825
GHA,2003,29.7729797160384,358.39927142073,0.94345516,36.00989151,3.27808456754226,5.884433947137415
GHA,2004,18.0427388232565,406.132105329565,0.9509024,32.44798279,3.31253717138846,6.009137715896214
GHA,2005,15.4389920155908,478.611909191028,1.756845,23.53275681,3.33811029033333,6.172977254352627
GHA,2006,11.6791839392492,906.441027564887,1.65231752,35.20372391,3.35961985880465,6.810628580627919
GHA,2007,10.7342665456292,1050.12461524926,1.63629603,39.57984543,3.37850889924783,6.9576159321159015
GHA,2008,16.494639613412,1182.65761256016,1.64284575,41.08115387,3.38781991514538,7.076364595042817
GHA,2009,19.2469482220857,1047.70430093586,2.04712129,34.93130875,3.38595245895708,6.955310682039025
GHA,2010,10.7333898354915,1263.89251760539,2.26015067,34.30179977,3.37978679445839,7.1427424312319285
GHA,2011,8.7284593709302,1507.43573198753,2.35423017,32.997612,3.36998097113143,7.318828453772107
GHA,2012,11.1863409441067,1543.77524235764,1.97869766,36.88100052,3.35645054211975,7.342633704547273
GHA,2013,11.6661923071729,2294.79584693743,1.85814357,38.87570953,3.34807585976035,7.738834836647022
GHA,2014,15.4896160333318,1949.90832923846,1.40883136,45.05064011,3.35054259133107,7.576050352967933
GHA,2015,17.1499695007878,1722.77282833606,1.5937829,35.80306244,3.35879820466689,7.452270672434501
GHA,2016,17.4546347070868,1912.47991339951,1.3003906,37.82372665,3.36936577242403,7.5566788075018065
GHA,2017,12.3719215507048,2012.28662641265,1.63058531,22.65083694,3.38515734651757,7.6075238031899906
GHA,2018,7.80876516610703,2195.32166016377,1.37083328,33.48161697,3.40728721613155,7.694539267387348
GHA,2019,7.14364003330857,2186.65822682613,1.9720608,28.97685051,3.43641156155462,7.690586947879291
GHA,2020,9.88728956269944,2195.45481659987,2.52818918,23.7503624,3.46870648905354,7.694599892569095
GHA,2021,9.9710886750444,2445.18662529344,2.09936643,26.49847794,3.50669069594339,7.802285611494141
GHA,2022,31.2558951049016,2229.89122647803,2.03708911,25.03213501,3.56150287042033,7.710156437743286
GHA,2023,38.1069656296501,2383.90410483418,1.86317766,26.67723274,3.6318149146467,7.776914194897397
GHA,2024,22.8483281157842,2390.77237652715,,,3.70833260535242,7.779789950227755
GIN,2000,,518.157066924026,0.301292,65.37310028,3.95906004290156,6.25220647114651
GIN,2001,,483.085120214741,0.37107071,63.41352081,3.94372456077078,6.182260759465906
GIN,2002,,495.916073559269,0.64011806,59.40449905,3.9247974320692,6.2084211457592176
GIN,2003,,566.48540588068,0.42212996,62.54089355,3.89461176560374,6.341215032515068
GIN,2004,,584.897740538081,0.24164158,69.50691223,3.86192873214575,6.373145270148156
GIN,2005,31.3733025877534,463.17768685098,0.26129073,70.15050507,3.8268705470874,6.1402674247207525
GIN,2006,34.6952705997072,446.980554135013,0.24835719,70.81015015,3.79216221124277,6.104749825524288
GIN,2007,18.1755656108597,650.148575304743,0.24066733,71.8759079,3.75760670578752,6.478737842443482
GIN,2008,23.065612938798,703.532825784369,0.26959306,70.94914246,3.72217756785257,6.5575349246952195
GIN,2009,4.68438868976504,662.185914665575,0.26025116,72.49655914,3.68756078071209,6.497055365154012
GIN,2010,15.0502688559001,659.235326211315,0.36297843,69.29233551,3.65047480369054,6.492596326335519
GIN,2011,21.3169268542577,636.694958747648,0.51036745,59.98564529,3.6126852219379,6.457860047923266
GIN,2012,15.2262941038638,699.353377212197,0.51431388,62.39929199,3.58154206710283,6.551585032251193
GIN,2013,11.8875884481828,748.455020824734,0.48858824,61.90120697,3.55677284758324,6.619346303499997
GIN,2014,6.1505055670642,765.146999389279,0.61152339,58.35924911,3.53117914840192,6.641374056537078
GIN,2015,11.7800825029834,747.356966759448,0.42931107,49.35240555,3.50836699365263,6.617880092425306
GIN,2016,8.17268112275132,711.996509782316,0.66374409,49.76166534,3.4919982804648,6.5694765252863485
GIN,2017,8.91435947913097,833.598621691121,0.60066199,64.59755707,3.47770352792694,6.726950916695654
GIN,2018,9.82761701259191,933.273615633705,0.61740124,67.11582947,3.46579167799443,6.839769345684551
GIN,2019,9.47001039253012,1031.34146480732,0.92095226,59.2154274,3.45692449778455,6.939584768065147
GIN,2020,10.6016203387167,1053.66097696415,0.77726084,57.17256165,3.44433996602993,6.960974645417415
GIN,2021,12.5972882566934,1244.96550477914,0.68109477,53.46712875,3.43128298700421,7.1276660141962225
GIN,2022,10.4930409984424,1416.59612011764,0.72876471,54.10121155,3.43104090696519,7.25671784290974
GIN,2023,7.80497591927973,1555.49375806861,0.80672276,54.41574097,3.44105793716664,7.350190979638229
GIN,2024,8.12313914948596,1694.95375862193,,,3.45511630785822,7.436000551016668
GMB,2000,0.8449695667737,538.054072348854,0.6015296,13.68005371,3.02332957295607,6.289815885633994
GMB,2001,4.49259609239754,459.803068381399,0.61059773,13.38883114,2.95228596980223,6.132970768173312
GMB,2002,8.60912474386327,376.531026962584,0.54214686,13.14789391,2.88710424167362,5.933652755940976
GMB,2003,17.0328665431988,308.719123437587,0.5868997,11.72712517,2.82864317355699,5.735665833337542
GMB,2004,14.2067432845569,593.285346326581,0.78081375,9.84813023,2.77867639870562,6.387359585037801
GMB,2005,4.83862177543157,616.483657865348,0.81679177,11.5070982,2.73692185596361,6.42565260315654
GMB,2006,2.0565034236599,614.544307904464,0.88458723,13.04498196,2.70297686873042,6.422506929880799
GMB,2007,5.36913473801957,724.726407242432,0.70619458,15.06811333,2.67772168967311,6.587173094270837
GMB,2008,4.4436549094501,859.127671411226,0.7288478,16.43968582,2.66253798439037,6.757080833358514
GMB,2009,4.56150687670983,774.888030908091,0.9055742,17.00421715,2.65621472436075,6.654008219705513
GMB,2010,5.04968075857402,801.033372714536,0.91823167,18.03235817,2.65655643703161,6.687150218864276
GMB,2011,4.7958826618311,710.608411468152,1.04374862,19.22835922,2.66082463131688,6.567527776222313
GMB,2012,4.25432199813899,692.579361628102,1.20622373,19.44659042,2.6626276953905,6.541865669585484
GMB,2013,5.69912989637382,653.862713272743,1.08376527,20.90031433,2.65258022373117,6.484425615609629
GMB,2014,5.94799935696626,568.00453558864,1.09228694,26.8266964,2.62946471470917,6.343888405252101
GMB,2015,6.8084549457961,619.536364296461,0.99829203,23.41558647,2.6148231827951,6.430584207756573
GMB,2016,7.22879272057922,650.056501323611,1.2897681,30.49933815,2.61985721413654,6.478596430030126
GMB,2017,8.03418974545911,642.522641296331,1.06097889,26.66901207,2.63862139221045,6.466957211026901
GMB,2018,6.52096823946573,696.219806960615,1.04798186,20.18510818,2.6705969915387,6.5471007225375315
GMB,2019,7.11567625631192,738.186751987483,1.28750503,20.29882431,2.71508895151666,6.605550598072017
GMB,2020,5.93127636562441,720.335143352133,1.9513855,24.85817719,2.76623100181319,6.581103860563321
GMB,2021,7.37034758876618,781.890925169531,1.28643787,27.61476898,2.82128229728966,6.662993382544519
GMB,2022,11.5131198380505,836.244875868476,1.54287362,29.43828392,2.88979203252834,6.7301165914626635
GMB,2023,16.9742129632327,883.024111719809,1.29954684,33.7826767,2.97785770163636,6.78448433796681
GMB,2024,11.5610532897511,871.340291776294,,,3.07823857897907,6.77117959064676
GNB,2000,8.63632094930278,316.945495037639,0.5933851,60.70569992,3.59018757382624,5.761879968836938
GNB,2001,3.34812265527108,327.138431972397,0.48134443,63.45769119,3.48267187198965,5.793435568042976
GNB,2002,3.30012175283752,362.034574570354,0.35467029,57.38740921,3.38204811497645,5.8944980764794535
GNB,2003,-3.50258551103421,419.78486611807,0.42981493,57.53927612,3.28797412204676,6.042121696228447
GNB,2004,0.883302696930943,431.376557669634,0.57971573,53.89317322,3.20055573565507,6.069296869840341
GNB,2005,3.32919922802856,463.073962650452,0.50890976,53.00734711,3.1194956808681,6.14004394178697
GNB,2006,1.95473717628916,448.513075469701,0.49984464,51.37468338,3.04549734067452,6.108164942408958
GNB,2007,4.61743772241997,519.069789794741,0.59780544,48.07785797,2.97973342945191,6.253963013713696
GNB,2008,10.4600731354706,640.210331101753,0.54897773,47.6511116,2.922574408397,6.463357532741832
GNB,2009,-1.65139733620775,583.190020139094,0.52002388,53.01400757,2.87566571037168,6.37022630685513
GNB,2010,2.51785140171701,600.194298540768,0.46807465,48.0497551,2.83925044682004,6.3989181743687285
GNB,2011,5.046102263202,719.539573498937,0.43690556,35.82422256,2.81252166796791,6.580000338981823
GNB,2012,2.13054580274503,635.461653303881,0.50444686,58.73207855,2.79668999310592,6.455924169998582
GNB,2013,1.20712555668405,654.304534409417,0.55160207,64.34107971,2.7923498782115,6.4851000656147
GNB,2014,-1.50924460570494,652.022501029449,0.59649962,55.38848114,2.79988915196949,6.481611586614545
GNB,2015,1.47672048910485,645.066837207039,0.53779858,66.92208862,2.81952009466785,6.470902961599449
GNB,2016,1.50312055861088,679.665386626818,0.48464295,64.58337402,2.84981086509669,6.523070829486885
GNB,2017,1.69111461822298,783.123186602022,0.49838862,68.41368103,2.88896826785767,6.664566133775333
GNB,2018,0.381324702790992,808.531613218504,0.50527376,66.98523712,2.93416156500409,6.696455825126619
GNB,2019,0.24660026814783,811.216425885129,0.45877996,69.62321472,2.98298111090331,6.699766838989002
GNB,2020,1.14000939393222,846.915855715971,1.20048702,56.64048386,3.01894196214588,6.74278140411857
GNB,2021,2.24248879577658,926.780921081233,1.13860166,61.00919724,3.04676197754902,6.832795628494691
GNB,2022,9.39075933985203,883.199131457831,1.03818488,66.26608276,3.09029227334318,6.784682299100132
GNB,2023,7.10220928557059,988.087886357022,0.9383629,61.5587883,3.14256138954433,6.89678319153403
GNB,2024,3.76555825770114,1007.74151728028,,,3.191856640828,6.916458810409054
GNQ,2000,4.80228886901398,1487.3165506701,0.52302271,52.16977692,3.32656029826001,7.305400928433404
GNQ,2001,8.82538925854966,1948.61145907844,0.39180481,54.32563782,3.34306657926972,7.5753853799498785
GNQ,2002,7.5924784983324,2264.21065580365,0.36000615,82.37944031,3.39015761500933,7.725423038362282
GNQ,2003,7.32354399351809,2930.60183743733,0.39797717,75.86091614,3.46435890253431,7.983304254820952
GNQ,2004,4.21968787094834,4901.30127408119,0.35340402,73.29941559,3.56166377658372,8.497460021620393
GNQ,2005,5.63163351357613,8673.9026086535,0.40104085,67.66029358,3.59580817149004,9.068189378083856
GNQ,2006,4.41589984169561,10184.8841248541,0.45787242,61.22793961,3.55992822688705,9.228758131457411
GNQ,2007,2.80373831775704,12616.9532942011,0.48071325,59.30880737,3.5217133635251,9.442875943402356
GNQ,2008,6.55176691184535,18210.5552970599,0.48362917,55.93690872,3.47943348731709,9.809811578028931
GNQ,2009,4.69106567747375,13232.5019378102,0.76920271,52.77891159,3.43316253886462,9.490506918818467
GNQ,2010,7.78916547991184,13720.1658723222,0.64514917,58.06176376,3.3841987746881,9.526694873786388
GNQ,2011,4.805389221557,17198.2136668275,0.59239239,56.72514343,3.33570750715373,9.752618944711577
GNQ,2012,3.65662048278806,17308.5723924575,0.70269078,53.35046387,3.29177113267047,9.759014944945289
GNQ,2013,2.94887694639662,16304.0713196418,0.61788166,63.21975708,3.25809044300403,9.699231462310253
GNQ,2014,4.30999866149107,15548.6624656619,0.65114552,63.92143631,3.25068624526951,9.65179421098349
GNQ,2015,1.67663085315988,9068.91003238645,0.7432819,68.14749908,3.26853622922259,9.112717623808216
GNQ,2016,1.41193915479015,7453.19797948517,0.86530524,69.09034729,3.29999084993496,8.916532639853536
GNQ,2017,0.74435474661241,7809.10465655488,0.78999829,70.59727478,3.34265555680364,8.963173643071077
GNQ,2018,1.06007410662171,8102.47084834031,0.81501949,70.09912109,3.39134829889719,9.00004774867581
GNQ,2019,1.53027528964189,6804.14923073888,0.8050639,73.77350616,3.44128197191076,8.825434844417325
GNQ,2020,4.76669523944228,5764.05502912947,1.0338515,70.5683136,3.48287778074576,8.659569978039992
GNQ,2021,-0.0971007664640198,6945.63069794539,1.14400554,64.89374542,3.52077981039768,8.846012029346833
GNQ,2022,4.78671704710803,7589.29964909381,0.86760986,66.71870422,3.56750178121422,8.934626349069383
GNQ,2023,2.85949506037322,6677.793435386,1.12861156,65.98317719,3.62342216634038,8.806692626771103
GNQ,2024,2.92140227309103,6745.40013244916,,,3.68789387041011,8.816764327893
GRC,2000,3.15118162493827,11638.2010697215,4.62980747,36.2721138,17.0253560470145,9.362134082307964
GRC,2001,3.37396832213865,12156.9572824221,5.21165657,34.7783165,17.2643804550213,9.405739154765902
GRC,2002,3.62935871878874,13782.195640943,5.12075806,37.3801918,17.5345403019967,9.53120542195944
GRC,2003,3.53065027765554,18020.612039764,5.1977067,37.89956284,17.8326525756216,9.79932698552765
GRC,2004,2.89884810758167,21449.2552764245,4.86593294,38.96111298,18.1032230996581,9.973491825284158
GRC,2005,3.5450727333508,22054.1315756886,5.32978392,36.87524414,18.324814559179,10.001300578319867
GRC,2006,3.19594684144543,24416.0232970275,5.17268229,36.04510498,18.489341535326,10.103035844126142
GRC,2007,2.89500321516578,28440.7625328955,5.39813805,34.22337723,18.6048300174461,10.255613855727388
GRC,2008,4.1527970811029,31695.8331092209,5.84622145,32.20823669,18.7114015581294,10.363972052957521
GRC,2009,1.21007269197809,29425.4573200263,6.5149498,29.50299263,18.8829939749204,10.289649457496003
GRC,2010,4.71298907760395,26653.0488008626,6.62841225,28.25885201,19.1578896272878,10.190696343040022
GRC,2011,3.3298532335065,25504.7866510124,6.03533649,31.15849113,19.5073861649055,10.14666063289305
GRC,2012,1.50152696177758,21624.346052551,5.7518816,30.44894409,19.8890960349321,9.981621334102147
GRC,2013,-0.921269454256899,21573.3449762805,5.23182106,33.73947525,20.2915184129021,9.979260155179297
GRC,2014,-1.31226096405525,21474.7257123892,4.51781511,37.19953156,20.6970672852563,9.974678539640692
GRC,2015,-1.73588804765275,17980.7298238137,4.7674284,36.03439331,21.0794802004731,9.797111511618905
GRC,2016,-0.825653978391033,17919.2426377048,4.43071413,34.30815125,21.3988876993596,9.793686226487747
GRC,2017,1.12125452031425,18631.9930129293,4.29561758,34.99521637,21.6563374262051,9.832689106243674
GRC,2018,0.62562141345364,19873.4015238771,4.17521954,36.0800705,21.8966337548395,9.897187827062973
GRC,2019,0.253007522038059,19335.3602002969,3.95904088,33.64273453,22.1273853041386,9.869742550690205
GRC,2020,-1.24798355581405,17886.733165236,5.06405878,33.44511032,22.3934327342108,9.791870458873307
GRC,2021,1.22382501019854,20654.7001960815,5.38438177,33.31882477,22.8389533365326,9.93574659884871
GRC,2022,9.64525981280642,20886.5243087629,4.56988621,33.53891373,23.2281742678017,9.946907336697725
GRC,2023,3.46480128513405,23343.7103964562,4.24943686,34.30307007,23.4829980176041,10.058125701950331
GRC,2024,2.74101875679477,24626.1481858973,,,23.939763430194,10.111604698210979
GRD,2000,2.18181818181821,4839.82811114248,1.86039817,59.30252838,8.49131231910359,8.484841082418685
GRD,2001,3.14099305202543,4819.50776653843,2.14943409,56.11627197,8.66354283385963,8.480634547251032
GRD,2002,1.06721547992874,4984.47405931447,2.71163964,50.98685074,8.80498503290915,8.514283775028847
GRD,2003,2.15492809908679,5427.96377252312,2.16133189,53.70714188,8.94208515484369,8.599503560927415
GRD,2004,2.3129167822611,5480.26117644588,2.59474087,47.22589493,9.07224038967276,8.60909049515073
GRD,2005,3.475806937554,6338.56011405358,2.42088819,48.5816803,9.19400917669466,8.754564662382794
GRD,2006,4.25195321977967,6344.0383771432,2.04412723,52.81490326,9.29953829181592,8.75542842853732
GRD,2007,3.85882922469653,6864.54816771858,2.00870275,55.36963272,9.38821858190488,8.834271164645516
GRD,2008,8.0332732765034,7448.2040563865,1.96291316,55.20097733,9.46742894243255,8.915862467597085
GRD,2009,-0.308654779585642,6932.56472176781,2.17009425,54.57839584,9.54392651050749,8.844129349796319
GRD,2010,3.43650905943351,6909.60169568597,2.05670786,56.57120514,9.63561737135483,8.840811989046932
GRD,2011,3.0334728033474,6947.38136096464,2.41611266,54.27904892,9.71368409782386,8.846264013731027
GRD,2012,2.41077704021862,7092.71985352677,2.38694572,54.76435089,9.7721559395076,8.866965143931685
GRD,2013,-0.0439997864828058,7424.80212287327,2.27822328,55.12482071,9.85178919171359,8.91271598785268
GRD,2014,-0.98360305555498,7986.33421210788,2.09314442,51.89144897,9.95211663738757,8.985612342552747
GRD,2015,-0.515448031435329,8694.12438005692,1.93493712,53.97851944,10.0670584952388,9.070517731465475
GRD,2016,1.65038994431573,9221.23461079424,1.76571214,55.74351883,10.203682793364,9.129372652780747
GRD,2017,0.908458255874249,9751.42661155932,1.88796365,55.11002731,10.363571787453,9.18527141626245
GRD,2018,0.804102313277033,10083.021279225,1.86524379,54.91054916,10.5474928905446,9.218707398502431
GRD,2019,0.598149764736022,10462.7929159533,2.04134059,54.42095566,10.7581812616667,9.255676283359074
GRD,2020,-0.740732597045498,8968.55890108484,2.28805852,52.2040329,10.9858089581489,9.101591778936786
GRD,2021,1.21951193916838,9617.28902905373,2.16806746,51.50666809,11.2278521692555,9.171421672233848
GRD,2022,2.5805392590792,10469.3867012856,1.9978193,54.11858749,11.5213876985451,9.256306237402741
GRD,2023,2.69612269814564,11414.4781691181,2.10270882,48.48131943,11.8704144993637,9.342725447628219
GRD,2024,1.08615365134737,11705.0902976658,,,12.2394044749696,9.367864523614838
GTM,2000,5.97757734737136,1648.96578971559,1.91270578,58.98999405,3.73815397220214,7.408509833173981
GTM,2001,7.28587366610138,1537.68663578252,1.98154283,62.31534195,3.75274595548557,7.338684497630489
GTM,2002,8.13263054281054,1669.33517469705,1.9446981,62.11330032,3.76116337211602,7.420779588683973
GTM,2003,5.60347675434469,1722.54701910774,2.04141212,61.62329483,3.76724390133789,7.45213966676132
GTM,2004,7.57862247309729,1840.91184884,2.02383399,60.03531647,3.77312276135316,7.518559359448608
GTM,2005,9.1086498571922,2046.46611650758,1.88113928,62.47688293,3.78118923531486,7.624358266876047
GTM,2006,6.56085282795384,2225.1234753878,2.06657243,61.51553345,3.79306956516828,7.708016999923253
GTM,2007,6.82161753590326,2458.81573919384,1.97883451,61.62370682,3.810862698908,7.807841723354325
GTM,2008,11.355761126315,2763.05988172926,2.05419135,59.04833603,3.835542347731,7.924455849533221
GTM,2009,1.85910254733028,2611.64632773352,2.25974083,56.9231987,3.86545115788551,7.868118905320232
GTM,2010,3.8595090983316,2805.25960237322,2.06138587,58.94914246,3.89839389177153,7.939607773265813
GTM,2011,6.214123930671,3168.98370607705,1.99347126,58.87919998,3.93468132757527,8.06148172681933
GTM,2012,3.78180754679678,3286.61959336267,2.02626443,58.3199234,3.97674988608911,8.097919054033525
GTM,2013,4.34337131279521,3444.15802275864,2.21485376,54.61948013,4.02901411631479,8.144725052572428
GTM,2014,3.4183616966296,3689.14510410202,2.23796296,55.55548096,4.08970314171432,8.213421059866304
GTM,2015,2.3887203283955,3893.50533299068,2.27820134,55.72278976,4.15188561448804,8.267321949723728
GTM,2016,4.44844199942827,4060.13784737643,2.28762269,56.06058884,4.21599740853021,8.30921847130534
GTM,2017,4.42453655182546,4324.99768915601,2.1993053,54.1341095,4.28938967150886,8.372398072337182
GTM,2018,3.75186186704508,4352.94593289707,2.19892383,57.50035858,4.37433087464238,8.378837823916994
GTM,2019,3.69998398008605,4511.99839552697,2.37253165,55.9891777,4.46874605807685,8.41471704430444
GTM,2020,3.21444062197345,4477.61785000665,2.47224283,56.29158783,4.54512130915561,8.40706976218478
GTM,2021,4.26105127422813,4912.62240414681,2.66252208,58.44465637,4.5768111594693,8.499766709295752
GTM,2022,6.88512823344287,5358.70156997677,2.47282767,60.21094131,4.62989239560537,8.586663575271672
GTM,2023,6.20657592272126,5758.32760847852,2.43609333,57.18184662,4.734740380431,8.658576012236773
GTM,2024,2.86992752918294,6150.02571438505,,,4.84933494994855,8.724374129720692
GUY,2000,6.14854333024871,931.796651718955,1.78830874,40.24978256,3.8441775448726,6.838187226094669
GUY,2001,2.62741314203332,931.574723847673,1.63222313,42.25862503,3.87388772069812,6.837949281120026
GUY,2002,5.3410152137741,950.866932470993,1.73537362,40.30484009,3.90668786305804,6.858425248205492
GUY,2003,5.98097814066473,973.742598054188,1.72908437,38.46101379,3.95589577533264,6.882173434147481
GUY,2004,4.66846622369882,1033.31030902188,1.73980284,37.145298,4.02436721063773,6.941490115482766
GUY,2005,6.92554303890157,1084.06541388904,1.78057182,35.11706161,4.09599507960164,6.989395553455887
GUY,2006,6.67715790410028,3135.60553528326,1.65196764,35.29148102,4.17297733167406,8.050896454438696
GUY,2007,12.2001544446648,3608.28685240188,1.6837045,32.98963165,4.26108906462948,8.191265484000674
GUY,2008,8.10202206969276,4008.9628671603,1.69491982,35.32624817,4.36267114052158,8.296537260197965
GUY,2009,2.95230096381001,4209.13230624565,1.88041246,32.84931946,4.47876196326523,8.345249352844295
GUY,2010,3.73337757704246,4581.76179693492,1.81934333,34.74687195,4.61337339082143,8.430057107800497
GUY,2011,4.9777356370697,4947.22170589917,2.02701139,34.81385803,4.76946417155731,8.506783539683015
GUY,2012,2.39193521312334,5444.39751913913,1.79707813,38.89627838,4.9117733959454,8.602526038972046
GUY,2013,1.90125181860582,5556.91231156932,1.88811839,37.95722198,5.03398902564793,8.622977833202338
GUY,2014,0.852630497539914,5472.68820452237,2.17510056,35.95363998,5.16799274490904,8.607707928629159
GUY,2015,-1.00173432776374,5640.41560569466,2.35677791,33.71472549,5.31233649761921,8.637890306915894
GUY,2016,0.836008061506207,5870.87823759835,2.5319159,29.93546677,5.46390010844112,8.677929833975533
GUY,2017,1.90465615515584,6178.6650437298,2.79179382,28.84054756,5.62383983416582,8.72901934893914
GUY,2018,1.28284288443528,6048.38697180418,2.95149112,33.73039627,5.68355598565104,8.707712218916447
GUY,2019,2.08723089162013,6405.82443444562,2.90384364,35.02374649,5.79881510279633,8.765119019116803
GUY,2020,0.99333702283873,6775.70939096303,3.97433281,22.53687859,6.0011281992219,8.821246922552662
GUY,2021,5.03285574626702,9860.87014834386,3.19546413,27.68821144,6.08125010729851,9.19643109982899
GUY,2022,6.11505550109935,17913.4928066879,1.73739421,25.17513847,6.22245590205894,9.793365318240767
GUY,2023,2.82110335099641,20473.7002190617,1.73029017,26.32743073,6.47955534741206,9.926945267298418
GUY,2024,2.90395226446373,29675.2443873316,,,6.73491868776595,10.298102152459885
HKG,2000,-3.68550368550369,25756.7728723704,,,11.1115337025092,10.156491719662764
HKG,2001,-1.65816326530609,25230.3780910304,,,11.3611588963099,10.135843661270274
HKG,2002,-2.98313878080415,24665.8362318216,,,11.6260153603174,10.113214957757608
HKG,2003,-2.67379679144394,23977.1734120477,,,11.888090324602,10.084899254372889
HKG,2004,-0.274725274725253,24928.1003722551,,,12.1360867813315,10.123791089715464
HKG,2005,0.826446280991827,26649.637724155,,,12.3636133879406,10.190568358919501
HKG,2006,2.00025160397534,28224.0951563146,,,12.5486106802826,10.247966760360793
HKG,2007,2.03502713369511,30593.9511738646,,,12.6682799373722,10.328590280009262
HKG,2008,4.30315484104921,31515.5292103443,,,12.7828488616181,10.35826742402382
HKG,2009,0.579441418472608,30697.5383861641,,,12.9614458501573,10.331970322870715
HKG,2010,2.29289088604673,32550.136489179,,,13.1975717642897,10.390567562209345
HKG,2011,5.3052489299392,35142.4879344543,,,13.486946850326,10.46719461505249
HKG,2012,4.05390950903844,36730.796195815,,,13.8382732766741,10.511398040308324
HKG,2013,4.33799342105267,38403.7777145477,,,14.2604519202377,10.555937150486015
HKG,2014,4.42364532019699,40315.3739510191,,,14.7773471700699,10.604512966930786
HKG,2015,2.99084819322581,42432.1619740441,,,15.3825958222931,10.655685457551343
HKG,2016,2.40930743862224,43734.1980702999,,,15.9950861294117,10.685908504717597
HKG,2017,1.49387243939522,46160.429791493,,,16.5707384721456,10.739899875388
HKG,2018,2.40613432046534,48537.5668888343,,,17.1963488832139,10.790113954510877
HKG,2019,2.88320853773996,48359.0011950597,,,17.9525256642131,10.786428329440469
HKG,2020,0.2509620210808,46109.2299946609,,,18.8252625701822,10.738790113144523
HKG,2021,1.56875834445922,49770.5642374739,,,19.7548994425421,10.81519910068308
HKG,2022,1.88136707196853,48825.8441873536,,,20.6844238114149,10.796035526405928
HKG,2023,2.09660511249089,50562.3633144379,,,21.6452568609024,10.830982547859048
HKG,2024,1.72972119105914,54074.6928519479,,,22.6671478593232,10.898140063535253
HND,2000,11.0480349344976,1092.56400746252,3.02285886,45.94881821,2.95559781065703,6.997197372891647
HND,2001,9.67415556865377,1132.1648753329,2.49121737,52.52028275,2.9523558251688,7.0327697714760635
HND,2002,7.69050972034271,1132.49965345317,2.54012251,51.85142517,2.95329556006943,7.033065164215882
HND,2003,7.67416639397937,1156.08162681357,2.61311603,48.32307053,2.95697010329653,7.053656275105779
HND,2004,8.1137909709338,1215.13995412761,2.45127177,50.05726242,2.96068862635806,7.103437149758265
HND,2005,8.80906074819819,1304.70039153826,2.91977549,49.06471634,2.96412131839966,7.174494874282417
HND,2006,5.57775207654298,1425.84780051892,3.27406335,49.86248779,2.96961589336164,7.263222954829167
HND,2007,6.93621470895774,1577.73789197407,3.33394694,49.79936981,2.97925977292205,7.3643810042601965
HND,2008,11.4034270813932,1732.49062702803,3.31875777,51.41562271,2.99476311458459,7.457892358146532
HND,2009,5.49634273772208,1781.15703614674,3.96730256,44.90908813,3.01773581198839,7.48557972768724
HND,2010,4.69889064976226,1893.32722662035,3.69605827,46.26252747,3.04945297131114,7.546619028949885
HND,2011,6.7622795731476,2073.66121088074,3.89370441,45.79560852,3.09140488418648,7.637553147469793
HND,2012,5.19618615531848,2126.03474686503,3.3830452,49.86003494,3.1480962903768,7.662484151157557
HND,2013,5.16189898581494,2081.12843527945,3.4937377,49.25833893,3.22201663746013,7.641145935686984
HND,2014,6.12924930313022,2179.88171977271,3.19305706,48.68778229,3.31527020626721,7.687484532623134
HND,2015,3.15783117980923,2271.20265980349,2.94796515,50.66353989,3.4226865952786,7.72850497472023
HND,2016,2.72461223295289,2307.34468351082,3.09310865,49.7650795,3.53528544321415,7.74428595941974
HND,2017,3.93436084442044,2413.0076562942,2.85400987,49.70353317,3.6514707524241,7.789043573273905
HND,2018,4.34734937777528,2464.64241531918,2.84892344,52.14417267,3.76996993561992,7.810207667256617
HND,2019,4.36587159819267,2502.32744328073,2.89673924,52.32635117,3.88983564207188,7.82537610320344
HND,2020,3.46841177951184,2307.61494319511,3.50717759,50.04225922,3.99409445424469,7.744403031998427
HND,2021,4.48087963413445,2735.14751503977,3.47907257,51.70560074,4.0706416641638,7.914306193604714
HND,2022,9.08963911525025,3003.28996826399,3.20130515,52.33385086,4.16665073884696,8.007796535610375
HND,2023,6.66325180347457,3227.45762509776,2.46127725,53.06166458,4.29272330819849,8.079759786720283
HND,2024,4.60621098127107,3426.43483328923,,,4.41772213694935,8.139567398356883
HRV,2000,4.61131554737801,4953.65158789022,6.50514507,13.86125183,15.916732940686,8.508082129032566
HRV,2001,3.77670246665889,5364.83824691607,5.89368153,14.38989353,16.3137839160889,8.587807886460425
HRV,2002,1.67178437393383,6219.58164143945,4.85369205,18.63236427,16.6629681510778,8.73561869284674
HRV,2003,1.76733780760629,8190.11135193887,5.12203264,16.64276314,16.9764059882703,9.01080486384865
HRV,2004,2.05539679050328,9718.97322801967,5.19365215,18.12159729,17.2401724293341,9.181938143131728
HRV,2005,3.31717824448045,10443.5278353294,5.8138175,13.39059639,17.4721125391927,9.253833468117714
HRV,2006,3.18982591472949,11501.2099669894,5.84456825,13.31465816,17.6497173177626,9.350294466931409
HRV,2007,2.89928275583388,13755.8321073292,6.38684225,12.39423656,17.8090501185775,9.529290860223494
HRV,2008,6.07696838798354,15888.0606949392,6.40165615,14.51390839,17.9300058255278,9.673386144815566
HRV,2009,2.37852845904674,14474.6519774194,6.65384912,13.74662781,17.9445430208648,9.580223343044773
HRV,2010,1.03055505333574,13729.7654965022,6.63025713,13.95677757,17.8775514569316,9.527394250776831
HRV,2011,2.2727272727273,14691.558296292,6.25037861,12.05227661,17.9482034299939,9.59509640623745
HRV,2012,3.41207349081358,13507.7805260991,6.30977678,11.47270298,18.2004685581559,9.51109516234271
HRV,2013,2.21658206429779,14134.9474982889,5.44869661,8.83226299,18.4765925399494,9.556476299949688
HRV,2014,-0.215196159576268,14186.7295493276,5.51811647,11.27570152,18.8122396153648,9.560132753781158
HRV,2015,-0.464499004644911,12283.7840620053,5.5316987,10.94543266,19.2311236257324,9.416116707430449
HRV,2016,-1.12500000000002,12820.1653893008,5.54387617,10.97408199,19.6581193481792,9.458852630344765
HRV,2017,1.12937210282347,13901.7878144679,5.49144459,10.96659565,20.1354432241616,9.53984466120081
HRV,2018,1.50012501041756,15460.3669595491,5.53542042,11.38725376,20.6682803013664,9.646099737349692
HRV,2019,0.771820346498019,15563.5987295029,5.53433323,11.46475887,21.1822163945349,9.652754302235193
HRV,2020,0.154811374562106,14807.5608543265,6.28337812,10.44882107,21.6661760190675,9.60296072862567
HRV,2021,2.55450699642041,17788.7865816658,6.79773712,9.39887428,22.1006673274542,9.78637978405424
HRV,2022,10.7805806758686,18465.5414420364,6.16261101,9.1891737,22.4847051223347,9.823715802927111
HRV,2023,7.9412817758683,22184.2279304842,6.00462341,9.37740326,22.815365461733,10.007181937841107
HRV,2024,2.97200477643618,24050.4397933135,,,23.1877713482095,10.087950140407813
HTI,2000,9.33322197565603,820.600046761464,0.87098479,44.37343597,3.57857516983613,6.711253715529469
HTI,2001,13.31672224251,748.821159844528,0.72717297,45.20530319,3.59739770418777,6.619834724555161
HTI,2002,7.03287406224601,720.969568042522,0.48891512,48.17779922,3.62702742830469,6.581982988478917
HTI,2003,28.6995777887374,578.995291079709,0.51697874,48.05616379,3.66376418300573,6.363019984679419
HTI,2004,21.0318339277222,683.185298155273,0.58639508,46.48625946,3.70102992470593,6.528228784670539
HTI,2005,13.973008326384,775.845704056916,0.58343035,46.01602173,3.73855858884287,6.655241751570884
HTI,2006,11.3452152244299,828.805700289589,0.28958338,43.06276703,3.77793259569024,6.721191577349249
HTI,2007,6.55722772638066,984.566983448521,0.79249322,40.12002563,3.81828867881693,6.893217093281994
HTI,2008,15.2817744823772,1094.66058421644,0.83237052,38.57956314,3.86006404831003,6.999112733611464
HTI,2009,0.393886040173341,1196.8528706018,0.78221947,39.27423859,3.90231548207892,7.088285958613954
HTI,2010,4.82734190074673,1209.72733503094,0.81272614,33.30967331,3.91455667860211,7.0989765613319
HTI,2011,6.33279483849042,1312.03953552013,0.42167202,26.08627892,3.92534834050578,7.1800999846797335
HTI,2012,5.01804155429246,1361.39396587374,0.45754522,28.43981743,3.96631680930563,7.216998700297082
HTI,2013,4.76502404779142,1457.83221179626,0.47550055,36.24164581,4.013426446186,7.28539153971368
HTI,2014,3.43816659958601,1460.18898613914,0.4683435,31.0153141,4.06110051493097,7.287005757347647
HTI,2015,6.73184069658997,1411.12684746796,0.56089777,33.96487808,4.11116669706763,7.252852249335489
HTI,2016,11.5029073942666,1318.40268167953,0.52977306,35.29019165,4.16856386152331,7.18493439928597
HTI,2017,10.6800887242584,1395.23945184461,0.46510881,45.40202332,4.2310954750866,7.241537795722545
HTI,2018,12.4814111170435,1496.38048970156,0.52653241,38.85435486,4.29881788711147,7.311472520261694
HTI,2019,18.7037825672506,1352.17204191532,0.40745705,39.03829193,4.37038159637999,7.210206775974318
HTI,2020,22.7963113642528,1290.32538667383,0.48513991,41.99921036,4.43421149058579,7.16342440143929
HTI,2021,16.8415240198785,1841.33189337222,0.40921035,45.45271301,4.48425551488204,7.518787381568441
HTI,2022,33.98393194707,1760.62635668777,0.34204665,51.71757889,4.54071966651153,7.473992727645641
HTI,2023,36.8135162780854,1705.75808460999,0.29809323,52.40410995,4.61815413470631,7.442350993132045
HTI,2024,26.9490564091987,2142.62330526788,,,4.70521824612954,7.670252809584305
HUN,2000,9.80361016908125,4629.91760812548,4.66075277,27.32668304,14.9079600272781,8.440510314943836
HUN,2001,9.11680911680911,5280.94887987063,4.56258917,28.81419945,15.0282982957088,8.572050414633535
HUN,2002,5.26544821583985,6658.04494326809,4.92859268,27.51259041,15.1445305011888,8.8037313513397
HUN,2003,4.66101694915254,8410.09248198479,5.6894331,26.35519791,15.2593891183497,9.037306647263396
HUN,2004,6.74434679569469,10291.2694721409,5.40700102,25.83203506,15.3777428066872,9.239148355738713
HUN,2005,3.56151711378352,11212.2046968994,5.60735846,25.76445389,15.5256869215135,9.324847353613919
HUN,2006,3.93032603841001,11478.4891640501,5.4774394,25.01134109,15.6863377235075,9.348317170978452
HUN,2007,7.9587451654491,13934.605460375,4.88565254,26.2612381,15.8737698114172,9.542202387868835
HUN,2008,6.0425125388106,15762.6322515113,4.80511093,26.34925461,16.0784880624344,9.665460809668723
HUN,2009,4.21171171171171,13051.1831777184,4.91961193,26.23458099,16.3035583696567,9.476710692070629
HUN,2010,4.85555795691956,13189.8433874768,4.97306871,27.41594887,16.4983294883917,9.487278185098338
HUN,2011,3.9299209893507,14211.460557822,4.96192122,28.21635818,16.702614184748,9.561874362879708
HUN,2012,5.65214517088646,12950.1594488143,4.81794548,29.37169647,16.9920445700114,9.468940595846842
HUN,2013,1.73319984983101,13739.4620151401,4.79123878,28.36042023,17.3215490022521,9.528100190767063
HUN,2014,-0.227566270988219,14352.501883174,4.69849157,28.33863068,17.6863017779257,9.571749225087057
HUN,2015,-0.0616446800641672,12782.9412577973,4.6434226,27.48835373,18.0559904650891,9.45594507301719
HUN,2016,0.394769306686392,13215.8605277789,4.71779013,27.68942833,18.4382661409188,9.489248606215098
HUN,2017,2.34824281150154,14736.1668157258,4.60974598,27.24947357,18.7797493757284,9.598127936666453
HUN,2018,2.85024792594646,16605.0570511887,4.53718567,26.78894615,19.1292329288769,9.717522790392897
HUN,2019,3.33858635382008,17012.8598553199,4.26813841,27.78665924,19.6029229874294,9.741783576480623
HUN,2020,3.32674385766738,16386.9308821258,5.09558201,26.14737511,20.0906737724303,9.704300421067302
HUN,2021,5.11096534382855,19030.628130329,5.29752254,24.64035225,20.4050134893418,9.853857512612047
HUN,2022,14.6081439492433,18428.028825614,4.8313055,24.01359367,20.6075593133653,9.821682353975044
HUN,2023,17.1249659678737,22230.6277875187,4.67247677,23.05996895,20.819084281895,10.009271229087094
HUN,2024,3.70370370370369,23292.3263882478,,,20.9931972318078,10.055922177422188
IDN,2000,3.68862037056682,763.711124950924,0.54974306,45.19502258,5.01249966505118,6.639498148069012
IDN,2001,11.5001160550887,732.307093405708,0.77221775,40.49210739,5.1227590146499,6.597564568318627
IDN,2002,11.9001200338414,881.002913569131,0.67425066,46.37796402,5.23365156758796,6.782195359367697
IDN,2003,6.75731256333564,1043.2105838671,0.81785041,46.01685333,5.34256074228962,6.951016456787084
IDN,2004,6.06406189133648,1126.84004447173,0.74926209,45.9106369,5.44355763331562,7.02805961745645
IDN,2005,10.4532001873347,1238.21447629488,0.73213077,55.3282814,5.53638742565404,7.122232971002534
IDN,2006,13.108670985346,1558.31562847163,0.83084059,53.37503815,5.62191135970264,7.352002304289044
IDN,2007,6.40656087966005,1823.21976255073,1.01869452,49.54561996,5.69806327839824,7.508907647231247
IDN,2008,10.2266663272483,2124.55483920618,0.89791358,49.36756516,5.7661831229302,7.661788148080543
IDN,2009,4.38641311792074,2218.48541852977,0.92164314,49.22135544,5.82733610243643,7.705030654543012
IDN,2010,5.13420639015885,3065.68348377765,0.66109079,60.58386612,5.88111754239724,8.028351958194524
IDN,2011,5.35604849112582,3579.46442466152,0.70190871,56.22341919,5.92975191505166,8.183247798539938
IDN,2012,4.2795142691943,3632.27254030331,0.76724905,53.61792374,5.97203208843423,8.197889047382532
IDN,2013,6.41249457900391,3566.60284506078,0.81686825,50.89988327,6.00968683645659,8.179649177263643
IDN,2014,6.39492882396559,3441.06808464008,0.99270725,45.24729156,6.04134063476124,8.14382775712207
IDN,2015,6.36312061196646,3288.22269725538,1.15799773,42.71576691,6.08184727833196,8.098406553612692
IDN,2016,3.52580452815451,3521.46943457574,1.37558317,38.12414932,6.14856356267664,8.166917566538805
IDN,2017,3.80879857691949,3798.88326174526,1.34984481,36.17775345,6.2384335097991,8.242725624649237
IDN,2018,3.19834755924996,3860.95353090726,1.395854,35.23954773,6.3509593367423,8.258928430525406
IDN,2019,3.03058460941661,4106.94856160358,1.39791656,34.55001068,6.48567879421327,8.320679049451938
IDN,2020,1.91983527270793,3853.70288774146,1.88725579,31.19621658,6.60790527723472,8.257049211105436
IDN,2021,1.56007882983334,4287.17313995098,2.20201159,27.1673317,6.68701065764471,8.363616079722552
IDN,2022,4.20946463714784,4730.83484836107,1.39438057,32.9629097,6.82466625959862,8.462068323466625
IDN,2023,3.66938654859761,4876.30774512252,1.44882917,31.0836544,7.04854077766648,8.492348655036148
IDN,2024,2.18151273615189,4925.43048751861,,,7.28860130431549,8.502369965750999
IND,2000,4.0094359104519,442.750218937263,0.84906155,71.70202637,4.41058746962383,6.095261834169252
IND,2001,3.77929312235637,450.357900514128,0.81879407,74.1062088,4.46128426322486,6.1122605957764735
IND,2002,4.29715203929563,469.149928973927,0.78371018,73.3739624,4.51627622226394,6.1530516416519845
IND,2003,3.80585899528851,544.143133545002,0.76340038,73.42475128,4.57336676437993,6.301048390539731
IND,2004,3.76725173477515,624.258826510066,0.72411484,72.48267365,4.62602267494844,6.438165686427485
IND,2005,4.24634362031922,710.488080408949,0.77590197,73.14936829,4.67467509912271,6.56735866462633
IND,2006,5.79652337561634,801.668353659022,0.75237411,72.25708008,4.72189908061262,6.687941619493055
IND,2007,6.37288135593231,1021.88707706826,0.74839747,70.81672668,4.7700034284851,6.930384375761356
IND,2008,8.34926704907581,992.519584923828,0.8119961,69.14794159,4.82207897305879,6.901253774856281
IND,2009,10.8823529411764,1094.94974598436,0.90823442,66.75775146,4.87809420851412,6.999376614252665
IND,2010,11.9893899204244,1347.51939071367,0.87431055,65.18476868,4.94044719106105,7.206762521945196
IND,2011,8.91179336483371,1445.46127486037,0.93731916,62.22489929,5.0124057389161,7.276875352443838
IND,2012,9.47899691419801,1429.32199520032,0.93186861,63.00013733,5.09338826047327,7.265654869375418
IND,2013,10.0178784746102,1432.84397512195,0.86504197,69.07303619,5.18262772655076,7.268114211280397
IND,2014,6.66565671867899,1553.88396075118,0.85653549,67.01399994,5.30715461269221,7.349156198517738
IND,2015,4.90697344127256,1583.99815907985,0.92193186,64.66441345,5.46921307827757,7.368338524846889
IND,2016,4.94821634062141,1707.50892912243,0.94049966,63.20619965,5.64173085340436,7.443376297835181
IND,2017,3.32817337461298,1950.10468280866,0.96734685,55.11247635,5.8247052897296,7.576150995159416
IND,2018,3.9388264669163,1966.25455171679,0.98024821,53.22994614,6.01925951437221,7.5843942211584015
IND,2019,3.72950573539129,2041.42863698585,1.03550148,52.00421143,6.22347304109804,7.6218948870715595
IND,2020,6.62343677628535,1907.04251637669,1.21139216,49.51094055,6.41685302336898,7.5538331349762595
IND,2021,5.13140747176369,2239.61384367482,1.35207272,45.10914612,6.54579069268807,7.714505144662539
IND,2022,6.69903414079852,2347.44829434623,1.37196231,44.54133987,6.69899975408181,7.761510088765766
IND,2023,5.64914318907925,2530.12031278204,1.30319667,43.88510513,6.92184330138637,7.836417295085842
IND,2024,4.95303550973656,2694.73780859961,,,7.14651714039908,7.899427215299803
IRL,2000,5.57763269940387,26334.5672050501,4.57260036,12.11708832,11.1884415470003,10.178675669754663
IRL,2001,4.85280279607477,28282.409882073,5.014184,10.64706802,11.1405544060403,10.250030688486994
IRL,2002,4.62820512820515,32705.4345565698,5.27079201,10.46707439,11.1021211202504,10.395327112957869
IRL,2003,3.49221909079765,41203.5295847568,5.51941919,13.14827919,11.0840647293282,10.6263034706721
IRL,2004,2.17854605730523,47754.2023194244,5.69755459,12.21867085,11.078943779667,10.773843289072248
IRL,2005,2.45654692931639,50933.0216095589,6.02741861,13.55300426,11.0134951064717,10.838286380231825
IRL,2006,3.93576114001354,54329.1618599624,5.84971762,13.92956161,10.8715785725539,10.902834818741617
IRL,2007,4.88574537540802,61396.417461176,6.18633509,11.57123661,10.7786980486913,11.02512305235775
IRL,2008,4.03568834941391,61353.1065629523,7.23859835,11.86308861,10.8486525689537,11.02441738454034
IRL,2009,-4.44754686876746,52133.0906162544,8.11006927,12.70052719,11.0745691427321,10.861574344206971
IRL,2010,-0.918388645376774,48623.9666422487,8.01437855,13.79563713,11.378359230371,10.79189239489992
IRL,2011,2.5489783020855,52613.8540355689,7.56952333,13.58319378,11.7171523074328,10.870753754973
IRL,2012,1.69474116680366,49335.8408099555,7.56647778,13.32511616,12.0822402487581,10.806426359049933
IRL,2013,0.515099484900573,52537.6108648692,7.12790918,13.7602396,12.4475140098686,10.869303623317657
IRL,2014,0.190916398713745,57214.5379785709,6.58024883,13.98668671,12.7951907142582,10.954580783461623
IRL,2015,-0.330959783371788,64250.1385181257,5.08183002,13.51100063,13.1102542122923,11.070554722726937
IRL,2016,0.0201247735963237,64129.5571542383,5.29494858,13.47187138,13.3920921055483,11.06867623999287
IRL,2017,0.362173038229378,72161.4047531385,5.019907,13.108531,13.6720454120936,11.186674479474169
IRL,2018,0.471130713712916,80804.1123164826,4.96560764,12.65782166,13.9535917035732,11.299795513751242
IRL,2019,0.937842961189274,81827.6688873996,4.8862195,12.65658474,14.2437778846663,11.312382936584767
IRL,2020,-0.326183651280033,86514.0706108754,5.41204929,11.43556595,14.5621473419585,11.368073904459582
IRL,2021,2.34034113447044,103783.446284479,4.93912601,11.52564526,14.8535759354494,11.550071395369551
IRL,2022,7.82945736434105,105190.685952731,4.60636616,11.55095387,15.16194031114,11.563539545295066
IRL,2023,6.29942487419125,106818.917130804,5.03631401,11.29947281,15.5417068369309,11.578899678109936
IRL,2024,2.11344999577317,112894.953240805,,10.60706902,15.8920783803289,11.634221905746946
IRN,2000,14.4767513188567,1650.01385833785,1.78084624,59.60016251,4.19808912432273,7.40914483779032
IRN,2001,11.2742471332117,1881.02266635283,1.97451782,59.23665619,4.29987440699502,7.540102363830945
IRN,2002,14.3359337378404,1891.25756091033,1.82648432,54.74597549,4.43629403618224,7.545525871906134
IRN,2003,16.4680116244792,2208.99636552406,1.95293641,54.06885147,4.55840349783784,7.700746149951197
IRN,2004,14.7615086970672,2672.4226651404,1.86830163,56.55964279,4.6275198944391,7.891114827522082
IRN,2005,13.433118008508,3132.0508192007,1.95377719,56.094944,4.68743550171029,8.049762511440077
IRN,2006,10.0158982511924,3618.91601364428,2.15025973,51.68798828,4.74588721961858,8.194206103899926
IRN,2007,17.3410404624277,4687.99166260718,1.95606387,53.21485901,4.82830988002135,8.452972841013187
IRN,2008,25.4105090311987,5377.4115072957,1.86860132,55.47851181,4.93334608236979,8.59014835069138
IRN,2009,13.5515548281506,5415.52280553446,2.24113083,56.02760696,5.04251657694945,8.597209339758825
IRN,2010,10.0893629287979,6291.19443655454,2.03566408,59.39722061,5.1594491496266,8.747065165886742
IRN,2011,26.2933856738608,8025.68743364356,2.0313952,57.52153397,5.28817773019186,8.990527197999253
IRN,2012,27.2568127242908,8114.08099831877,2.05416632,54.96147537,5.42934551712577,9.001479461207415
IRN,2013,36.6030355191029,6222.74194840326,2.17463541,47.86219025,5.57949828703863,8.736126604266584
IRN,2014,16.6065532357449,5672.06372896319,3.27688289,40.10943604,5.77067909295602,8.643484590995744
IRN,2015,12.4846815611533,4952.73355532178,4.21780825,38.95087051,6.00659988151446,8.507896824856799
IRN,2016,7.24542548952979,5710.59947089104,4.12576914,36.55317688,6.25108188270571,8.650254380918529
IRN,2017,8.04492437660278,6000.93346404409,4.1947484,32.80345154,6.50077915475875,8.699836940308092
IRN,2018,18.0141183371874,4783.01067340237,3.1700592,39.99976349,6.75643435185291,8.473034526690347
IRN,2019,39.9073455697784,3997.4935449585,2.74998093,39.13536072,7.01598841078797,8.29367295540488
IRN,2020,30.5941390387295,3202.50003502169,2.47541046,37.40495682,7.22935544150952,8.071999252011397
IRN,2021,43.3890162681514,4605.14881318992,2.27706981,41.70082092,7.40518218273343,8.435147388410591
IRN,2022,43.4884641742179,4721.20437099984,2.62992668,41.58701706,7.62900026195697,8.460030997310286
IRN,2023,44.5791857572797,5049.29931642754,2.81532979,43.14528656,7.91608360551928,8.527202791092686
IRN,2024,32.455871402917,5190.16959024821,,,8.23901267627149,8.554714305347169
IRQ,2000,4.97896213183735,1980.18916038782,,,3.08035037259987,7.591452529463409
IRQ,2001,16.3740814963262,1435.695683789,,,3.05120591584029,7.270101091758663
IRQ,2002,19.316694601979,1266.15961275094,,,3.02836097946751,7.1445331493014255
IRQ,2003,33.6162105992383,817.887862499622,1.35636795,54.54956436,3.01094758939678,6.707947154453786
IRQ,2004,26.9619068193272,1328.37157628292,2.72581053,28.61632156,2.99862260978487,7.192461610517556
IRQ,2005,36.9594809201871,1762.39360423421,2.02030635,29.04392815,2.99116268749022,7.474995415695124
IRQ,2006,53.230962911428,2276.55435744086,1.53326082,32.58729172,2.98658664387656,7.730857496002255
IRQ,2007,-10.0674925768978,3128.99010329066,2.03766322,29.54823112,2.98484161181859,8.048785121641233
IRQ,2008,12.6628528269228,4542.96609046032,2.37276387,21.31552696,2.98752524741478,8.421555497886418
IRQ,2009,6.8736154721255,3714.71205987194,2.89204693,22.36846352,2.99326579903006,8.220325610352356
IRQ,2010,2.8777472527476,4461.75196161555,2.38097811,26.03185081,2.99874222774504,8.403520886480655
IRQ,2011,5.801455370853,5775.54229080293,2.08112431,25.02887917,3.0001455004005,8.661560563077426
IRQ,2012,6.08909641595043,6477.59618450955,1.00896454,61.66325378,2.99517818275334,8.776259127683907
IRQ,2013,1.87949800749469,6650.35282247395,1.1463443,58.57234192,3.00146343790312,8.802575544911397
IRQ,2014,2.23597407904679,6249.39226978969,1.03747606,62.02973557,3.02041509700436,8.740399503927273
IRQ,2015,1.39333028780309,4440.14189252367,0.73074299,76.19068909,3.04510842357688,8.398666805361218
IRQ,2016,0.556521397155511,4334.42096404188,2.53573442,44.25166702,3.08574346197846,8.374573992698766
IRQ,2017,0.18405889884769,4759.2846435467,1.69484437,58.04656601,3.15072288734421,8.468062744502006
IRQ,2018,0.367441488936849,5646.68932074742,2.001724,50.39333344,3.23303566296358,8.63900177071032
IRQ,2019,-0.198965380023928,5671.8568632942,2.07680917,50.09696198,3.31720320491488,8.643448125789181
IRQ,2020,0.574162679425795,4295.18945121228,2.5794127,54.66120911,3.36039554185808,8.365483734660549
IRQ,2021,6.04186489058044,4868.49431080783,2.53705359,49.908741,3.38104730072539,8.490745373068675
IRQ,2022,4.99476596381044,6520.73154560584,1.98248768,53.0931778,3.39760558019799,8.782895194141462
IRQ,2023,4.35835351089586,5965.31835077761,2.54604125,53.9823761,3.39670394377039,8.693885324492088
IRQ,2024,-12.2969837587007,6073.61032342708,,,3.41438792372575,8.711873121859577
ISL,2000,5.13647123245151,32503.578963236,7.18854856,18.01660347,11.5722767349261,10.389136249570091
ISL,2001,6.40508550386868,29208.1981853568,7.05830956,18.08239555,11.5992668017295,10.282238945000126
ISL,2002,5.19702230216628,32749.379004627,7.65274143,17.30354309,11.6676576022141,10.396669813656802
ISL,2003,2.05566329753742,39944.2104095591,7.9075551,17.38764763,11.7252809861708,10.595264054384034
ISL,2004,3.15819324298464,47809.6073050042,7.55137873,17.70444489,11.7569142464023,10.775002804007665
ISL,2005,3.98704782806593,57783.7745608117,7.24719429,17.58861542,11.7210095187722,10.964480604057494
ISL,2006,6.68707906136661,58172.1426656622,6.98110867,16.94632339,11.6173150713783,10.971179060985486
ISL,2007,5.05155736492146,70483.0117228535,6.85141087,16.47036171,11.5446630119316,11.163141179007964
ISL,2008,12.6943942775878,57489.3399795216,6.85962439,16.27143288,11.5783688618945,10.959372212315655
ISL,2009,12.0031298461743,41483.7843682814,7.16391802,16.8747921,11.8021292355592,10.633081997261119
ISL,2010,5.39673113167477,43776.4677400475,6.67772865,18.66119576,12.1351655466781,10.68687452883864
ISL,2011,4.0010266434312,48254.953927254,6.61492586,18.38645554,12.4507656586356,10.784274496610333
ISL,2012,5.18589988750698,46594.9869146614,6.58818579,18.45556641,12.7719224973156,10.749269698694265
ISL,2013,3.87227923748249,50173.3360061057,6.61044264,18.14305305,13.0702053657851,10.82325894001655
ISL,2014,2.04461481539333,55140.364935793,6.68532133,17.84677696,13.3619327506584,10.917655438275638
ISL,2015,1.63305558181326,53505.6964079339,6.58261681,17.50760269,13.679345765165,10.887562091554862
ISL,2016,1.69692761997751,62854.0906407932,6.65842867,16.74673653,13.9213912898367,11.048587207409671
ISL,2017,1.76041559180596,72976.3729990975,6.82592249,16.32500076,14.0228770869629,11.197904713166862
ISL,2018,2.68291768267392,75633.8651351915,6.9620142,15.82414627,14.1209962193995,11.233672634894182
ISL,2019,3.01397179156053,69296.3144361601,7.16506433,15.4256382,14.299299000969,11.146161431702126
ISL,2020,2.84792401518665,60127.9393575616,8.051507,14.87056255,14.5643646996569,11.004246524722241
ISL,2021,4.44423970189739,70425.4064277273,8.14422035,14.54324341,14.8686344991929,11.162323563119921
ISL,2022,8.3087551155892,76350.4550416502,7.69027185,13.67356491,15.1109948456115,11.243102367985163
ISL,2023,8.73630299937298,82138.7892973557,7.27967358,14.68500805,15.3483031550157,11.316177822342366
ISL,2024,5.85683849970066,86040.5309851288,,14.87985802,15.6448154592516,11.362585377099796
ISR,2000,1.03263640999489,21706.5194056329,4.16107655,29.48983002,9.72425912757915,9.985413995894225
ISR,2001,1.12302839116721,20966.3052667971,4.38720655,30.3302002,9.74750406630562,9.950719611432445
ISR,2002,5.80234589468429,19076.4584298321,4.42173243,27.84285736,9.81790919278782,9.85626273014593
ISR,2003,0.70763061681807,19643.4690380742,4.2819376,28.62854767,9.8951378017537,9.885551103786844
ISR,2004,-0.421595034547416,20568.0694088834,4.19897032,28.72548866,9.9373061958742,9.931543741413785
ISR,2005,1.34070328119492,21286.8388636595,4.12496138,30.24324989,9.95144916787625,9.965891243278046
ISR,2006,2.05407914587443,22527.2619795719,4.17553473,25.72410393,9.94223945345664,10.022525887954956
ISR,2007,0.466226972936065,25721.2594077311,4.04315805,26.66324234,9.89574079832473,10.155112020828094
ISR,2008,4.52744765138651,30269.217773489,4.17143965,25.34702873,9.83820889457511,10.317919596356882
ISR,2009,3.3676231727125,28508.4938886475,4.20548964,25.41890717,9.83114851647827,10.257992429684872
ISR,2010,2.70270270270273,31439.0887027614,4.30216122,23.8116951,9.89778832137184,10.355839067873813
ISR,2011,3.48837209302323,34522.5215979073,4.25976515,23.7593441,10.0737415795495,10.449396156155926
ISR,2012,1.67553715750052,33321.4300881602,4.34608603,23.40835571,10.3421950725313,10.413986025438916
ISR,2013,1.58976347421476,37034.3161080785,4.40172148,22.65417099,10.5899969533043,10.51962722579853
ISR,2014,0.467557251908503,38343.3046626235,4.43815184,23.01003265,10.795297915876,10.55436128631759
ISR,2015,-0.617342577642765,36213.1041481958,4.45243502,22.50102615,11.0178266647386,10.497203939286205
ISR,2016,-0.535168195718695,37671.5389138798,4.49493361,22.82260704,11.2613992767727,10.536686697243658
ISR,2017,0.249807840123008,41138.470964272,4.58158922,22.43102837,11.4924645678713,10.624723303723973
ISR,2018,0.805060379528526,42362.6652754196,4.67882729,21.83692932,11.7012951661424,10.654046322776166
ISR,2019,0.817645940292794,44250.6313628073,4.67124081,21.35632706,11.8854991652299,10.697647516712603
ISR,2020,-0.575254620897756,44575.5719045492,5.25961494,20.42716408,12.0528770588893,10.704963706373155
ISR,2021,1.47965474722561,52270.9040241956,5.60308933,17.47307587,12.1979895950145,10.864214297754753
ISR,2022,4.41162725488371,54949.621556429,4.42022657,24.68896103,12.3030366078735,10.914190271076786
ISR,2023,4.22522603168918,52003.7200729997,4.63090897,20.48583984,12.4157088880088,10.85908976407877
ISR,2024,3.07480889805025,54176.6844383302,,,12.5526937672772,10.900024376415152
ITA,2000,2.53768532095002,20190.0035636084,5.48200989,26.46448326,18.2167668390368,9.912992416045252
ITA,2001,2.78516542713554,20570.4385917862,5.75421619,24.47626686,18.5127619063707,9.931658916603423
ITA,2002,2.46532319171165,22451.3964379368,5.87404585,24.12543297,18.7987896858146,10.019152633038612
ITA,2003,2.6725555277285,27577.5700319855,5.8810792,23.71894646,19.0525655493978,10.22479430199681
ITA,2004,2.20673661423657,31348.1901841445,6.20417976,22.83263969,19.329212127098,10.352943714280682
ITA,2005,1.9852929852798,32062.723833669,6.43857861,21.60582542,19.6352354411702,10.375480571435546
ITA,2006,2.09084391012754,33537.1286994269,6.52941465,21.31744576,19.9355953277602,10.420438240720733
ITA,2007,1.82974112202403,37826.1754554823,6.27780056,21.51599121,20.1236179704111,10.540783050696886
ITA,2008,3.34783258401022,40828.5795580937,6.60362339,21.33932495,20.2043389169453,10.61716208688352
ITA,2009,0.774768131387381,37099.6133958219,6.97926426,20.66364479,20.3135164047155,10.521388782038953
ITA,2010,1.52551602118248,35856.8625485539,6.96612167,20.54892731,20.4589612100469,10.487318139932395
ITA,2011,2.78063272879323,38432.3742820019,6.72206736,22.02705574,20.6879338870931,10.556681483035183
ITA,2012,3.04136333226775,34854.3949441965,6.63017321,22.54990578,20.9966444751961,10.458963208919178
ITA,2013,1.21999342274306,35701.6746002376,6.60825253,22.74235916,21.330672420342,10.482980883735621
ITA,2014,0.241047429826756,36028.3494022349,6.63854408,22.95617104,21.6978740078895,10.49208914646656
ITA,2015,0.0387903996579733,30639.8829751432,6.54743338,23.79615784,22.0285256126439,10.330090441165911
ITA,2016,-0.09401665691575,31391.5692898108,6.44775581,23.69392776,22.3095886391617,10.354326497069755
ITA,2017,1.22653316645812,32844.115660604,6.37222385,24.12751389,22.558669089969,10.399558326727101
ITA,2018,1.13748763600391,34904.1081923834,6.34945059,23.96560478,22.8062143288843,10.460388464023918
ITA,2019,0.611246943765304,33812.788724868,6.31018782,23.87487411,23.104171093177,10.428623948721835
ITA,2020,-0.13770757391651,32091.4866621366,7.25222397,21.48380089,23.379233231567,10.376377221352127
ITA,2021,1.87378325762481,36852.5425414951,6.91720438,22.81378746,23.6619735523658,10.514707027094456
ITA,2022,8.20128991161718,35653.9042103495,6.52353668,23.32074165,23.929189689659,10.481641981888876
ITA,2023,5.62219442195901,39277.0838783918,6.14251709,23.64643097,24.2187831541913,10.578421980178561
ITA,2024,0.982373023061417,40385.3413957669,,22.30979538,24.624776723376,10.606246922522677
JAM,2000,8.17108356120225,3453.09252800226,3.18738079,33.5616951,6.06064208271564,8.147315046999308
JAM,2001,6.8019093078759,3503.55026688858,2.40047431,38.41692352,5.96046034088515,8.161817479364
JAM,2002,7.07635009310985,3680.64551727724,2.76125169,37.86093903,5.86467740032792,8.211115082654599
JAM,2003,10.0869565217391,3549.70758394618,2.04667425,44.69155502,5.78360196384658,8.174902182029443
JAM,2004,13.5545023696682,3807.56293124552,2.47339988,40.38105011,5.72979445967312,8.24500721356907
JAM,2005,15.0528658875905,4184.43974867497,2.23363185,44.66542816,5.70843918765657,8.339367054745027
JAM,2006,8.56106408706157,4417.00127135363,2.00050378,45.73194122,5.71654416426706,8.3934426717468
JAM,2007,9.24482067275562,4716.48612542727,2.66426182,40.83543015,5.75119652310477,8.459031336152481
JAM,2008,22.0228384991843,5029.80095281745,2.95135403,41.12860489,5.81046358196596,8.523334485569789
JAM,2009,9.59224598930482,4428.38153333557,2.94776607,37.7628479,5.88970750768635,8.396015244565113
JAM,2010,12.6105519975603,4809.977380312,3.04630113,37.10998154,5.98373516386263,8.47865554002804
JAM,2011,7.555856465809,5232.63644918132,3.09656906,37.39811325,6.08586834201928,8.562861621216708
JAM,2012,6.87397708674309,5340.83333232158,2.78247046,38.20650101,6.18666657048149,8.583324193692661
JAM,2013,9.34150076569673,5124.21301411137,2.97220016,36.52010345,6.27707066203923,8.541927366871908
JAM,2014,8.27407886231419,4975.11325459872,3.06121469,35.42583847,6.33655707796227,8.51240439432856
JAM,2015,3.69154228855725,5339.30718256806,3.55884409,31.10013008,6.40393658025201,8.58303845512523
JAM,2016,2.35102197485846,5302.29553353854,3.62554812,29.00498962,6.51509031411982,8.576083705084306
JAM,2017,4.37839864991561,5605.43541173019,4.06524467,26.71978951,6.6403659256184,8.631670397586685
JAM,2018,3.73663882152163,5976.90362644337,3.88880324,27.37498474,6.7806520873835,8.6958252213428
JAM,2019,3.90510000865872,6030.68896415921,3.97861576,26.89248657,6.94823486657852,8.704782344061094
JAM,2020,5.2267777929352,5299.04530804283,4.52264309,24.43642044,7.13912515424417,8.575470648191
JAM,2021,5.86278242801063,5625.67806271236,5.11554575,21.95812607,7.31190233999129,8.635274504843359
JAM,2022,10.3495688391272,6626.47502388538,5.92761612,19.02866364,7.53711329893799,8.798979169598612
JAM,2023,6.47413734662063,7542.40084275345,4.8935523,20.2454052,7.86217693868482,8.928428399466945
JAM,2024,5.41194447981659,7753.8006955432,,,8.20960314175773,8.956067375157007
JOR,2000,0.66688092559796,1570.61002940477,4.20303917,39.10034561,2.69514514301286,7.3598558693162515
JOR,2001,1.77220437351017,1632.29454010563,4.36767626,38.47376633,2.77990446806212,7.3983544441928135
JOR,2002,1.83299389002049,1706.26744384401,4.39886856,39.48170853,2.86998916412404,7.4426493852990365
JOR,2003,1.62999999999998,1775.67625581432,4.0944252,42.03338242,2.96052903704804,7.482499625746064
JOR,2004,3.36186821476601,1940.08641342805,3.43877316,40.68493271,3.04796201127785,7.571003102233689
JOR,2005,3.49368534619531,2087.87079273635,4.39218235,40.07585526,3.13096045127465,7.644378908392549
JOR,2006,6.25172466656443,2342.63459574933,3.93785167,39.1860466,3.20657544118738,7.759458249359482
JOR,2007,4.74390639021648,2506.20599484139,4.48511505,36.04766464,3.27233150443072,7.826924262649229
JOR,2008,13.9712310012729,3241.6524135556,5.13681602,31.94139099,3.33563619102283,8.084146920037512
JOR,2009,-0.739069743144777,3435.8337590698,6.18757915,22.71313095,3.39511157869002,8.142305907646836
JOR,2010,4.84551875852116,3718.46571622945,5.45029831,21.85514641,3.45401531455856,8.22133531228268
JOR,2011,4.1624416292779,3946.85503855525,5.49565887,20.90163994,3.5150079728101,8.28092768218809
JOR,2012,4.5152295667099,4169.50470054618,5.03539467,21.58314323,3.58309518325611,8.335792338775187
JOR,2013,4.82462314269537,4311.21916713038,4.41074276,22.13348579,3.52211870929348,8.369207938553753
JOR,2014,2.89947905006057,4191.18050084986,4.64796257,20.89077377,3.35011599847379,8.340976283482732
JOR,2015,-0.876851359704049,4042.75678097555,3.99459696,29.33435059,3.31858033894938,8.304929435150568
JOR,2016,-0.778430463054142,3986.71677010853,3.1935668,32.94747543,3.41284721082323,8.29097410802518
JOR,2017,3.32389447576097,4065.61628749384,3.18527389,33.99718094,3.52500521290032,8.310566553655315
JOR,2018,4.46231108475481,4145.43989673265,3.00017619,35.3108139,3.64857422445874,8.330005388846534
JOR,2019,0.761514047265601,4170.1144003465,3.03746152,36.0000267,3.77701553656163,8.335938521379315
JOR,2020,0.333294350628378,4022.0401356135,3.41537142,35.40723419,3.89908540801378,8.299793148438303
JOR,2021,1.34609377243118,4183.49998326866,3.33083987,35.78003311,4.0065537381953,8.339142497474521
JOR,2022,4.22915568897117,4332.25159897931,3.41554523,35.92578506,4.14208054031429,8.374073485823674
JOR,2023,2.08486986327134,4466.08314208575,3.44745827,34.4679451,4.32230327723143,8.40449093368971
JOR,2024,1.55659611283953,4618.09592498567,,,4.52316375593402,8.437954277694
JPN,2000,-0.676578683595175,39169.3595701504,5.65793514,15.91636372,17.4418311728625,10.575675606350968
JPN,2001,-0.740055504162738,34406.1824638092,5.86137772,15.7857008,18.0343083523681,10.446020614119952
JPN,2002,-0.923494026942321,32820.7936433254,5.93724489,15.97850704,18.5996931174384,10.398848014074765
JPN,2003,-0.256541816316025,35387.0374203599,5.98652935,16.88677597,19.094589199668,10.474129116033483
JPN,2004,-0.00857338820310272,38298.9801712303,6.04880905,16.58894539,19.6215781629582,10.553204657446157
JPN,2005,-0.282946068764391,37812.8950199948,6.2159934,15.67343521,20.2818997821341,10.540431907183436
JPN,2006,0.249355116079085,35991.546002862,6.17422724,16.42206764,20.9784589313141,10.491067140523247
JPN,2007,0.060039454498669,35779.0245416427,6.32067204,15.51505852,21.6266998258271,10.485145042966407
JPN,2008,1.3800788616492,39876.3039685725,6.56596708,15.23826504,22.2533796508458,10.593562618194072
JPN,2009,-1.35283672951719,41308.9968370512,7.282969,15.15913296,22.7624685083393,10.62885980382463
JPN,2010,-0.728243207517779,44968.1562349739,7.42507124,14.57035923,23.0980258847984,10.713732116746254
JPN,2011,-0.27245561610124,48760.0789494211,8.78255081,13.12178326,23.6527395093536,10.794687711107184
JPN,2012,-0.0440645104432602,49145.2804308193,8.9568243,12.9723444,24.5126783338024,10.802556444803544
JPN,2013,0.335037912184741,40898.6478964744,8.99433517,12.70128059,25.4120635790966,10.61887673310568
JPN,2014,2.75922671353253,38475.3952461838,9.02501678,12.8696804,26.2261883365166,10.557800221758049
JPN,2015,0.795279630579839,34960.6393843385,9.03866768,12.94767094,26.9230034152781,10.462006721814717
JPN,2016,-0.127258844489754,39375.4731620781,8.95745564,12.85439873,27.5120281384821,10.580923789068141
JPN,2017,0.484199796126385,38834.0529341227,8.97414494,12.65492725,27.9778213758677,10.567078543904774
JPN,2018,0.989094598021848,39751.1330982711,8.99690151,12.99456692,28.3452163347643,10.590418781492266
JPN,2019,0.46877615938395,40415.9567649547,9.2108326,12.9017725,28.6287707536412,10.607004697795462
JPN,2020,-0.024995834027731,40028.7341726762,9.777771,11.5586462,28.9181743842737,10.597377811262001
JPN,2021,-0.233352779398264,40094.5599795288,10.42161942,10.81970024,29.2169970691602,10.599020883461815
JPN,2022,2.49770278172255,34065.6438962526,10.60008049,11.1480875,29.4026473056942,10.43607399967595
JPN,2023,3.26813365933163,33836.1756271617,9.11008263,12.23568153,29.5618100807812,10.429315347682643
JPN,2024,2.73853681635241,32487.0778047567,,,29.7807703973917,10.388628464240043
KAZ,2000,13.1808905865731,1180.0444563226,2.11957979,48.51058578,6.69336584284892,7.074154458437741
KAZ,2001,8.35413777161344,1422.27331810957,1.96616435,42.71286392,6.80757982864169,7.260714651402984
KAZ,2002,5.83692452105643,1573.55219932325,1.93378294,45.89466095,7.00442031842324,7.361726192943739
KAZ,2003,6.4382181011894,1958.02050246511,2.04266071,44.54787064,7.2156223061988,7.580199883670842
KAZ,2004,6.88205438981899,2722.47407755402,2.32648873,41.03963089,7.37855666373578,7.909663578714918
KAZ,2005,7.57999929125766,3577.35804001782,2.53736401,34.41242981,7.47120989504304,8.182659326143847
KAZ,2006,8.72169386091726,5030.13494711519,2.3206408,31.08123398,7.47502338823609,8.523400873251282
KAZ,2007,10.8468362075557,6449.43931096532,1.79586542,32.77426147,7.3509981476531,8.771903517697604
KAZ,2008,17.139899777207,8123.54705891736,2.2773366,23.87804604,7.07717548294603,9.002645259049253
KAZ,2009,7.31607858288578,6938.01175663001,2.66703558,22.34545326,6.75226172372476,8.844914645181152
KAZ,2010,7.40046356341396,8793.07589980782,1.84399545,27.29583359,6.50426041202994,9.08183358056635
KAZ,2011,8.4529046617679,11287.1464926039,1.84243834,24.59804726,6.37924434852274,9.331508471177347
KAZ,2012,5.19568369035073,12018.7966527993,2.06988907,27.82034302,6.37915311509129,9.394310290541712
KAZ,2013,5.94283871648418,13478.459627612,1.84699571,25.9552784,6.46346293811831,9.50892229669039
KAZ,2014,6.84944977003358,12427.7094576939,2.13331318,23.80191422,6.59698135722458,9.427764354311202
KAZ,2015,6.67828585615236,10196.1226255982,1.91990697,32.09503555,6.76146357623621,9.229860863946346
KAZ,2016,14.3610942386248,7475.56688689424,2.04025173,35.67286301,6.93973967358632,8.919528993268136
KAZ,2017,7.44266321306792,8943.08416791984,1.89267063,33.14392471,7.12369405612749,9.0987476058962
KAZ,2018,6.16366247577762,9472.48527327758,1.76464748,33.47025299,7.30176395882548,9.156252151553616
KAZ,2019,5.33356098916669,9457.12614657136,1.72108889,33.86382675,7.48037890518547,9.154629560667358
KAZ,2020,6.71815454861458,8781.50797787648,2.52114773,27.74455261,7.64879145320809,9.080517292522886
KAZ,2021,8.04147134028401,9983.60103576902,2.60474586,25.03029823,7.77663023309373,9.208799288694005
KAZ,2022,15.0278644440851,11255.3396437881,2.30231667,30.82857513,7.98541663578261,9.328686772804879
KAZ,2023,14.5275597825952,12879.4275257974,2.47987461,27.64227867,8.30816704134912,9.463464192104162
KAZ,2024,8.69082156104494,14154.6324958076,,,8.65323470294214,9.557867880108835
KEN,2000,9.98002515350979,414.626365130846,0.99913371,47.33139801,2.2276113643328,6.029786695930069
KEN,2001,5.73859814341467,410.700452474814,1.05907285,46.3978653,2.22491766861686,6.020296027815367
KEN,2002,1.96130821739162,402.936385605382,1.10948944,44.62519073,2.21673688339299,6.00125740418999
KEN,2003,9.81569062979654,442.898457253405,1.12453854,45.29117966,2.20288121827791,6.095595836396701
KEN,2004,11.6240355442426,463.662781300121,1.07972252,44.46904373,2.18575186212735,6.141311940996427
KEN,2005,10.3127783574683,523.456312433863,1.11996722,45.22662354,2.16746287149319,6.262362130628175
KEN,2006,14.4537342081708,699.80237063381,1.17933488,39.19218826,2.14842788891656,6.552225922370185
KEN,2007,9.75888023027529,840.201439476765,1.27245092,36.45011902,2.12750569031342,6.734831155045299
KEN,2008,26.2398166445063,915.54435473604,1.35639918,34.0973587,2.1056843302545,6.820610461892726
KEN,2009,9.23412592394652,1047.9678324485,1.4598949,31.37526703,2.08742551237053,6.955561942958052
KEN,2010,3.96138889115385,1091.51873101194,1.56062746,30.17857361,2.09128360228471,6.99624107191379
KEN,2011,14.0224913014704,1096.14499807675,1.60566163,30.96613503,2.13156993653256,7.000466628456539
KEN,2012,9.37777003547598,1285.00536171512,1.62624443,31.60435486,2.18748147997429,7.159296074085234
KEN,2013,5.71749357037733,1370.87885214659,1.66091359,32.13203049,2.25415502801872,7.223936504202438
KEN,2014,6.87815499275949,1482.81566253497,1.83768213,29.22180367,2.34503413633717,7.302372199391162
KEN,2015,6.58215429284779,1489.11959777284,1.92388499,26.89801407,2.44316524157074,7.306611662679923
KEN,2016,6.29724953814625,1554.12610314423,2.03529072,24.99973106,2.49676010564838,7.349311916594893
KEN,2017,8.00564967709945,1667.48447230835,1.71156442,23.28059959,2.54036944015272,7.4196709917701495
KEN,2018,4.6898064677633,1836.45275528993,1.7670722,23.36505699,2.64365458615595,7.516135519349607
KEN,2019,5.23963795764792,1960.40808854893,2.00870633,24.29976273,2.74689322576961,7.581417906814777
KEN,2020,5.40516207933392,1927.66459027849,2.2100935,23.33247375,2.78922227999252,7.564583120274835
KEN,2021,6.10793603659176,2061.35622089594,2.22920752,22.65199471,2.81860394823365,7.631604404698149
KEN,2022,7.65986268272224,2109.56288513137,2.00364423,24.00988579,2.86391987696116,7.654709961097709
KEN,2023,7.67139634029402,1942.58802756191,1.95431077,24.24565315,2.91330784287267,7.572291042583731
KEN,2024,4.48978854243448,2132.43452097647,,,2.96616899017204,7.665488411262526
KGZ,2000,18.7007342838023,279.621738464365,2.13439822,51.64644623,5.35707871543222,5.637007636030279
KGZ,2001,6.9196798942304,308.41129550148,2.00316715,53.16455841,5.35968819127061,5.734671445234306
KGZ,2002,2.13420986310243,321.726775366804,2.21980453,51.66136932,5.37579838686664,5.7768060685529585
KGZ,2003,2.97461295184355,380.505828812441,2.26654911,51.07936859,5.39183511174654,5.944126129277364
KGZ,2004,4.11065084723381,433.233873286,2.33701825,46.596138,5.39701685994787,6.073583267496676
KGZ,2005,4.3386739184431,476.548193640077,3.79884839,42.56970215,5.37543182551161,6.168665083916953
KGZ,2006,5.55212333162542,543.113512472219,4.21177483,39.18014526,5.30097525723137,6.2991578877216785
KGZ,2007,10.2301032660484,721.771577544361,3.08531475,42.91151428,5.15440488970461,6.583093235233738
KGZ,2008,24.5201024234102,966.388569370494,2.89586782,48.67649078,4.93290665574548,6.874600244493661
KGZ,2009,6.83656248105368,870.198894546917,3.48071551,38.58998489,4.65907096275802,6.769870302732405
KGZ,2010,7.96772225579684,876.954476440354,3.41518092,43.09150314,4.44815464913301,6.777594743134131
KGZ,2011,16.6363262731495,1117.40174350185,3.69314909,43.54013824,4.40051764802615,7.019655930403447
KGZ,2012,2.76844236540957,1168.62244675446,4.22100592,43.24369431,4.49035630356012,7.064436280632882
KGZ,2013,6.61375202358082,1269.66303464348,3.94686103,46.41521072,4.6301206796728,7.1472941177415725
KGZ,2014,7.5342472977589,1264.52668823891,2.74904537,56.3242569,4.79470466121749,7.143243668849263
KGZ,2015,6.50331838993384,1105.65193844261,2.71162796,54.53977203,4.96654216127541,7.009094464517668
KGZ,2016,0.388838296895799,1103.27489428412,2.49723411,57.21311569,5.07955235536804,7.006944194287834
KGZ,2017,3.1753098637994,1221.39046807082,2.34767461,56.37662888,5.11917760176021,7.10856362066492
KGZ,2018,1.54266145238436,1283.5203037417,2.42471886,46.61981201,5.1512820157017,7.158140623152689
KGZ,2019,1.13362257718804,1421.99927504102,2.18779993,46.181427,5.17384800051124,7.26052208863155
KGZ,2020,6.32542296338078,1229.51766602907,2.21847796,46.02117538,5.14875176307459,7.11519022651722
KGZ,2021,11.9050398185147,1349.99730650542,2.95868587,39.05361557,5.11075579228056,7.2085983442538595
KGZ,2022,13.9229093174176,1739.72018344174,2.64341927,39.89641571,5.19936059005824,7.462054205105941
KGZ,2023,10.7532770416742,2138.22210211478,2.40183544,42.26472855,5.42703271096246,7.668197538247735
KGZ,2024,4.99760701207323,2420.18542283831,,,5.68194389959712,7.792012543364314
KHM,2000,-0.791992529473567,296.426687526334,1.27856123,68.75363922,2.81651839524635,5.695167766134285
KHM,2001,-0.600648300123686,327.500984314444,1.13873184,62.39422607,2.91960711883034,5.794539834311178
KHM,2002,0.211466568022607,350.147276634294,1.3330735,60.83033752,3.02138248516694,5.861205727012642
KHM,2003,0.94174611779921,386.691123931778,1.37088227,61.89794159,3.12466094469008,5.960208950248643
KHM,2004,4.31933677434786,444.199067529081,1.24548018,56.65092087,3.23210792276566,6.098521524900277
KHM,2005,6.61525912001587,525.797325120926,1.08696556,61.2433815,3.34315236871951,6.266815892257386
KHM,2006,5.81068550464306,612.252648550727,0.83623242,52.65016937,3.45198732094352,6.418777002005305
KHM,2007,8.70882770568049,731.692295125426,0.82912254,46.53351974,3.56121001866091,6.596725825381715
KHM,2008,24.096851930605,866.283999789749,0.87098134,51.07616043,3.66686769635947,6.765366489220629
KHM,2009,-1.24171754189637,875.748936193569,1.01281023,50.50344467,3.76996331813619,6.776220675667477
KHM,2010,3.99639528107218,952.274616324008,1.10954452,51.90946579,3.8795195495729,6.859903021980445
KHM,2011,5.4784474961745,1088.98152823081,1.02417195,59.74188232,3.99527012377718,6.993916028502356
KHM,2012,2.93431609293951,1192.80263041673,1.08205044,59.57627106,4.12078606040762,7.084898979130288
KHM,2013,2.94162509547349,1305.6600972686,1.11564887,59.9816246,4.25761809784078,7.175229616503199
KHM,2014,3.85568861424207,1431.56396469993,1.0150677,58.09806442,4.40694011728368,7.26722110008759
KHM,2015,1.22393195511119,1547.32010444393,1.00400126,58.41831207,4.56873555218231,7.344925818588925
KHM,2016,3.01913975139128,1675.19555711109,1.04308498,56.05389786,4.7354180834771,7.424281955089219
KHM,2017,2.91263557371478,1826.35391688754,1.1320188,58.23595047,4.90883602678903,7.510624252389229
KHM,2018,2.45908515380146,2036.67377566578,1.20929301,60.96880341,5.09207597900805,7.619564130148468
KHM,2019,1.94257500833107,2225.87705485686,1.22948682,64.39125061,5.27307790694231,7.708355459113246
KHM,2020,2.9402951426397,2081.73914242939,1.40071249,60.24520493,5.4387369063124,7.641439201747872
KHM,2021,2.92073477592949,2167.40324198499,3.00353575,41.66812897,5.59471490600897,7.681746342489746
KHM,2022,5.34370264895437,2325.03050040841,1.17839336,60.9710083,5.7669541078253,7.751918445807947
KHM,2023,2.12746796594194,2429.74853452838,1.24129963,60.60118866,5.96118643031327,7.79595452780092
KHM,2024,0.808042016536654,2627.87969756224,,,6.16370427229448,7.874313063911947
KIR,2000,,845.367240231973,7.51573658,0.15057538,3.41315608319321,6.740953355525084
KIR,2001,,718.833787096781,11.49674606,0.099994,3.39626609988432,6.579020334105378
KIR,2002,,810.10870037444,10.99297142,0.10957967,3.39677447325067,6.698402077654745
KIR,2003,,1020.50033851394,9.63364887,0.11495876,3.40430050438014,6.929027745646697
KIR,2004,,1083.2688987175,11.80788708,0.09662171,3.42823244123662,6.988661212784923
KIR,2005,,1161.78341739977,10.94691277,0.11812721,3.46354126821407,7.058571907660923
KIR,2006,,1123.19258990684,9.41590595,0.05934824,3.50338690729122,7.0248203591095315
KIR,2007,3.59252131266417,1352.57814048911,8.82424259,0.16611296,3.54665517106243,7.210506839555713
KIR,2008,13.6653995252441,1410.62246914058,10.07999992,0.16913319,3.58128043368754,7.252495009172718
KIR,2009,9.81643884508657,1316.62753853678,8.11666679,0.4361099,3.59641954784112,7.183588079173843
KIR,2010,-3.89955040651649,1522.10068744154,7.94999981,0.63371354,3.60244333235208,7.328503461965024
KIR,2011,1.4974097987597,1771.12926848792,7.53157902,0.6587615,3.60333491493256,7.47993707911821
KIR,2012,-3.04586292775571,1843.55336349889,7.0250001,0.62893081,3.60024580527947,7.519992447764283
KIR,2013,-1.488059084681,1772.08718317132,7.14354086,0.54945058,3.60993864114513,7.480477477550731
KIR,2014,2.10398520925043,1736.70535682101,7.37837839,0.50301808,3.63879940863548,7.460320761431065
KIR,2015,0.572015743634256,1639.85274740652,6.08627462,1.0869565,3.68403030432735,7.402971353612567
KIR,2016,1.91731090233378,1742.66799324117,7.69784164,0.79559016,3.73866878238998,7.463746215498142
KIR,2017,0.355520888546828,1853.05122713319,8.31615162,0.70969439,3.79299020158055,7.525128376344509
KIR,2018,0.564030491493476,1912.73809378187,8.78594208,0.58638251,3.84531898249968,7.556813725545288
KIR,2019,-1.81307995302947,1750.9977188915,9.23076916,0.63055825,3.89281837952558,7.468511969492921
KIR,2020,2.5532455441463,1751.78249168214,9.50155735,0.68435019,3.93024528346775,7.46895979946034
KIR,2021,2.05361676773907,2222.04819501897,8.8684206,0.66721994,3.9574845961504,7.706634593899662
KIR,2022,5.34595440908904,2069.7671726925,8.51073647,0.78772789,4.01552865250999,7.635674432425998
KIR,2023,9.28307374517721,2177.70125812262,8.58790588,2.9085722,4.11829729760319,7.686484225096949
KIR,2024,2.45545072159028,2288.63471423684,,,4.23660774022807,7.73614757039097
KNA,2000,2.14885532743696,9319.65545093525,2.01197886,52.63879395,7.80153599646389,9.139988232560352
KNA,2001,2.30344748349255,10022.5919235637,1.91941488,51.0695076,7.68238983402716,9.212696785807458
KNA,2002,2.04109102620208,10453.6587064313,1.92994869,51.3453331,7.55532860355711,9.254802967277424
KNA,2003,2.23543664374553,10175.6295449989,2.09647655,50.64527893,7.45184238736154,9.227849149330503
KNA,2004,2.31455462238093,10944.6183741768,2.16082859,46.12797928,7.37350073950922,9.300694506686877
KNA,2005,3.37781903988238,11783.7867154145,2.22139931,47.98293304,7.30990374055172,9.374564717235693
KNA,2006,8.48748575845879,13837.8495311219,2.23068857,50.0489769,7.276377809034,9.535235099352448
KNA,2007,4.48088608614726,14757.9579751035,2.08316684,51.09035492,7.27430388284035,9.599605497769598
KNA,2008,5.30029675072584,16604.9448615905,1.79803109,56.86151123,7.30329881498879,9.717516034425671
KNA,2009,2.05793709041836,16503.4119292794,1.9731133,54.68263245,7.3684098344932,9.711383013799727
KNA,2010,0.850878649795844,16622.9457908577,1.96334112,55.17701721,7.46587258386432,9.718599452437259
KNA,2011,5.8351651957086,17832.4572919975,1.91958332,55.43323135,7.43726738543899,9.788831595144961
KNA,2012,0.816089281562459,17532.0559008608,1.96832883,55.36086655,7.36078923309166,9.771843286787682
KNA,2013,1.10698554000129,18580.1301949935,1.92399502,56.44787216,7.40189933926788,9.829901839096614
KNA,2014,0.247865392364942,20219.3954237956,1.94636261,53.70890045,7.48051561935909,9.914447048456221
KNA,2015,-2.30187563045616,20328.8003530109,1.94096529,57.07152939,7.62091850278736,9.919843086259903
KNA,2016,-0.687037123294039,21387.5415511103,2.17921019,54.89627075,7.84607377667314,9.970610616073031
KNA,2017,0.694916711613604,22464.9899633959,2.19368339,53.36548233,8.15187936366245,10.019757887455038
KNA,2018,-1.03712214131572,22901.3816403197,2.25112653,49.36806107,8.52824489188126,10.038996185895208
KNA,2019,-0.329562063663977,23595.4923231291,2.55811405,46.35456467,8.95605039242623,10.068853349591228
KNA,2020,-1.16724501769353,18859.0190361046,3.04861951,42.16960907,9.43567313846811,9.844799565524404
KNA,2021,1.195688870384,18361.1449697886,3.54911423,38.80683517,9.86570579304151,9.81804648577043
KNA,2022,2.66817533111249,21011.5744209816,2.90488815,43.34445572,10.2356051766771,9.952876319458682
KNA,2023,3.55711230848243,22576.9248439166,3.11200881,41.80017853,10.6965652936396,10.02472793108518
KNA,2024,,23960.6534357084,,,11.2257968106227,10.084210058016561
KOR,2000,2.25916580080157,12710.2995795579,1.88174403,43.3231926,7.091050395922,9.450246607544816
KOR,2001,4.06657587897792,11981.4828218758,2.25876665,41.31821823,7.44493688262949,9.39120109743174
KOR,2002,2.76226210296599,13642.9424537101,2.14096594,40.764534,7.81606605137616,9.521050925830295
KOR,2003,3.51487451459939,15211.5483770422,2.24646783,45.23080063,8.20122350683224,9.629875917375669
KOR,2004,3.59066298882578,17121.6301633201,2.25043464,44.82784653,8.60086379929101,9.748156268930746
KOR,2005,2.75379162735039,20167.0474902506,2.38401437,44.41871262,9.00039400945138,9.911854823597759
KOR,2006,2.24234028518921,22609.7059431449,2.63494611,42.52562332,9.42057086311249,10.026178787391627
KOR,2007,2.53457382137932,25078.4853957105,2.72422862,40.57471085,9.85710348983429,10.129805476024009
KOR,2008,4.67389655533408,22252.3125108061,2.80182195,41.62781525,10.248148061523,10.010246153403484
KOR,2009,2.7564965449393,19937.3029137734,3.12681341,39.17741013,10.6131373147372,9.900397930253547
KOR,2010,2.93928652655686,24071.2620526362,3.20370984,38.7785759,10.9916944218993,10.088815504451865
KOR,2011,4.0259650043609,26175.2398553363,3.2194593,38.95240021,11.3503836185426,10.17260740253807
KOR,2012,2.18707104433314,26600.5477433903,3.23771381,38.67206955,11.7033965983522,10.1887246789188
KOR,2013,1.30134754547413,28449.3591104972,3.3175869,38.26380157,12.0971432569738,10.255916061987897
KOR,2014,1.27477446401322,30667.0912467447,3.40634632,37.55163574,12.5254091857732,10.330978019982325
KOR,2015,0.70633177245575,30171.7906545222,3.50807333,37.70632935,12.954685714924,10.31469582553944
KOR,2016,0.971685739912168,30832.0628072516,3.65121055,36.48467636,13.3631038531662,10.33634286097505
KOR,2017,1.94433230786366,33296.9845439195,3.78743124,35.78922272,13.8737462057967,10.41325214993025
KOR,2018,1.47583935002645,35363.9508228687,4.03568125,34.67647934,14.4543760222277,10.473476518909777
KOR,2019,0.383000303608136,33826.9443301597,4.43231916,32.83717346,15.0634884441589,10.429042495227343
KOR,2020,0.537288023411737,33645.7719545073,4.67086744,31.79624748,15.822165945989,10.423672400441793
KOR,2021,2.49833333333339,37518.4635305697,5.07723141,29.71744347,16.6596412164908,10.532615104792185
KOR,2022,5.08951365062842,34822.4048404971,5.52341843,29.27519035,17.4846463366305,10.458044992588073
KOR,2023,3.5974562502901,35674.095995632,5.0180707,31.75381851,18.3350235838597,10.482208133179034
KOR,2024,2.32174328643542,36238.639908315,4.91143751,33.73815536,19.2735131316057,10.497908823802776
KWT,2000,1.81294613887089,19296.3471698729,1.59861708,25.49419594,1.54306855905406,9.867722913107347
KWT,2001,1.29999999999999,17374.2318664227,2.51429915,19.64636612,1.59514750477001,9.762801015174034
KWT,2002,0.888450148074907,18512.7523035862,2.39965487,21.53982162,1.63511812166516,9.826269102666869
KWT,2003,0.961350293542112,22690.655175144,2.12259054,20.82116699,1.66156290331066,10.029752522453332
KWT,2004,1.24856443679889,27552.2827399787,1.79756808,21.55590057,1.67596794263996,10.223876963198688
KWT,2005,4.14297583631023,36122.6142741227,1.53435338,21.47368431,1.68719610441401,10.494702065485166
KWT,2006,3.05701339166722,42946.6374104066,1.39375639,21.23933411,1.70592161865174,10.667736917992697
KWT,2007,5.48494983277596,45709.4132876371,1.47248399,21.34607697,1.73187662200821,10.730081412799619
KWT,2008,10.5827097865144,55585.1889344442,1.50249875,19.80873489,1.75894393212997,10.925690048922533
KWT,2009,4.60959548447787,37907.1001320042,2.2079618,16.72038269,1.78487875444825,10.542920092034423
KWT,2010,4.49640287769787,39212.252220155,2.25556993,14.33214474,1.81434793399338,10.576770035487524
KWT,2011,4.8394034987095,49169.6063813095,1.97078466,14.01463985,1.86597387109898,10.803051292673027
KWT,2012,3.25514600287211,52155.2225833921,1.9472518,14.95504665,1.95365632561938,10.861998774181163
KWT,2013,2.68229684085039,49651.0439275077,2.08904266,14.48544121,2.07172925291626,10.812794835343167
KWT,2014,2.90892672858625,44368.7813457751,2.466609,13.92933083,2.21769474647318,10.700313916386396
KWT,2015,3.27170166092133,29882.2126495698,3.57679915,13.69551945,2.40886968522768,10.305052151859629
KWT,2016,3.19839776658374,27323.6890735517,4.03627825,13.28215694,2.63844318552757,10.215545934152981
KWT,2017,2.17183298510006,29047.6536135703,3.98828077,12.92664242,2.91711681115618,10.276727413996708
KWT,2018,0.543133148199567,32067.9623756889,4.56324148,10.6470356,3.24320917336232,10.375643937180572
KWT,2019,1.09184802655856,31707.8737443551,4.56783867,10.7205658,3.60361384527711,10.364351849536613
KWT,2020,2.101729548274,25236.0755848941,5.41016102,10.39933586,3.99581240977568,10.136069445635473
KWT,2021,3.42362947609188,34018.6342592913,4.77891159,9.99747276,3.42330541720944,10.434693115136369
KWT,2022,3.98064961990313,39981.7691035833,3.70099521,10.7516222,2.74657831156504,10.596203867876566
KWT,2023,3.64216403030709,34075.849012909,4.39482975,10.00349617,2.95275783789783,10.436373518127295
KWT,2024,2.89855072463762,32717.7186631255,,,3.1048387301063,10.395702629287461
LAO,2000,25.0846414281315,318.749852236965,1.23305964,44.77973938,3.36713947392042,5.7675389783383295
LAO,2001,7.81180794783471,320.316005439568,1.3295666,43.97146606,3.36892341585103,5.772425079507834
LAO,2002,10.6313446323333,313.350817148131,1.01875496,49.66936493,3.37544579615154,5.750509614310759
LAO,2003,15.4893529233525,355.097216151461,1.09625208,54.7591362,3.38496598335014,5.875203772649863
LAO,2004,10.4622667314208,409.296298284117,0.79425544,47.25918961,3.39510056471143,6.016879577433562
LAO,2005,7.16541759946639,466.061506997741,0.90671808,43.72243881,3.40602635001175,6.146460955629618
LAO,2006,6.54559439052787,579.391947440719,0.64221585,41.0778656,3.45348973705393,6.36370364675927
LAO,2007,4.66197269469701,697.323013673925,0.58968216,35.17124939,3.53578497140922,6.548681766023701
LAO,2008,7.62880887577516,885.747376088762,0.51332533,31.37778854,3.61739504622645,6.787560134629068
LAO,2009,0.141187674980385,935.03237283283,1.14663947,26.87693977,3.69892249507421,6.841650062239359
LAO,2010,5.98254521550082,1125.91610151261,0.60363603,35.9601326,3.78172029464206,7.027240067180488
LAO,2011,7.5689885610998,1361.54704394913,0.36693901,52.60241318,3.86552588542291,7.217111053610419
LAO,2012,4.2551267783209,1563.5650771337,0.43670169,48.63187027,3.94854837675476,7.355363158366373
LAO,2013,6.37142717782947,1812.51774424651,0.71266264,48.70332336,4.02942832927052,7.503023743205836
LAO,2014,4.12924306873771,1981.03910900473,0.68373317,50.87946701,4.11171786370079,7.591881446786444
LAO,2015,1.27735427102992,2121.01339097363,0.86391306,45.36532593,4.13108857261085,7.660120629697669
LAO,2016,1.59691227583204,2303.22156035363,0.76494843,46.44212341,4.10183240872785,7.742498180540314
LAO,2017,0.825478607568026,2432.43059478511,0.88887793,46.23710632,4.10222242423819,7.79705730812921
LAO,2018,2.04039266890201,2545.1075420815,0.86922747,48.54592896,4.1282707951479,7.842321017848811
LAO,2019,3.32255881256925,2589.32081035237,0.96142328,41.83228683,4.17749001037701,7.859537012023862
LAO,2020,5.10407262959919,2583.77730696131,0.79207379,41.05789185,4.24151802227786,7.857394635054119
LAO,2021,3.75562036658877,2526.05105018529,0.71924585,30.70558167,4.31806848970176,7.834808309077803
LAO,2022,22.9562225132056,2046.40440255621,0.62643725,28.68578529,4.41710766922774,7.624328124798983
LAO,2023,31.2301341732646,2066.94979776957,0.52790278,44.84078598,4.53547084357878,7.634312959593606
LAO,2024,23.1305695942588,2123.97909415109,,,4.66578436383138,7.661517243263577
LBN,2000,,3986.83513941026,3.22929931,57.79088211,5.11336660014767,8.291003791062312
LBN,2001,,4009.55929751102,3.45263052,54.84230804,5.20422006952424,8.296685986263318
LBN,2002,,4290.85283803266,3.04984355,54.11543274,5.29570489911065,8.36447381565872
LBN,2003,,4437.71588507526,2.93956637,52.48448944,5.38634498200589,8.398120398522385
LBN,2004,,4600.68371412993,2.96955347,48.88165665,5.4709988239461,8.4341775403173
LBN,2005,,4602.19804637945,2.89969206,47.32339478,5.55037119720357,8.434506568392312
LBN,2006,,4635.2514117486,3.55163956,44.68946075,5.6269378915971,8.441661433306013
LBN,2007,,5125.25809960149,3.51309872,44.07956314,5.7021210360564,8.542131256729697
LBN,2008,,5912.04532820842,3.07543588,44.85952377,5.77834667095468,8.684916261647768
LBN,2009,1.19509671165543,7090.85493856621,2.67676353,44.5697403,5.85804720942999,8.866702212750026
LBN,2010,3.98347941855833,7625.81051551165,2.99847841,43.58500671,5.94432414890798,8.939425017947357
LBN,2011,4.97148571692384,7834.96257108993,3.57470489,40.18660736,6.04097844582847,8.966479002520344
LBN,2012,6.58147447683677,8406.98405608118,3.04691243,37.33576584,6.15177371230286,9.036937016275395
LBN,2013,4.82101956297399,8162.37929361396,3.12071991,36.94981384,6.28491322224943,9.007413491349714
LBN,2014,1.8546042134091,7577.6413302369,3.57181931,35.56375885,6.43898080515482,8.933089218538214
LBN,2015,-3.74914524799629,7714.1099998804,3.37505221,32.6974411,6.78958060672056,8.950936022619196
LBN,2016,-0.783359624361508,8089.012088155,3.72473431,31.97481537,7.32786873190107,8.99838550426094
LBN,2017,4.32135218303191,8608.21084982387,3.67671943,33.06612396,7.8471502540207,9.060587938148473
LBN,2018,6.07698907889607,9174.53666204759,3.77159619,35.30458069,8.33008097515432,9.124296162988498
LBN,2019,3.00538949390383,8905.88005497437,4.28126144,30.71131897,8.77970915650001,9.094579296963557
LBN,2020,84.8643330472041,5561.19166950397,3.32454515,30.31226349,9.12370630072702,8.623747494736651
LBN,2021,154.756096023393,4045.37391066234,1.18353021,32.36011505,9.3044717570272,8.305576428351998
LBN,2022,171.205491336641,3654.35845534878,1.51495135,32.43323898,9.51346669072451,8.203949439973922
LBN,2023,221.341644023365,3477.72489842684,2.11316371,29.70126343,9.8244260298251,8.15442109712649
LBN,2024,45.2430422716718,,,,10.1385877257367,
LBR,2000,,298.485340578945,0.64587975,69.60216522,3.11799410986551,5.7020654700435545
LBR,2001,,300.463828598983,0.5318647,57.29754257,3.13881945221721,5.70865003749076
LBR,2002,14.1596470116325,299.536445539621,0.56401348,53.57944107,3.1596737928025,5.705569029614821
LBR,2003,10.3302881236823,239.779556677091,0.4171488,57.1681366,3.17685422415057,5.4838818123102815
LBR,2004,7.82908704883235,284.140223992458,0.51704127,73.4942627,3.19382215068209,5.65298107327807
LBR,2005,10.8343588481414,287.487333441381,0.54538667,67.08094025,3.21119461910876,5.664651180101745
LBR,2006,7.34144608278558,320.55808618515,0.47191602,64.5120697,3.22427338366297,5.7731781997849705
LBR,2007,11.3918966807102,374.211308104278,0.73447984,42.22309875,3.23504766016376,5.9274893555485795
LBR,2008,17.489448642993,451.713856283285,0.91902161,34.84462738,3.24378137837351,6.115260262065576
LBR,2009,7.42764305914919,448.386367025545,1.1980319,39.71450043,3.25163849351799,6.107883023344367
LBR,2010,7.28992796890218,492.252808033724,1.2732017,42.70298004,3.25799664440278,6.201021837808414
LBR,2011,8.488167518494,568.087865520004,1.51829398,40.30814743,3.24983887793421,6.3440348431536835
LBR,2012,6.83178703418548,638.368751462083,1.55076897,41.80235291,3.2334802981036,6.460481363773808
LBR,2013,7.577306817414,710.744570927863,0.31744617,40.07257843,3.21693126664271,6.567719098349446
LBR,2014,9.86111285574904,706.714490064507,0.82358247,44.75351715,3.19742803568614,6.5620407497407305
LBR,2015,7.74869687621322,692.590082351257,1.20420825,45.30207443,3.18482020658746,6.541881126562571
LBR,2016,8.83424868336488,714.613063145659,1.39315951,46.7549324,3.18277915252897,6.57313960628301
LBR,2017,12.4196323907138,699.269095727404,1.38745701,44.11894226,3.18765532439204,6.551464683639739
LBR,2018,23.5635148953742,692.203127129794,1.68725502,42.36981964,3.19698199657575,6.5413230689821615
LBR,2019,26.9662760197878,658.164180770507,1.3562839,54.67374802,3.21013029964686,6.490972639695549
LBR,2020,16.9557241496255,616.787867006715,1.32303464,63.21783829,3.22135500135111,6.426145141260741
LBR,2021,7.81559385858648,667.96610514319,1.11087501,61.67157745,3.23290659273066,6.505733393886854
LBR,2022,7.59298486560313,744.617175237387,1.29002357,62.28744507,3.2525393175955,6.614212298563938
LBR,2023,10.0944535665552,799.194470229642,1.30092859,63.23887634,3.2775620599993,6.684854785913931
LBR,2024,8.21497439118964,851.497723870206,,,3.30499818540316,6.748170539207135
LBY,2000,-2.90000000000024,7214.10040377084,1.61668956,51.29111099,3.68900484192194,8.8839313870877
LBY,2001,-8.81393752145546,6312.80030498965,2.13841844,45.52794266,3.76414856728956,8.750493041280064
LBY,2002,-9.79764705882357,3718.29434696755,3.17035413,33.08924103,3.82343509075803,8.22128923759806
LBY,2003,-2.19115191986644,4674.09943200321,2.63191676,33.75513458,3.85755768300783,8.4500057103743
LBY,2004,-2.197567740559,5773.76333234281,2.22574258,34.21350861,3.89097027599091,8.661252553137732
LBY,2005,2.65020576131657,8079.24957329001,1.62736928,35.34671783,3.93300810166181,8.99717803882154
LBY,2006,1.45926876202724,10048.8480434289,1.50322449,34.62698746,3.94608986204667,9.215312793316087
LBY,2007,6.25098782993553,11144.9448413435,1.60953808,33.44186401,3.96384268048866,9.318831019377196
LBY,2008,10.3607288954998,13906.1407818125,1.51853251,32.26567841,3.99000550082352,9.540157712517363
LBY,2009,2.45990025609948,9551.05403869755,2.46476388,31.10063171,4.00711578935134,9.164511492933963
LBY,2010,2.79989500109268,11600.9068649472,2.29442048,29.97363663,4.02770059399748,9.358924748493978
LBY,2011,15.5184815317561,7593.8391525702,2.54379559,36.66828537,4.21015218967452,8.935224236737175
LBY,2012,6.05980392156864,14975.8902795144,2.91900086,26.10513496,4.39534075512262,9.614263644033425
LBY,2013,2.60581802719517,11951.7134126011,3.6518445,26.54751015,4.39321682475026,9.388713595400562
LBY,2014,2.43294141599225,8926.42074591474,3.42913532,33.62598038,4.41735475887321,9.096882801906347
LBY,2015,10.4022933588151,7458.48917756374,4.02187729,30.7180233,4.47813966690292,8.91724221599589
LBY,2016,25.8538742124461,7525.80299308216,4.16492653,32.49470139,4.54150030785756,8.926225661327072
LBY,2017,25.8036184788338,9965.83236729757,3.09533191,33.7814064,4.58721729538308,9.207018096053828
LBY,2018,13.1702038536721,11196.5854810844,3.48153329,28.24106407,4.60938805494977,9.323453451996
LBY,2019,-2.16217883470595,9963.19489084483,3.95533991,28.01715851,4.62502513115857,9.206753435689464
LBY,2020,1.44703656998741,6650.33810585348,5.58700848,21.1413517,4.64647211605759,8.802573332333422
LBY,2021,2.86833027751019,4935.82787349801,4.47216082,24.39114189,4.67219794889404,8.504478273056792
LBY,2022,4.51030149235703,5986.63694851258,3.14845943,31.84949112,4.74866117985336,8.697452113860537
LBY,2023,2.37317531435169,6026.51518708812,6.25568771,19.17657852,4.8781294062589,8.704090129685188
LBY,2024,2.12615766885025,6569.16408678648,,,5.01919584859714,8.790294086324542
LCA,2000,3.7107860871361,5879.56191426207,1.67430913,58.86487961,6.3284914510516,8.67940759997677
LCA,2001,5.30722081028547,5570.45247098106,1.7875514,56.87899399,6.56217528465737,8.625411065710537
LCA,2002,-0.255536626916508,5567.89428424719,1.82975125,56.90605164,6.58372566366207,8.624951800512596
LCA,2003,1.03425372426221,6058.60622059326,1.64275706,59.63883591,6.58841359590859,8.70940009685194
LCA,2004,1.46036814425245,6494.60034867886,1.56948078,57.44703674,6.58674249112574,8.77888035727017
LCA,2005,3.89827370759476,6863.43641919345,1.60310745,55.96851349,6.5926460944276,8.834109220031445
LCA,2006,2.39562082529168,7611.17856675319,1.56014967,58.68156815,6.61489807308013,8.93750468672644
LCA,2007,2.82310373736929,7964.38211480117,1.55791318,63.93407059,6.71562608042537,8.982860195430858
LCA,2008,5.54954769383937,8516.96075488787,1.60530984,59.58971405,6.9134961420553,9.049932243157198
LCA,2009,-0.156936087168669,8250.52180732734,1.8166678,57.42234802,7.16583710340646,9.01815292381202
LCA,2010,3.25034409180129,8673.68720340529,1.81502438,54.76262665,7.36923405487796,9.068164546920634
LCA,2011,2.76940794144093,9128.99442011613,1.81603396,55.02248001,7.50024737923528,9.119320362429587
LCA,2012,4.17763587102515,9260.30006551714,2.03916478,51.07945251,7.63385316928033,9.133599713629835
LCA,2013,1.46856511035428,9577.21733754358,2.07502913,51.3388176,7.75948341249996,9.167246771973527
LCA,2014,3.51695551369241,10044.8218377677,1.91464138,51.30511093,7.87677624419643,9.21491208950886
LCA,2015,-0.983600952696996,10334.9860823918,1.99191558,48.07224655,7.98807349153395,9.243386879503655
LCA,2016,-3.07821765676927,10638.1269396653,1.95973325,45.42465591,8.10009906288786,9.272293704986243
LCA,2017,0.104262078958441,11333.1123822102,2.03747821,46.11647415,8.22379240339794,9.335572252174513
LCA,2018,1.93561893150602,11642.6984727769,1.98067319,45.09705353,8.36586316568465,9.362520409028408
LCA,2019,0.539087559191757,11794.0597229805,2.07973409,41.82805252,8.52717105281673,9.375436055244005
LCA,2020,-1.75580833517594,8411.07474936367,3.02728176,34.92950821,8.70909198010665,9.037423422822538
LCA,2021,2.41070312174393,10459.1321248092,2.75269866,33.43976212,8.83336507545289,9.255326368974051
LCA,2022,6.37814695133351,13103.8243147472,2.25815845,37.82567978,9.00319385169565,9.480735709696429
LCA,2023,4.07060821926204,13554.7684784933,2.38351178,37.14485931,9.29807094310997,9.514567453685647
LCA,2024,-0.110283575834694,14181.6303351598,,,9.61675943775436,9.559773279016405
LKA,2000,6.17627591012045,860.199884304769,2.20320439,40.04385376,6.20541999740995,6.758326631148314
LKA,2001,14.15845579912,803.544026627385,2.13245368,41.09132385,6.26889936346841,6.69027569038861
LKA,2002,9.55103167007251,834.936014905338,2.15791655,40.45339584,6.35100853529823,6.728552072961009
LKA,2003,6.31463787051174,946.382255128072,2.00852442,37.60930634,6.44049627994537,6.8537026602404305
LKA,2004,7.57592582995856,1028.62068132555,2.12875676,41.03234863,6.52675617625894,6.936945742837708
LKA,2005,11.6396860971118,1207.21994764165,2.04192138,40.50283051,6.62129388263546,7.096903437783255
LKA,2006,10.0201836057035,1388.89739119932,1.96220529,40.94941711,6.73593659247546,7.236985204118896
LKA,2007,15.8421114924843,1578.63451125392,1.85378098,44.8517952,6.87105969512328,7.364948777270764
LKA,2008,22.5644955300126,1973.58476901287,1.66602755,50.640728,7.03175830119551,7.588113411693164
LKA,2009,3.46496322106074,2026.65939950702,1.64707983,53.28553009,7.21487095447749,7.614637401645032
LKA,2010,6.2176488930462,2808.36244503709,1.51292467,53.29795074,7.42722778757253,7.940712848697684
LKA,2011,6.7167684358854,3224.95745150496,1.52385986,51.22101593,7.68004813925886,8.078985069356067
LKA,2012,7.54291373239437,3327.77613691283,1.39617562,51.93098831,7.97040481622156,8.110359988967486
LKA,2013,6.90845034828452,3739.43181100202,1.6775682,48.93375397,8.29233506128403,8.226956341231046
LKA,2014,3.1790022823606,3972.04375736464,1.55114651,48.68254089,8.63567606310462,8.287287769437473
LKA,2015,3.76836783062096,4057.7158346231,1.61882555,48.93215179,8.99054561576392,8.308621905672505
LKA,2016,3.9588884659307,4149.19190775593,1.56008303,50.1216011,9.34550801437968,8.330909854988331
LKA,2017,7.70413767850602,4398.88828068715,1.36585641,49.25233078,9.69368587386127,8.38933442883108
LKA,2018,2.135037737132,4358.56095906047,1.66403663,46.81987,10.0359733858419,8.380126633809555
LKA,2019,3.52839358231811,4081.94772722003,1.73423195,44.29746628,10.3754608627101,8.314574488695381
LKA,2020,6.15394508391738,3847.60137695639,2.15588403,37.50995255,10.7157108470966,8.255465082567508
LKA,2021,7.01478071238195,3996.96240014909,2.2609117,40.73859024,11.0456449788576,8.293540110351062
LKA,2022,49.7211021114327,3342.63650253855,1.52578461,45.28808212,11.3824347880542,8.114814266902194
LKA,2023,16.5411742279832,3798.89016573011,1.23655903,54.81069946,11.7387099915518,8.242727441541522
LKA,2024,-0.42936004906973,4515.56787322732,,,12.1039396323455,8.415507664314315
LSO,2000,6.13197538722696,442.779545779081,2.90852237,39.72735977,4.52913874005508,6.095327920610505
LSO,2001,-9.61615353858472,412.677473676821,3.60629058,28.38722038,4.58464464905718,6.02508662111907
LSO,2002,33.812578338126,388.92334985135,3.18394804,30.13590431,4.62776216122995,5.96595018096471
LSO,2003,6.62916357146762,583.270036200288,3.14434719,32.46588898,4.65845213125961,6.3703632667124825
LSO,2004,5.02342068616285,766.685820928242,2.99280524,31.50066566,4.68109900468209,6.6433805621156035
LSO,2005,3.43788423057443,861.381496414995,2.25555015,34.38764954,4.69738504799608,6.7596977440050185
LSO,2006,6.07271879734293,925.467485502842,3.04879928,30.02318382,4.67092959737798,6.831378951210896
LSO,2007,8.01243669043409,861.188420899563,4.63973618,24.05200005,4.58452076609027,6.759473832507664
LSO,2008,10.7156661309681,898.482517882593,4.36957979,22.01409149,4.47092241425997,6.801819617829393
LSO,2009,-16.8596910540644,878.847950537772,4.86539936,19.720541,4.35081223878442,6.779749109063663
LSO,2010,-2.40524254598706,1119.47557793042,3.9816153,23.46018219,4.23461278165922,7.021508497314403
LSO,2011,5.0366305210156,1280.73390931581,4.93363905,18.80370712,4.12731522053774,7.1559690569012275
LSO,2012,6.05143662139967,1217.93071228944,5.62558651,16.8902359,4.03518659112755,7.105729288070456
LSO,2013,4.86511899496385,1151.03735837227,6.12028074,13.9332571,3.97003847305913,7.049287269872619
LSO,2014,5.37028961008587,1173.5377928819,5.8080492,14.1902113,3.93997564527287,7.068629981428781
LSO,2015,3.21844513655931,1121.19851342518,5.62011147,15.60902882,3.89919944844927,7.023044998619131
LSO,2016,6.59650490696543,992.491840678465,5.59334755,15.83790779,3.8399903868811,6.901225849254035
LSO,2017,4.447699373763,1069.36673247542,6.03923559,15.77537918,3.80087158261016,6.975756609365033
LSO,2018,4.7518030162474,1170.65569702819,5.5954361,14.49901295,3.78136501919076,7.06617315311023
LSO,2019,5.18708359197982,1082.05706777516,6.75437784,7.29349852,3.77981769304005,6.987542939772592
LSO,2020,4.97809676252309,918.582574704447,4.87197256,16.02078056,3.78888025883309,6.823919843932253
LSO,2021,6.04774591950676,1066.58645143823,4.38429165,14.66818142,3.78511652668843,6.973155726777521
LSO,2022,8.27180389943028,1030.12582947757,6.55054998,12.75231171,3.7929706372461,6.9384065226199665
LSO,2023,6.34221743124953,916.282976983803,5.84427834,13.19708443,3.82680387216458,6.8214160146020015
LSO,2024,6.10544624245032,971.90771824829,,,3.8564059343144,6.880289235188982
LTU,2000,0.981615478857598,3300.63634928559,4.16024494,27.15216637,13.8409816929598,8.102173487974808
LTU,2001,1.36712030817819,3532.52787363242,4.21362257,27.58539391,14.2439657426251,8.170052048491595
LTU,2002,0.281506610345575,4148.13091485015,4.46694374,25.60276031,14.7285151596935,8.330654173185312
LTU,2003,-1.13430854990247,5507.47434187652,4.59060907,24.18149185,15.1734207288543,8.614042974854508
LTU,2004,1.16410252104671,6734.57487061946,3.43413758,32.91969299,15.613976845434,8.815158440898898
LTU,2005,2.65848484065262,7857.03148786492,3.42760634,32.77876663,16.0506106831398,8.969291407219682
LTU,2006,3.73912004060664,9210.10118229413,3.65662551,31.85560608,16.4653092780983,9.128164685869182
LTU,2007,5.73717382799842,12295.1212779366,3.79175305,28.40399361,16.8213583447784,9.417039148372181
LTU,2008,10.9258856241655,14955.5345462921,4.44847679,28.17394638,17.1037935044469,9.612903576718805
LTU,2009,4.45304456518535,11854.3711053096,5.27926397,26.81708145,17.2804966025491,9.380536301705009
LTU,2010,1.31921362055463,11829.122609457,4.90936899,27.59107971,17.6097771279808,9.378404321200803
LTU,2011,4.13027562645085,14261.8433787325,4.59981918,28.22128105,17.9884941813021,9.565413069514697
LTU,2012,3.08998277055417,14288.1853493139,4.20211172,31.80083847,18.1799731254535,9.567258260853377
LTU,2013,1.04747937065344,15636.5252586048,4.03710175,32.82086945,18.3577356444558,9.657428770032363
LTU,2014,0.103758009433708,16446.1647181663,4.14252853,31.49276161,18.6035201529541,9.707908383779968
LTU,2015,-0.884097405500596,14269.8039878287,4.2784977,31.83712196,18.8803013596424,9.565971050007025
LTU,2016,0.905525075460342,14934.2702840428,4.37240982,32.31705093,19.1757756195781,9.611480827844527
LTU,2017,3.72288862303707,16800.1510246099,4.21894503,32.27551651,19.504402571296,9.729202676414053
LTU,2018,2.69792779208394,19247.2315367967,4.26898956,31.51578522,19.7309309832227,9.865174467277434
LTU,2019,2.33450937988027,19608.7943945553,4.52023697,32.27022552,19.8571907989029,9.883784434411067
LTU,2020,1.19989444983569,20428.6478157394,5.09458399,28.66090393,19.9341539675463,9.924742449079597
LTU,2021,4.68354420903453,23870.4594851722,5.21177673,29.93124008,19.9469849122603,10.080438860537539
LTU,2022,19.7050461518394,25085.784063499,4.7339468,31.80231094,19.8607556942966,10.130096455118874
LTU,2023,9.11731962390475,27786.0057829276,4.75854826,31.02016449,19.8561787800633,10.232323772524637
LTU,2024,0.715735835228723,29384.0189598663,,31.42526817,20.1664889015269,10.288240264269149
LUX,2000,3.15076707022592,48659.5988753233,4.93300676,14.2508812,14.0341524651339,10.792624923605045
LUX,2001,2.66382110579103,48440.1420151355,5.36152744,13.6576767,13.9484529197977,10.788104773258972
LUX,2002,2.07408613571643,53005.7339209179,5.67507315,13.8617382,14.0202984619899,10.8781742395751
LUX,2003,2.04984030563518,65689.3214536911,5.83644247,13.25509357,14.0392131693217,11.092706879369615
LUX,2004,2.22567916428889,76544.9170868473,6.15188742,12.77582836,14.0654883148536,11.245646063110117
LUX,2005,2.48769665164088,80988.1376230858,5.99415827,12.92818737,14.1069293143962,11.302070321243214
LUX,2006,2.66631494577069,90788.8004876145,5.56112909,13.37627888,14.0849627590057,11.416302228848403
LUX,2007,2.31245861786127,107475.320297978,5.25702858,10.30741978,14.0545942907115,11.58502582598759
LUX,2008,3.40187963025571,120422.137934157,5.46154928,10.06149197,14.030027168217,11.698766968926371
LUX,2009,0.368041997888887,109419.746953106,6.02683735,9.8952837,14.0208536361383,11.60295579407145
LUX,2010,2.2736791162154,110885.991378721,5.72467899,10.23186111,13.9918409176011,11.616266865995831
LUX,2011,3.41068341068342,119025.057203467,4.96489,10.88065338,13.958297980655,11.687097716220013
LUX,2012,2.66284165508021,112584.676270958,4.4276371,11.46961975,13.9654108927907,11.631469777634685
LUX,2013,1.73403963519162,120000.140729859,4.39057875,11.19933987,14.0256757341215,11.69525652780116
LUX,2014,0.628543985440717,123678.702143275,4.40729094,11.07252598,14.1251062865936,11.725450455533057
LUX,2015,0.474743161437779,105462.012584423,4.29385996,10.71509171,14.1954152151927,11.566115578809805
LUX,2016,0.290833333333317,106899.293549552,4.28179646,10.74443722,14.2424413802086,11.579651843029497
LUX,2017,1.73079959118887,110193.213797228,4.35383892,10.66126442,14.3068137144371,11.609999667945202
LUX,2018,1.5281952430738,116926.759593905,4.47836113,10.43567467,14.3776280584969,11.669311583717374
LUX,2019,1.74332075653848,112696.649059674,4.69412756,9.58771706,14.4700667405182,11.632463839647682
LUX,2020,0.819957302127036,116860.02817236,5.03816795,8.38729095,14.5852263807154,11.668740714395582
LUX,2021,2.52692009066166,134965.815442152,4.8814826,8.79836845,14.7153406197971,11.812784215664344
LUX,2022,6.33600807777919,123719.658915996,4.88470221,8.66778374,14.8424375777289,11.725781552649646
LUX,2023,3.74140361983136,133230.619178899,5.01267815,8.77390862,15.1061948765445,11.799844390140926
LUX,2024,2.05113269954859,137781.681659123,5.12085199,8.50457287,15.4763638200631,11.833432952298779
LVA,2000,2.65425477796048,3278.17896440803,2.82781434,47.65911484,14.9901670493231,8.09534835431472
LVA,2001,2.48704003555464,3504.61829462397,2.87069702,48.85079193,15.2967902763588,8.162122187513107
LVA,2002,1.93887573855886,4003.60935783538,2.95235634,47.58166504,15.67299817293,8.295201316127377
LVA,2003,2.94264752948478,4914.57992829302,2.85846782,48.56236267,16.0776790051831,8.500165017135163
LVA,2004,6.19238547197429,6109.73265186817,3.63743186,40.63125992,16.4790780213888,8.717801955266367
LVA,2005,6.74845027893124,7283.78738127622,3.38735056,41.69103241,16.8562497223504,8.893543532379947
LVA,2006,6.53619908765872,9211.7374468148,3.70522499,35.59818268,17.2223969730946,9.12834231058224
LVA,2007,10.0929775849169,13370.9789452508,3.54180741,36.82770538,17.5124592416493,9.500916672998725
LVA,2008,15.4023191064986,15677.6080864506,3.53879547,37.30623627,17.7238123599017,9.660052519967337
LVA,2009,3.53410672858934,11996.0322729773,3.73898005,38.7826767,17.9832099503161,9.392414587598607
LVA,2010,-1.08463595015155,11188.4191700977,3.74602699,37.18564987,18.2544494766261,9.32272389380131
LVA,2011,4.37073559939223,12902.574053337,3.75751281,34.29675293,18.4754761239579,9.46525961037439
LVA,2012,2.25778924374585,13329.3499931271,3.39200068,37.82342148,18.6755010177509,9.497798668876616
LVA,2013,-0.029454778257828,14484.4715282132,3.36321855,38.47148514,18.9296873835699,9.58090146253611
LVA,2014,0.620490636732421,15185.814581236,3.37962747,39.10600662,19.2414909818675,9.628182868610898
LVA,2015,0.174242243625186,13321.9753140616,3.43240261,40.46530914,19.5243158412573,9.497245291077132
LVA,2016,0.140633334505327,13838.5266823272,3.54719949,43.32296753,19.7753873612594,9.535284029333038
LVA,2017,2.93036312374665,15132.4958333982,3.53695512,41.78833008,20.0107948444194,9.624665833193427
LVA,2018,2.53445424186598,17252.1710428626,3.82692361,39.17964172,20.1981958800325,9.755751234136849
LVA,2019,2.81140920075624,17294.9751600969,4.10785341,35.10500336,20.4072272200842,9.758229103713347
LVA,2020,0.219064904841985,17564.2321549354,4.76178408,31.87391663,20.6721709557533,9.773676781517532
LVA,2021,3.27582937431165,20261.8887788916,6.52429104,26.98238754,20.8461609037398,9.916546352973574
LVA,2022,17.3102830198815,20221.103686109,5.2459259,30.74036026,21.0117630297337,9.914531527029604
LVA,2023,8.9380462331663,22710.2637544197,4.32704115,35.05759811,21.3320948408305,10.030616281037897
LVA,2024,1.26579885828729,23409.0845154775,,,21.7358403074143,10.06092217070815
MAC,2000,-1.60971883961897,15731.4081633771,,,7.14014575506107,9.66347807800138
MAC,2001,-1.98465008641646,15810.7227666562,,,7.18629598427408,9.668506891164983
MAC,2002,-2.63751699816198,16814.9926424134,,,7.166227352669,9.730085655581753
MAC,2003,-1.56245203671305,18589.8998330534,,,7.10250227586222,9.830427483688931
MAC,2004,0.980728452039451,23407.1993692194,,,7.03307756117793,10.060841640363904
MAC,2005,4.39589284335674,25681.2167315221,,,6.94898473084442,10.15355407539938
MAC,2006,5.14997337750692,29813.7877167933,,,6.86599318127987,10.302759781518217
MAC,2007,5.57149689143952,35400.2334659409,,,6.81144338572267,10.474501942185487
MAC,2008,8.61101858637,38888.5118044503,,,6.79491724665535,10.568479873829816
MAC,2009,1.16906695453767,40354.2810293673,,,6.83760917080237,10.605477545663534
MAC,2010,2.80947242060843,52596.2250160214,,,6.96350693090242,10.870418640984733
MAC,2011,5.80624616691043,67046.7284292101,,,7.17271870507659,11.113160009376942
MAC,2012,6.10738928336549,76058.0224963659,,,7.45090395619679,11.239264929655857
MAC,2013,5.50057779178484,87107.8313063626,,,7.79140632959383,11.374913550425873
MAC,2014,6.04823452094076,88355.3181764446,,,8.18977099937081,11.38913298822367
MAC,2015,4.56056338028173,69902.9605741233,,,8.61030346572289,11.154877587190763
MAC,2016,2.36895749705898,68911.6755919628,,,9.03601779251992,11.14059541093696
MAC,2017,1.22812404052809,77570.9876166977,,,9.4998178807819,11.25896165667988
MAC,2018,3.00446293166953,83588.2875009014,,,10.0197033267959,11.333670650920798
MAC,2019,2.75193081051975,81882.6964523869,,,10.6213504547121,11.31305518350937
MAC,2020,0.811410511491512,36883.6652578543,,,11.3116365683283,10.515551167985214
MAC,2021,0.0264543647055504,44884.8961602393,,,12.0335194887111,10.711878907686906
MAC,2022,1.04502802369954,36806.891255461,,,12.7420560469024,10.51346753745855
MAC,2023,0.476384495788075,67216.3631112124,,,13.479471895326,11.11568687276811
MAC,2024,0.672498598854365,72004.7437020733,,,14.2684189919779,11.184501168456352
MAR,2000,1.89463456763464,1499.107421875,0.93646741,53.86581421,4.32319661006496,7.313291999109433
MAR,2001,0.619801875297975,1506.24523925781,1.00273478,53.25442505,4.40841665830142,7.318038918802782
MAR,2002,2.79561966936936,1596.02062988281,1.08123076,53.84698105,4.49755851755154,7.375895066029392
MAR,2003,1.16773367477592,1941.87255859375,0.99790573,56.20530701,4.58784937095757,7.571922857207664
MAR,2004,1.49344403381774,2183.55541992188,1.01085818,57.37558365,4.66525268563501,7.689167617683732
MAR,2005,0.982641660015951,2242.98828125,1.10253143,59.65603256,4.73323072714854,7.716010044369592
MAR,2006,3.28476166954811,2438.12646484375,1.30186176,58.74881363,4.81319085043138,7.799395247976147
MAR,2007,2.04208512673344,2755.5859375,1.41620255,57.18305206,4.90761409724243,7.921748213854306
MAR,2008,3.71484311494064,3183.20043945313,1.50152016,56.41322708,4.99700277787036,8.065956497072424
MAR,2009,0.971862998667636,3119.58862304688,1.72093856,54.49833298,5.07741023336992,8.04577692424221
MAR,2010,0.993557401226392,3067.9853515625,1.74102044,55.61273193,5.162106754161,8.029102281575598
MAR,2011,0.9069249096918,3301.98876953125,1.80912101,54.24003983,5.26097499930688,8.102583025303645
MAR,2012,1.28712240079219,3164.17724609375,1.85334969,52.74585342,5.37392001793781,8.059964334935582
MAR,2013,1.88065466724086,3379.7431640625,1.82751834,51.66726685,5.49610979729795,8.125850835333381
MAR,2014,0.442310053557048,3435.40698242188,2.09785223,49.15629196,5.63543604139538,8.142181722662047
MAR,2015,1.5579071134626,3146.24780273438,1.98215687,48.95444107,5.80213787505015,8.054283636491984
MAR,2016,1.63531114327064,3140.85546875,2.00518847,48.8467865,5.99554455752977,8.052568817996246
MAR,2017,0.754663249323619,3296.52661132813,1.98112547,47.96567535,6.21542948574287,8.100927954711485
MAR,2018,1.80391671141896,3501.69799804688,1.9875257,46.98527527,6.45847935365639,8.161288807104988
MAR,2019,0.303386036590383,3508.09765625,2.02342105,46.55796814,6.72020202315888,8.163114205418248
MAR,2020,0.705968661338261,3268.0302734375,2.46551728,43.40781021,6.97052126972381,8.092248667445325
MAR,2021,1.40195883962006,3785.93627929688,2.2556777,41.79529953,7.21841629730986,8.239312601590939
MAR,2022,6.65704202759067,3463.1376953125,2.90570426,40.54432678,7.5098132650741,8.150219019271198
MAR,2023,6.09114152504141,3813.72607421875,3.42813945,37.25432968,7.82574109038898,8.246624138838879
MAR,2024,0.985256592004507,4153.1943359375,,,8.13865292437289,8.331873786186623
MDA,2000,31.2993015817784,440.538683980372,2.90143156,47.17256546,10.1002569914071,6.090265635640248
MDA,2001,9.7646628575763,507.404076252819,2.86584091,51.94122314,10.2473524799691,6.231276557089646
MDA,2002,5.30124390261587,570.799866188293,3.54672813,46.51903915,10.386551352129,6.348789045869808
MDA,2003,11.7460792058234,682.319095965299,3.2140553,48.30680466,10.4815758190339,6.526961948074556
MDA,2004,12.5242768428228,897.178494749468,5.30847454,38.17024994,10.5262117402966,6.800368817758979
MDA,2005,11.9591837222127,1034.39197746993,5.03950357,42.76385117,10.5968570714764,6.94253535619549
MDA,2006,12.7777557830351,1183.02481442894,5.19462681,46.45158386,10.7301336171156,7.076674773356883
MDA,2007,12.3671668414302,1531.21618590748,5.62990999,45.09947968,10.8582590388341,7.334470453861592
MDA,2008,12.783047261882,2110.55305353857,5.27913141,48.42182159,10.9037323415983,7.655179000053407
MDA,2009,-0.0627185967108899,1898.43975710988,5.83283806,45.5789299,10.8357594415859,7.549314256994384
MDA,2010,7.48385086350851,2436.79935102421,4.64634132,40.43186188,10.6813851298936,7.798851006007988
MDA,2011,7.6872510335619,2941.36224066021,4.24517536,44.79645157,10.5443759336524,7.986968020930647
MDA,2012,4.54633427355302,3044.8084324815,4.43541145,42.21784973,10.485419553317,8.021521639974235
MDA,2013,4.59787897363127,3321.04397795719,4.05499315,42.57612991,10.6157631674484,8.108335528483323
MDA,2014,5.08878554625869,3289.95758568777,4.30888414,38.34880066,11.0822689022586,8.09893386088939
MDA,2015,9.67624033101859,2749.55137054338,3.87085724,46.18740845,11.7091797505114,7.919556668942914
MDA,2016,6.35930898037931,2847.08794770479,3.7185328,46.29189682,12.2990838824212,7.9544031525693955
MDA,2017,6.57022997455611,3453.26727720294,3.60770988,43.63447952,12.8296483714172,8.147365637647637
MDA,2018,3.04505397337071,4156.44981956646,3.79154086,40.02738953,13.3074098865074,8.332657141136504
MDA,2019,4.83778351428728,4405.33418162155,3.87679625,35.6937027,13.8014600191097,8.390798371426943
MDA,2020,3.76597122245351,4375.7788930524,4.54034805,30.92627144,14.2911788385703,8.38406832027692
MDA,2021,5.10641129002835,5274.60582195352,5.05644417,29.41590118,14.6975547316048,8.570848799513469
MDA,2022,28.7372976766235,5744.29618434435,4.5151453,31.71020699,15.1170014189217,8.656136744105257
MDA,2023,13.4170104381299,6799.58594644576,4.68608952,27.468853,15.6147071961188,8.824764056046863
MDA,2024,4.67773516007052,7576.19589413326,,,16.2115124727323,8.93289847538274
MDG,2000,11.859684500028,280.282905559649,1.84589028,43.31555557,2.79742095372473,5.639360944220369
MDG,2001,7.91694484529586,319.283278235657,1.83291543,38.77468109,2.78897846108649,5.76920584868239
MDG,2002,16.4985255315846,304.941777398445,1.74709666,37.57742691,2.78090837259421,5.723394813909037
MDG,2003,-1.70400479616298,352.620095849925,2.17278719,34.52892303,2.77173284964932,5.8682231613033675
MDG,2004,13.9558018033211,272.20074858856,2.17331147,30.58158302,2.75964861515866,5.610206867768137
MDG,2005,18.3638246468932,305.812074924388,1.93450081,33.02706909,2.74446531840141,5.726235426360031
MDG,2006,10.7656371554865,324.146874882604,1.89314044,31.65363503,2.72749724809942,5.7842770029591275
MDG,2007,10.2879663187671,419.548001431865,1.90437353,32.6548996,2.70985678479646,6.041558626124808
MDG,2008,9.29650839381057,512.579800058444,1.41035628,37.18900681,2.69295925860265,6.241405421498027
MDG,2009,8.95421802392949,446.315238370592,1.30581379,37.65555191,2.67787402117284,6.103263577308983
MDG,2010,9.24732173644116,450.009391645726,1.86784148,36.15040588,2.66588794415341,6.111488163334034
MDG,2011,9.48254048582992,506.163691559309,1.67813444,27.97330856,2.65931791842448,6.228833814518241
MDG,2012,5.71384434191053,493.511162904211,1.48979211,32.48873138,2.65892231659813,6.203569724931759
MDG,2013,5.8264294445198,515.301589361832,1.30425918,35.58833694,2.66844849706382,6.246691070249705
MDG,2014,6.08040811088302,505.684922503435,1.74814212,28.16691589,2.71282934644595,6.227889355779882
MDG,2015,7.40419174202129,445.320069480568,1.99010992,25.1729393,2.78825380522701,6.101036339211593
MDG,2016,6.03575858154679,453.970714522463,2.37194586,23.05756569,2.86662404589863,6.120233053192625
MDG,2017,8.60905075422949,491.866848718929,2.24615121,25.63452148,2.94338687851329,6.200239053829086
MDG,2018,8.59422958870476,500.45718552916,1.49675477,29.32769394,3.01848784753958,6.217518230934313
MDG,2019,5.61051441492365,499.818837622534,0.68268955,34.22468185,3.09198189312276,6.216244434139431
MDG,2020,4.20179312190557,450.771615201509,0.68988532,30.93841553,3.15356422621173,6.113176776034389
MDG,2021,5.81225118787715,483.469463351195,0.74739987,32.71157837,3.20730301417432,6.183054402205611
MDG,2022,8.16059031991844,503.51453347296,0.89582229,30.41908646,3.26762489022296,6.223596647055559
MDG,2023,9.87432675044888,508.718427705591,0.98797482,27.42209625,3.33516236451659,6.233858470715588
MDG,2024,7.61335784313723,544.987501003384,,,3.40515250513719,6.302596083547686
MDV,2000,-1.17475681175946,2213.81235053178,2.56440163,62.99431229,3.76092348551602,7.702922961297622
MDV,2001,0.67257737006247,3033.93234507036,2.67766237,57.46391678,3.92565405772969,8.017944411670298
MDV,2002,4.1786723990479,3076.07007160101,2.54975939,51.88085938,4.09545429606057,8.031733147763758
MDV,2003,-1.26065113450354,3548.5767011056,2.1482141,53.8095932,4.2667399684982,8.174583636234729
MDV,2004,-1.68541212459466,4070.2609459446,2.31102347,59.50085068,4.43428855803923,8.311708045182371
MDV,2005,1.30027500930997,3796.51546524644,2.96756434,55.65866089,4.59404951881186,8.242102306942593
MDV,2006,2.73842131602099,5018.94335409159,2.95987701,49.92178345,4.67610426603707,8.52117392857661
MDV,2007,6.79477353930168,5758.10286933053,3.91466451,47.22499084,4.65654171764583,8.658536989707018
MDV,2008,12.0414583505108,6757.43280929292,6.397439,33.10024261,4.59856620162418,8.818546309214764
MDV,2009,4.53017659132801,6734.03165601895,5.82381439,34.3166008,4.52630823343622,8.815077789058948
MDV,2010,6.14988536750173,7173.59601844692,4.49513102,40.07978439,4.44383467482649,8.87830173499348
MDV,2011,11.2734146055937,7424.520410971,3.67702603,39.68729782,4.35566830981015,8.912678050234444
MDV,2012,10.884695658563,7461.29703686309,4.20904255,32.18829346,4.2628574678531,8.917618559590704
MDV,2013,3.8056300091943,8236.08177944126,4.29976511,32.28968811,4.17576402159119,9.01640140719611
MDV,2014,2.12000175718134,8939.07416571472,4.904356,28.11688995,4.09799403796266,9.098299164074392
MDV,2015,0.953206658777607,9644.90655028145,6.23556709,19.45229149,4.01479374243847,9.17428891265761
MDV,2016,0.502509413611612,9947.80744731739,7.37399292,18.93492508,3.93214198706091,9.205207968428542
MDV,2017,2.81747338234509,10509.628805812,6.51826191,20.585186,3.86766371291352,9.260142291368831
MDV,2018,-0.133373386117595,11423.2838427029,5.63719177,19.77984238,3.83165450746515,9.343496530445679
MDV,2019,0.220029731065383,11740.2724029785,5.87739515,17.46362114,3.83285048520598,9.370865469364267
MDV,2020,-1.36977425569811,7393.8886543933,9.15049744,16.90793228,3.86970406388133,8.908544318154371
MDV,2021,0.543149688737013,10176.143882547,5.88344622,17.11517715,3.92790129292933,9.22789968910388
MDV,2022,2.33314337624567,11786.0191492983,5.57443285,20.27326775,4.08161318358005,9.374754132836966
MDV,2023,2.92746542425035,12587.6126038651,7.29846859,18.04885292,4.34510659817412,9.440547922702821
MDV,2024,1.39979779674928,13379.3513577224,,,4.64021341457638,9.501542593256895
MEX,2000,9.49156149435403,7524.0271380091,1.91919184,52.22364426,5.01410425565983,8.92598969599052
MEX,2001,6.36773806235037,7952.76479510706,2.00498009,53.42838669,5.14276005050375,8.981400654687603
MEX,2002,5.03072733151295,7983.03398381759,2.0620842,54.35933304,5.28164517522168,8.98519907447242
MEX,2003,4.54690012118718,7434.0746485155,2.29952097,55.66365051,5.41895411184093,8.913963898993886
MEX,2004,4.68840884843143,7849.66759649565,2.46993542,53.69269943,5.55197255293978,8.96835385129998
MEX,2005,3.98805714597437,8671.75891885163,2.35726452,54.58955383,5.67757783690514,9.067942233555542
MEX,2006,3.62946762439132,9512.63575346699,2.31543756,53.76394653,5.79085663044309,9.160481390939479
MEX,2007,3.96684905458235,10134.3327138119,2.41293502,52.49715424,5.88011090113516,9.22378288654775
MEX,2008,5.12498274575896,10523.7685403244,2.50039554,48.59585571,5.95121664567386,9.261486666890658
MEX,2009,5.29735584228856,8423.56933214711,2.72910881,47.35383987,6.02182660794307,9.038907636067961
MEX,2010,4.15672722680174,9728.80078377082,2.75687551,43.50876617,6.09750132223508,9.182948700537848
MEX,2011,3.40737824605742,10664.4944032313,2.79909682,40.73421097,6.18329821949573,9.274768987377273
MEX,2012,4.11150981070289,10744.1335242686,2.87779689,40.64141083,6.28324051040382,9.282208235641429
MEX,2013,3.80639069747204,11216.8008505428,2.9978776,39.87906647,6.39365899489954,9.325257157240243
MEX,2014,4.01861608078679,11391.3773497683,2.78812504,40.87202454,6.51446394948331,9.340699757205018
MEX,2015,2.72064064964023,10021.2386118827,2.88534904,41.04377365,6.65084837815842,9.212561764045136
MEX,2016,2.8217078474766,9097.92397674769,2.76140785,41.3722229,6.8015894842814,9.11591144120009
MEX,2017,6.04145724018986,9649.27816772402,2.68433452,41.78836441,6.96592017390268,9.174742019588463
MEX,2018,4.89935015356551,10084.7937562021,2.59963799,42.30939865,7.14422403295026,9.2188831539051
MEX,2019,3.63596142127046,10369.5553585271,2.60652828,42.28219223,7.33464157467799,9.246725854131645
MEX,2020,3.39683415570006,8841.27075039868,3.20069051,38.76134109,7.48607987451515,9.087298994862715
MEX,2021,5.68920847683753,10314.0506722115,2.94404602,41.37071991,7.58575873574664,9.241359337971376
MEX,2022,7.8962761916855,11405.7940473759,2.96263528,39.08966446,7.74526983999124,9.34196442593161
MEX,2023,5.52796087314389,13860.9597809326,2.67641234,41.23572922,7.98664578990007,9.536903661083777
MEX,2024,4.72225588452932,14185.7812248529,,,8.24857017950351,9.560065910374933
MKD,2000,6.60742291038536,1861.89899780644,4.71220732,42.08673859,9.76010479996986,7.529889154320554
MKD,2001,5.19888525744048,1823.02267682636,4.55789852,42.38284302,9.98344384482222,7.508799603027587
MKD,2002,2.31459794083216,1989.13537265159,4.73120594,42.5700264,10.1740481006361,7.595957941862929
MKD,2003,0.855562122724219,2445.36286400013,4.95398092,43.79019547,10.3204268642762,7.8023576552035205
MKD,2004,-0.448650206551934,2818.5814561242,4.71959162,42.53265762,10.4746258291976,7.944343733102735
MKD,2005,0.525515950714247,3120.98401394233,4.3757925,41.23845673,10.6415833236235,8.046223980608177
MKD,2006,3.21362929606345,3440.4411057968,4.21515989,37.00005722,10.8205977983308,8.143645588746125
MKD,2007,2.2517579830545,4204.11328760452,4.04007626,37.28580475,11.0189522241413,8.344056513210496
MKD,2008,8.33189666968108,5026.4202989873,4.23244715,32.02929306,11.2262740519037,8.522662268510167
MKD,2009,-0.739633963061192,4799.78722768888,4.0919199,34.79013824,11.4293250237734,8.476535189217023
MKD,2010,1.50997522027613,4833.36586759968,4.06657267,37.78863525,11.6140833193192,8.483505244704636
MKD,2011,3.9047542206974,5416.86672931659,4.05699444,35.79779053,11.8089652480304,8.597457424578868
MKD,2012,3.31605566687647,5049.8265386157,4.13496399,35.2437439,12.0723567464621,8.527307179889776
MKD,2013,2.78500056726109,5626.26115664893,4.41111708,33.70716476,12.458575061591,8.635378129703192
MKD,2014,-0.281705032928494,5925.38592218015,4.01871777,34.97661972,12.9263524713146,8.68716984956692
MKD,2015,-0.299920475631462,5262.68671928674,4.11930132,34.26193237,13.4042646662284,8.568586957420827
MKD,2016,-0.239290787684501,5598.48622617967,4.0607338,35.32001495,13.9040754168431,8.630430127189323
MKD,2017,1.35161889677442,5955.2973863451,3.75674939,41.04214478,14.4580662828714,8.692204323105615
MKD,2018,1.45831298507126,6713.98925398989,3.75730491,41.23317337,15.0850497869881,8.812097508656711
MKD,2019,0.766439573459805,6718.85826635458,4.25745583,39.08806229,15.7588026396984,8.812822341978487
MKD,2020,1.20007348888469,6659.59651070776,4.66986942,38.87190628,16.3463390126845,8.803964325695961
MKD,2021,3.23074912132928,7620.80296977508,4.58688641,41.73991013,16.724393369915,8.938768230899615
MKD,2022,14.2047173195833,7606.2375253797,4.22148132,40.21560669,17.047678201619,8.936855379089776
MKD,2023,9.36187249769015,8674.35846327485,4.27594757,39.57205582,17.5017325840163,9.068241925376322
MKD,2024,3.48974086026954,9291.85661671864,,,18.0247601630052,9.13700127826782
MLI,2000,-0.677661659046769,304.652870194271,1.29321861,68.81685638,3.2229962556958,5.722450046891207
MLI,2001,5.18701191944068,346.224554251022,1.05405474,67.79321289,3.1578786983853,5.849971701054672
MLI,2002,5.03282275711194,378.191678628285,1.10984015,61.7513504,3.09446983044503,5.93804182559442
MLI,2003,-1.34672619047621,441.910358475095,1.41243839,61.20193481,3.03435447741044,6.093367398497375
MLI,2004,-3.09978128063957,495.006294680645,1.58851421,55.61299515,2.98065035216043,6.2065886175327964
MLI,2005,6.39788293897883,548.730382842725,1.39720833,57.01822662,2.94041927009326,6.309427945019609
MLI,2006,1.54352596927582,586.985415515264,1.22405839,56.74286652,2.91360926029365,6.376702144045544
MLI,2007,1.41200201714577,670.853394973479,0.99671644,61.34729767,2.89236058479397,6.51004015448046
MLI,2008,9.17098813667678,767.19483895009,0.71373433,63.22199249,2.87155307963288,6.644043397521741
MLI,2009,2.46375188572299,787.482564287398,0.66568589,61.83517075,2.84602315623779,6.670110293650552
MLI,2010,1.10892690670186,797.151541135109,0.66893148,56.26599884,2.81205037403737,6.68229848059268
MLI,2011,2.95564395229392,938.292902583696,0.6047653,50.00246048,2.7749265538929,6.845127360902185
MLI,2012,5.32312847064058,872.506092465564,0.41352206,44.74360657,2.74372594379353,6.772515104324332
MLI,2013,-0.606736356351563,901.920957644831,0.81583834,34.84939575,2.7108215158238,6.80563501652354
MLI,2014,0.883814547137841,947.915033288325,0.89173758,33.55117416,2.6696747242889,6.855319261712605
MLI,2015,1.45069057605961,838.11986940103,0.91927379,34.17124557,2.63327015909517,6.732353568015323
MLI,2016,-1.79964707083386,872.468587171653,1.20876825,35.75055695,2.60453577129353,6.7724721669030234
MLI,2017,1.75985742927165,924.057531692284,1.17751467,37.50244141,2.57634749650993,6.829855932002399
MLI,2018,0.299546507387843,996.379292136901,1.15118647,32.55354691,2.54869997130177,6.905131131052599
MLI,2019,-1.65826694846365,971.949318638092,1.1192745,31.07923317,2.52301022604725,6.880331993098757
MLI,2020,0.438088940320669,953.242943290974,1.40269554,44.73706055,2.49059867843247,6.860918296566268
MLI,2021,3.92560283104277,1027.27345365357,1.35538208,44.09402466,2.45371417425465,6.935636416141502
MLI,2022,9.62147608489064,976.914116406452,1.36568475,50.84737015,2.4262091377493,6.885421850643482
MLI,2023,2.05880228274223,1043.9533853528,1.34937346,47.22994995,2.40531546645959,6.95172755608608
MLI,2024,3.2063986409966,1094.61949265799,,,2.38401749806275,6.999075228995885
MLT,2000,2.36959287531806,10348.4858902403,4.75728178,26.37362671,12.155565836032,9.244692125019247
MLT,2001,2.92949244324104,10357.7025891731,4.82706928,29.66666603,12.4043998713953,9.245582275265905
MLT,2002,2.18849048060549,11251.2025296416,5.44444466,28.73563194,12.6888571361645,9.328319168882668
MLT,2003,1.30383777442602,13593.9787155682,5.54482079,28.83597946,12.9668211152387,9.517455791458005
MLT,2004,2.79082848067754,15212.1313438497,5.59103823,28.17258835,13.2405869071745,9.629914238084552
MLT,2005,3.00796652450313,15831.344048672,6.01062059,28.85906029,13.4790398227037,9.66981021826609
MLT,2006,2.77378006481472,16653.6036929688,6.05880404,29.62184906,13.6329008351095,9.720441955266246
MLT,2007,1.24921923797629,19444.1741958382,5.46883106,31.07822418,13.7097267115136,9.875354204936874
MLT,2008,4.25862171897073,22315.3104212988,5.0669446,32.99180222,13.8815759638541,10.013073099125833
MLT,2009,2.08432746082343,21176.3218262672,5.12119102,32.45967865,14.3886148702039,9.960686162919691
MLT,2010,1.51563513618532,21946.6069636029,5.10055399,33.02582932,15.096989119852,9.99641339040065
MLT,2011,2.9629852819288,23516.9691234302,5.36059618,33.16239166,15.8139408918619,10.06552005149153
MLT,2012,2.37582057760386,22878.3130866521,5.41480064,32.09076309,16.5765962159862,10.037988422606517
MLT,2013,1.1802843636655,25415.5566867731,5.6092701,30.22222137,17.3519818416277,10.143156078714407
MLT,2014,0.310306472181665,27424.5765646694,5.47425842,36.46775818,17.9435630039737,10.219231308246762
MLT,2015,1.10054826378929,25529.6813337717,5.29361916,37.21007919,18.3273199612118,10.147636197453716
MLT,2016,0.642702771527304,26459.0770929988,5.48300409,35.12796402,18.6555640731084,10.183392351232307
MLT,2017,1.36435448150708,30317.2443175543,5.22904444,35.22463989,18.8131074315696,10.319504932985888
MLT,2018,1.15782362451517,33382.2677499267,5.1497612,34.29564285,18.7496839900321,10.415810087868559
MLT,2019,1.6420600176894,32421.9179752262,5.55893612,34.13107681,18.5815714000859,10.386620796644303
MLT,2020,0.638544956776712,31823.4363934505,6.57189322,30.30360985,18.4997679496494,10.367989713714998
MLT,2021,1.49789217934724,38096.8360735119,6.41883278,29.66859818,18.7721036316463,10.547912763531023
MLT,2022,6.15375621933037,35638.8869457406,6.09191847,30.0230751,19.2843700775476,10.481220709462447
MLT,2023,5.09396758978883,40905.8059585057,5.83802271,30.92565918,19.800039778143,10.619051733040582
MLT,2024,1.65079469283109,43898.5781808597,,,20.2123026573043,10.689659990380646
MMR,2000,-0.109165514668565,196.619580625284,0.26421133,85.6558075,5.00086099085685,5.286343872637675
MMR,2001,21.101305376923,141.525660705722,0.24364877,85.89756775,5.03500475523457,4.959522058624999
MMR,2002,57.0745112621703,146.598390364449,0.36103669,82.23466492,5.06515600564822,4.9944950067169955
MMR,2003,36.5897175323924,224.292688912409,0.24453028,83.16689301,5.09178487846221,5.417400396456318
MMR,2004,4.53421374129692,224.508811413327,0.25379223,78.88469696,5.1145162113586,5.418359233182993
MMR,2005,9.36861814196704,252.685193060728,0.17095795,82.50259399,5.13423576044411,5.536094100931666
MMR,2006,19.9964873359214,303.495087119254,0.27068752,75.01602936,5.15260231918773,5.71865495276447
MMR,2007,35.0245970717698,419.375780725042,0.20447917,82.16391754,5.17140213256537,6.041149027269633
MMR,2008,26.7995371934022,658.442487229705,0.17198935,82.45877075,5.18567235315122,6.491394761727971
MMR,2009,1.47234311385647,758.442935789255,0.18821332,82.26850128,5.20709432683321,6.632585185295102
MMR,2010,7.71838195873614,1010.53417343401,0.19366041,80.74465942,5.24473414065679,6.919223440944676
MMR,2011,5.0214601462073,1213.62898703376,0.23329397,77.27888489,5.29008098370249,7.102193948676607
MMR,2012,1.46758322674679,1202.6658960055,0.41945723,76.7002182,5.34058868104918,7.093127092347858
MMR,2013,5.64303883425501,1199.09561597055,0.58719838,72.23144531,5.39638498024105,7.090156512577269
MMR,2014,4.953299184844,1293.00042319714,1.00353265,66.03540802,5.49074745193444,7.165493802106496
MMR,2015,9.45417189526018,1166.73305547935,1.1429708,70.4500351,5.62985745547791,7.062819588876041
MMR,2016,6.92882525816076,1229.19713491328,0.66600835,76.67272949,5.78481355024311,7.114929707811452
MMR,2017,4.5725365531752,1272.82241815234,0.6941902,75.68733215,5.95130203257975,7.149777437211146
MMR,2018,6.87232865662935,1298.21310327675,0.67250752,76.44635773,6.1297183774185,7.169514055006761
MMR,2019,8.82506696804558,1425.98954241668,0.60877246,76.56387329,6.31825313612298,7.263322289080453
MMR,2020,,1490.21683599469,0.71241319,72.57280731,6.50781568157013,7.307347734100083
MMR,2021,,1242.7213439951,0.91952342,54.10145569,6.68644928507264,7.125863248203438
MMR,2022,,1158.05005055976,0.49640557,65.13663483,6.87716132590698,7.055356026669426
MMR,2023,,1233.19666209269,0.49524543,71.12589264,7.08914980516562,7.1181755613724444
MMR,2024,,1359.05001560107,,,7.3044263357285,7.2152767542311285
MNE,2000,,1627.06511911987,,,11.0933019654096,7.395147545221908
MNE,2001,,1909.59870186179,,,11.4450362860041,7.555171928395601
MNE,2002,,2106.6350684523,,,11.8067931959168,7.653321777242205
MNE,2003,,2789.15906483509,,,12.1863850198758,7.933853885675957
MNE,2004,,3380.16512135859,,,12.5567748343796,8.125975639539185
MNE,2005,,3674.6179242797,,,12.8792681965145,8.209476540173688
MNE,2006,2.92451258123648,4418.84951521682,,,13.117416635246,8.393860928161118
MNE,2007,4.34712215656112,5971.84638953467,,,13.2540021487941,8.694978874928756
MNE,2008,8.75872769588798,7359.95118960869,,,13.3266544941135,8.903944441091019
MNE,2009,3.46672373207793,6700.11405052395,,,13.3564186184406,8.810029067754307
MNE,2010,0.654946570148479,6678.63930800758,,,13.3195747114526,8.806819269265617
MNE,2011,3.4501431124869,7265.51668681954,4.85758018,38.80132294,13.3252988244592,8.891032320467572
MNE,2012,4.14524724981119,6552.48071710904,5.30493546,35.91405106,13.4746819458913,8.787751594674717
MNE,2013,2.20589268141178,7102.77882895852,4.89767981,42.07717514,13.6939604628851,8.868382150876336
MNE,2014,-0.710514051710227,7342.17339453427,4.85656452,39.11519241,14.0035525610354,8.901526370755038
MNE,2015,1.54869158222486,6421.00307345999,5.39562225,37.72554779,14.420476163943,8.76748535323234
MNE,2016,-0.271385023385176,6968.01539365317,5.18993425,38.23348618,14.8258265738724,8.849229230311552
MNE,2017,2.3802359905313,7674.2813940676,4.58153057,42.16569138,15.2378556506188,8.945760235505462
MNE,2018,2.611223782638,8673.59128084795,4.96868992,39.6108551,15.7080684318645,9.068153489105473
MNE,2019,0.361563704540767,8749.02375172644,5.06746101,38.55628967,16.2013123164339,9.076811693830997
MNE,2020,-0.255655699848551,7538.53635992191,7.13466835,36.5496254,16.6406770460658,8.927915968384832
MNE,2021,2.41080198403165,9317.15520065156,6.45562506,38.08446884,16.9128782703666,9.139719948242707
MNE,2022,13.0403036347004,10024.5435616209,7.24657822,25.47007751,17.1459251034129,9.21289147131545
MNE,2023,8.58476910455403,12259.8775034436,6.69406366,26.33176041,17.4661274844054,9.414168781434872
MNE,2024,3.33675009282281,13263.3281277699,,,17.8320804850907,9.492833615290586
MNG,2000,11.5955387593327,476.02755082717,4.61119699,18.51221466,3.42665024425888,6.167574247767907
MNG,2001,6.27736020484006,524.453483552485,3.88835406,20.77006531,3.45116508277134,6.264261667945134
MNG,2002,0.91707468718427,570.249213248399,3.87113953,20.9937973,3.47535643437826,6.347825564961775
MNG,2003,5.12899499422419,643.168068921658,2.98218632,23.92341042,3.50621875997549,6.4679596686423135
MNG,2004,8.24115449417619,794.154552001815,2.80098653,24.66249657,3.54830368580999,6.678536500793852
MNG,2005,12.7165674066053,994.90010913241,2.38196063,31.49645615,3.60163466500953,6.903646960519283
MNG,2006,5.09516661663157,1329.89179579053,2.49134016,25.55569839,3.65992063852848,7.193604519666365
MNG,2007,9.63096309630964,1627.68787743359,2.88185477,23.28106308,3.71448548686706,7.395529986458299
MNG,2008,27.9556650246306,2127.42678594737,3.21819425,21.42464447,3.75831680853196,7.663138387658702
MNG,2009,7.6195059351941,1703.32756790019,3.10174918,22.75947571,3.78657244929888,7.440925923597752
MNG,2010,10.0462065881651,2625.21881402433,2.44484329,28.05504799,3.79947011768747,7.873300377371649
MNG,2011,8.41121495327101,3736.04201455077,2.13192797,32.00390244,3.7968541594988,8.226049672277721
MNG,2012,14.3303348325838,4328.89001905655,2.34510446,31.50933075,3.79002160289241,8.373297420917963
MNG,2013,10.4906567588241,4340.14310544449,2.28476501,37.09957504,3.79262034296318,8.375892980765093
MNG,2014,12.2539808129759,4126.23975800524,2.40595388,34.67579269,3.8077594923651,8.325364123050653
MNG,2015,5.73568281938327,3838.92126989984,2.4089644,36.37525558,3.83803196041828,8.25320714274134
MNG,2016,0.733272227314397,3619.90026383792,2.56394386,34.81768417,3.8851300244803,8.194477965569103
MNG,2017,4.30143105302342,3645.96708669551,2.2598424,38.04784012,3.95398220054092,8.201651166006648
MNG,2018,6.82424790145522,4107.64288528468,2.09529591,43.93989944,4.04957088820743,8.32084805473527
MNG,2019,7.30106953550729,4347.54610314873,2.11976218,43.10778427,4.17415725035646,8.377596839054503
MNG,2020,3.7237230614026,4001.25193077703,2.56925178,43.71080399,4.30635785893672,8.294612464380982
MNG,2021,7.35894657888155,4517.61578018785,4.2121501,30.87066269,4.43492388778066,8.415960982602943
MNG,2022,15.1509728200805,4993.51487463495,3.11989594,38.94818497,4.61634103806392,8.516095564170783
MNG,2023,10.347583131434,5838.63108083902,2.72985005,48.79919434,4.8636009012415,8.672422902737686
MNG,2024,6.1977990165842,6750.6301157724,,,5.13764767489369,8.817539253343423
MOZ,2000,,327.12623979157,1.08604574,38.88117599,2.70113285403567,5.793398411751154
MOZ,2001,,304.792138621913,1.311831,26.68761826,2.68347865048626,5.722905585584114
MOZ,2002,,313.886661721198,1.17593813,27.98241615,2.67599142920651,5.7522127700209325
MOZ,2003,,339.488737800648,1.1753726,21.2150631,2.66959477838698,5.830382049567225
MOZ,2004,,400.056973161545,1.12229657,15.60630703,2.66597356604203,5.994103494924076
MOZ,2005,6.42755278070087,436.773856167384,1.4261055,12.31847477,2.66629890050855,6.081702466922351
MOZ,2006,13.2450879070999,457.487647833183,1.14244211,12.74688625,2.67117760827137,6.127933350947979
MOZ,2007,8.48948675497455,507.874923914304,1.17217517,12.01949692,2.68010983841089,6.232202257305675
MOZ,2008,14.5028053002268,592.159111184122,1.20704949,11.20337486,2.68977511197103,6.38546267866371
MOZ,2009,3.78861330914625,547.697144193651,1.2755909,8.2377615,2.69724183392678,6.307546639374241
MOZ,2010,12.4255421735156,496.185839392659,1.24370587,7.1121192,2.70217900725828,6.208963878524334
MOZ,2011,11.1666056127874,618.17649286789,1.25546241,6.71953869,2.70404433770015,6.42839035784023
MOZ,2012,2.60245456956618,685.685748199513,1.23552883,5.5548296,2.70652130212096,6.531876761369487
MOZ,2013,4.26135250941963,686.505672517351,1.49877322,8.01704311,2.71546408731957,6.533070080441016
MOZ,2014,2.55974875844295,697.142680444123,1.71540534,10.42445946,2.72836024619525,6.548423495116562
MOZ,2015,3.55075967356746,610.563774706589,1.78662503,11.26148605,2.74244471881563,6.41601924193216
MOZ,2016,17.4180418197597,441.489734819071,1.7231313,10.53909206,2.75909067106942,6.092417266029911
MOZ,2017,15.1132073899384,470.93856305196,1.73677838,9.68614864,2.776631662126,6.1568488140881055
MOZ,2018,3.91133439990729,517.507260258101,1.7863487,9.32622814,2.79398474315366,6.250954029997973
MOZ,2019,2.80270307928111,519.09255091362,1.8260498,9.71002865,2.80919999009516,6.254006778264655
MOZ,2020,3.48393567493204,462.433876479921,2.3917768,10.30667114,2.81106994067767,6.138663713512573
MOZ,2021,6.40847652975692,509.907829475551,2.28472924,9.44619656,2.79064141946146,6.236189201088286
MOZ,2022,10.2794018093421,578.251663751351,2.28882098,10.40334034,2.77309890426475,6.36173703555929
MOZ,2023,7.12697482131851,622.000297682823,2.249192,10.37066555,2.76676995144367,6.434546996608884
MOZ,2024,4.07856834812022,656.776824637306,,,2.75374348509978,6.48886570150966
MRT,2000,3.25406745833358,680.911061879778,0.46969447,77.82102203,3.08267852944097,6.524899241538714
MRT,2001,4.7148963468961,651.817840199777,0.54510015,77.12584686,3.09115095998726,6.481298132013878
MRT,2002,3.8957052575849,648.879643934862,0.87326568,69.98466492,3.10276451447234,6.47678718256773
MRT,2003,5.15190150769578,732.017820812675,0.7719968,68.38990021,3.11459911793026,6.59717001375029
MRT,2004,10.3676233473073,823.554457141893,0.70654863,70.48690033,3.12370203057975,6.714843188504882
MRT,2005,12.1256487185541,998.96583416747,0.81955862,67.1342392,3.13624243954314,6.907721112565942
MRT,2006,6.2410332814282,1300.60367988659,0.67619681,68.15976715,3.15279427672664,7.17135238310319
MRT,2007,7.25410841304887,1405.15016203368,0.76387841,65.29891205,3.16658958548971,7.248610867545242
MRT,2008,7.34663541249786,1635.5630623124,0.8877672,60.94037628,3.25443800923485,7.400353628067347
MRT,2009,2.22092032381779,1435.43010811893,0.87885523,62.76515579,3.40777150258255,7.269916222950221
MRT,2010,6.28354087427704,1659.96369705455,0.73150158,62.63608932,3.54540721378829,7.415153253296513
MRT,2011,5.68631959575954,1931.19975525465,0.74974972,58.37606049,3.66571252835044,7.566414402416726
MRT,2012,4.90242727217997,1859.11733247641,0.89773965,55.42799759,3.7682431278623,7.528394846694227
MRT,2013,4.12910173783393,1934.24103064714,1.08287692,50.20851898,3.75036301804466,7.567987161348409
MRT,2014,3.53436856147324,1713.00865264234,1.25234473,47.62082672,3.63322098259497,7.446590147361051
MRT,2015,3.25472688117631,1554.94897871782,1.41883922,47.74198532,3.53342073549181,7.349840914173624
MRT,2016,1.47171045650004,1565.76575722696,1.19934916,55.74465942,3.45096290818668,7.356768746323692
MRT,2017,2.25427651934813,1615.00401327323,1.23123157,54.0633316,3.38544428174658,7.387711722539114
MRT,2018,3.06735996058356,1722.93528854073,0.91096455,64.94996643,3.33540817279263,7.452364914869929
MRT,2019,2.30009262117937,1767.072710621,1.10124004,60.29301453,3.29913011324822,7.477645368268797
MRT,2020,2.3856948845632,1795.76459566714,1.00379241,61.51318359,3.2601136793713,7.493742879686722
MRT,2021,3.56516484650185,1947.78918383313,1.49700129,48.19107056,3.22146869996237,7.5749635273324465
MRT,2022,9.52526628622843,1960.35240077424,1.70580709,41.71480179,3.20850350338802,7.581389514678757
MRT,2023,4.95305034506872,2135.78187606359,1.48361778,43.7736702,3.21532864046301,7.667056179947533
MRT,2024,2.49164347481972,2110.12036938187,,,3.22841423141255,7.654974066299417
MUS,2000,4.19928825622807,3981.98343249582,1.52947044,44.00006866,6.11764396444765,8.289786423618843
MUS,2001,5.38934426229508,3908.55694927435,1.57129419,43.81983185,6.20659470827647,8.27117933435305
MUS,2002,6.41933372221149,4073.06053055903,1.68696284,44.87164688,6.28631484609454,8.312395454447369
MUS,2003,3.92105357558188,4858.26575549747,1.6688329,45.32218552,6.35746681925789,8.488642626365193
MUS,2004,4.71037060105883,5460.60800184198,1.80295277,43.42286682,6.42863115243685,8.605498531212485
MUS,2005,4.93717004981795,5354.02974260642,1.69515753,49.58810806,6.50179165854687,8.585791537041294
MUS,2006,8.91350105650142,5784.22491883026,1.61826241,52.91299438,6.57606285268684,8.663062518531492
MUS,2007,8.82729272393294,6677.34962448608,1.47311974,55.80852127,6.65992657846262,8.806626173803116
MUS,2008,9.73228317146887,8140.50808595895,1.38968194,61.84154892,6.78417743118618,9.004730710381814
MUS,2009,2.51609128145113,7426.88645617593,1.57988811,58.37334061,6.96762712553519,8.912996636434377
MUS,2010,2.93236301369857,8113.17670740212,1.99484634,52.31685638,7.18822149520215,9.001368021616772
MUS,2011,6.52249254869341,9324.24232310496,1.74817169,53.0715332,7.42446941420405,9.140480230566329
MUS,2012,3.85216033315983,9421.52514098225,1.87548065,51.61318207,7.69584306181497,9.150858393323695
MUS,2013,3.54329573934839,9877.13865958834,1.93168211,53.18034744,8.02578034498505,9.19807937821488
MUS,2014,3.21769191994684,10490.3315563853,2.42503381,50.18024445,8.4197462160542,9.25830462911974
MUS,2015,1.28654970760232,9630.5437837507,2.31317115,49.57672882,8.87991763366248,9.17279880178304
MUS,2016,0.977675134718965,10095.1225574156,2.44510746,48.16077805,9.38091590555375,9.219906723912505
MUS,2017,3.66699702675925,10986.7034093005,2.47479272,47.39693832,9.89137298503473,9.304532054613928
MUS,2018,3.2160538314457,11818.7480619272,2.48200822,46.91960907,10.3966493732511,9.377526976175163
MUS,2019,0.405655190309553,11568.2533399824,2.50442028,47.12637711,10.8947577102786,9.356106283963767
MUS,2020,2.5808007718283,9135.84773751062,2.93306947,43.58466339,11.4011750101113,9.12007071847437
MUS,2021,4.02852888157376,9177.71195973013,3.35773063,40.41674423,11.9015085296574,9.124642164372663
MUS,2022,10.7737512242899,10246.5017455553,2.52426147,44.01314926,12.3957639095405,9.234789222718103
MUS,2023,7.05298238454736,11269.9684462139,2.46710205,45.2427063,12.9415870752551,9.32998553468301
MUS,2024,3.6045220384796,11990.7798944837,,,13.5258962419631,9.39197668525139
MWI,2000,29.5814884631684,224.22415918428,1.01542294,16.76298141,3.31076281585749,5.4170961693050055
MWI,2001,22.7,215.474524898357,0.83659285,18.54713249,3.46603530034805,5.377472872613161
MWI,2002,14.7446346101603,428.210439838398,0.97493625,14.98992729,3.6044750867813,6.061947334408526
MWI,2003,9.57679786919214,383.348596852642,1.17513871,12.0708971,3.73192331302999,5.951549945086362
MWI,2004,11.4298060822124,404.674248445428,0.85772187,9.69992733,3.84605723646534,6.0055504938212545
MWI,2005,15.4103446604296,414.361121984475,1.05274868,9.09981728,3.93747865805469,6.029148315305831
MWI,2006,13.9742943548388,440.822149023873,0.9437108,8.92416573,4.00034836762907,6.090907423327996
MWI,2007,7.9522099086403,475.180261659331,0.73458099,11.71522522,4.01672600640688,6.16579648350729
MWI,2008,8.71260186609043,554.048820396119,1.3674773,10.37028122,3.91511272470216,6.319056074555461
MWI,2009,8.42204427696655,625.869729869625,1.0557555,11.23561096,3.74329282981939,6.440738751693224
MWI,2010,7.41159092883827,683.124694716799,1.13196635,10.92772293,3.59881517257353,6.528140203225063
MWI,2011,7.6228226284852,763.061000394572,1.15239477,8.96164322,3.47653598283265,6.638647629427595
MWI,2012,21.2712650013779,558.46208832772,0.95642853,10.24162579,3.369813840309,6.326975765541464
MWI,2013,27.2833333333334,496.947368267313,1.48205006,6.70596313,3.26474770114781,6.210494385229257
MWI,2014,23.7920649469687,529.5133440206,1.56810546,8.18288803,3.16478836074014,6.273845111405173
MWI,2015,21.8673475542553,539.605363240686,1.89914215,10.9818964,3.06993549592414,6.292689554697105
MWI,2016,21.7111132136499,450.506105510719,1.91101837,12.41495895,2.97776097480433,6.112588895491454
MWI,2017,11.5433939188771,495.769683367165,1.71919668,12.69519043,2.89717991664502,6.208126504939134
MWI,2018,12.420178108921,533.202567189331,1.68875861,12.80120277,2.82687397577763,6.280775106335094
MWI,2019,9.3708360560567,580.889139762475,1.53329957,11.85419559,2.76517585218182,6.3662799480797565
MWI,2020,8.62551469650552,602.507478176106,1.56224585,12.50755215,2.70765099880912,6.402758431804817
MWI,2021,9.33014410835212,617.446994451007,1.36146903,11.53689861,2.65376192594518,6.427211488000021
MWI,2022,20.953969729969,604.269740360317,0.87697619,12.58489609,2.61321944653068,6.40567421050368
MWI,2023,28.7897428247298,633.214767978695,0.83762544,12.00286865,2.59256771636073,6.452387647829182
MWI,2024,32.1796504225025,522.570393642547,,,2.58611915815843,6.2606714885916785
MYS,2000,1.53474023697699,4083.52874483605,1.17325473,40.70201111,3.87644389000678,8.31496163829812
MYS,2001,1.41678473206098,3943.79943910239,1.35141993,35.69312286,3.94293661177568,8.28015339272333
MYS,2002,1.80787246281536,4184.03163773539,1.36677563,34.64449692,4.03109199172956,8.339269542688402
MYS,2003,1.08967632577286,4465.32194567208,1.51884329,34.49882889,4.13021652456146,8.404320517950575
MYS,2004,1.42127115937402,4939.24851854427,1.45687652,36.10705185,4.22998029538414,8.505170916314219
MYS,2005,2.97507092684449,5555.58179951206,1.36280441,38.04380035,4.33032552956048,8.622738413926873
MYS,2006,3.60923564224389,6158.40785533236,1.67488027,34.73173904,4.43526018656511,8.725735924525923
MYS,2007,2.02735317779569,7168.93031942508,1.62477779,35.12305069,4.54757697852966,8.877651215195687
MYS,2008,5.44078221100769,8371.82156086005,1.59730816,35.536026,4.66863527568077,9.032746210722125
MYS,2009,0.583308405623702,7191.43287234626,1.81166101,32.19156265,4.8028575514953,8.880784762375026
MYS,2010,1.62285235577035,8899.34505544675,1.67910564,34.11669922,4.94869856344671,9.0938453252436
MYS,2011,3.1744709215131,10217.1068585031,1.76482272,34.01270676,5.09428198762096,9.23191660770483
MYS,2012,1.66357102479206,10600.5744240026,1.86487269,33.03797531,5.23882228233711,9.26875779963687
MYS,2013,2.10501231233612,10713.6407638899,1.89357972,33.66908646,5.38859199036981,9.279366380877141
MYS,2014,3.14299050879095,11013.3107334403,2.03088164,33.0446701,5.5450431033886,9.306950682012102
MYS,2015,2.10438980238359,9648.6797937523,2.03347373,33.70749283,5.70847520142888,9.174680011787917
MYS,2016,2.09056659525742,9476.53409809923,1.88870478,35.94845581,5.87993391755952,9.156679445178714
MYS,2017,3.87120115774237,9862.54806612235,1.92218649,35.93440247,6.06511485190783,9.196601227302516
MYS,2018,0.884709160571235,10901.8019954421,1.92697287,36.64058304,6.26670890587931,9.296775098984025
MYS,2019,0.662891865764326,10920.191763972,2.00959897,36.0626564,6.48232176367792,9.298460379238879
MYS,2020,-1.1387021539305,9957.52626697613,2.17598939,34.24639893,6.7249061388628,9.20618437446768
MYS,2021,2.47710241465447,10903.1037480772,2.45898366,32.08134842,6.95860588634135,9.296894488011699
MYS,2022,3.37869862549928,11754.5678336248,1.97318363,37.8710556,7.18563935667379,9.372082265517806
MYS,2023,2.48886560125754,11386.0395636528,1.97993755,37.09352112,7.45117376160733,9.34023110726253
MYS,2024,1.834100204499,11874.4273684245,,,7.73785157794421,9.382226617175213
NAM,2000,,2156.67590512714,5.6193819,6.53394175,3.14494786508872,7.676786951558551
NAM,2001,,1915.58926594875,5.73190451,6.6743412,3.13796412370601,7.558302461324611
NAM,2002,,1772.07565537493,5.92470026,6.33943224,3.14057812013468,7.480470975990078
NAM,2003,7.1361531145863,2569.24739317883,6.06180239,6.60595465,3.15330643842764,7.8517574351936705
NAM,2004,4.13663213144748,3403.15496192955,5.69722843,6.02107716,3.1752006351946,8.13275201213817
NAM,2005,2.28194607024307,3685.77299991587,5.24643993,5.76927948,3.20329973611569,8.212506828645767
NAM,2006,4.96116689298916,4017.1834716928,5.04455662,5.59942484,3.23682938920998,8.298585206774593
NAM,2007,6.54788141101717,4379.04313682732,5.38635349,5.44637203,3.27625582086595,8.384813851912707
NAM,2008,9.0946430719281,4204.78555422749,4.89047384,6.40921497,3.32072009754496,8.344216369282254
NAM,2009,9.45172651521705,4302.91374148376,4.31238842,7.75814581,3.36862034082614,8.367280060163965
NAM,2010,4.8749198764395,5418.21633365814,4.88263464,8.49479198,3.41838757556662,8.597706496093904
NAM,2011,5.005595180812,5834.7917675794,5.12084961,9.32707882,3.46394418366277,8.671765228330884
NAM,2012,6.72199777334886,5942.64680978673,4.80753613,9.90651989,3.49043630567734,8.690078165013528
NAM,2013,5.60092502290401,5346.62131149967,5.20561123,8.88372707,3.50171975010072,8.584407126346683
NAM,2014,5.35016966859602,5378.32326241205,5.00115061,9.03688717,3.51670109727423,8.590317857588147
NAM,2015,3.39401538410559,4774.10650865775,5.39398766,7.3291502,3.53342112062947,8.47117155814413
NAM,2016,6.72858234593338,4395.68776162376,5.76428509,7.71208572,3.544524401928,8.388606754974976
NAM,2017,6.14579981111164,5143.96072323076,5.34107399,7.80559444,3.55212292064991,8.545773014270257
NAM,2018,4.29159105337875,5308.60813408705,5.16180658,7.78355885,3.56049185076086,8.577273313789078
NAM,2019,3.72239414422695,4731.9210318831,5.26885462,7.52685452,3.57099401639958,8.46229784518711
NAM,2020,2.20938236933469,3878.58982993966,6.51412964,6.96856642,3.57521168486143,8.26348471309613
NAM,2021,3.61690530108814,4412.8355693052,6.51885366,7.28051805,3.54528788430012,8.392499334039707
NAM,2022,6.08128114112413,4349.79908493314,5.80618477,7.54870033,3.52321421619307,8.378114804898155
NAM,2023,5.87993463284275,4187.60500396525,5.54813719,7.49171019,3.57118148422511,8.340123022866651
NAM,2024,4.23903922877036,4413.12752211572,,,3.67296001393999,8.39256547677447
NER,2000,2.90014973599108,194.771959898935,1.12999868,60.33108139,2.25173181066637,5.276950511970576
NER,2001,4.00551428352678,205.417936120931,1.14577425,60.25551987,2.25850567261552,5.32990292964255
NER,2002,2.62886597938136,225.294391147438,1.20736778,59.45178604,2.2657157451561,5.421836767301131
NER,2003,-1.61440769175596,265.225363452469,1.07094669,61.08285904,2.2742936929514,5.5843431811084
NER,2004,0.262543757292838,283.468281798296,1.18101633,59.83354568,2.28494448880024,5.650621759823231
NER,2005,7.7974978178644,318.643121918273,1.92018211,51.34446335,2.29755088826729,5.767205129441024
NER,2006,0.0404858299595074,333.345078419447,2.05841017,49.88719177,2.31220259393699,5.812173628545521
NER,2007,0.0539592607581562,387.168065883301,1.50168717,53.65877151,2.32947579440001,5.961438405329826
NER,2008,11.3051098827019,475.044955398162,1.55048525,52.61203384,2.34970387317284,6.165512293885641
NER,2009,0.582906590801122,461.131533961487,1.5377779,53.66799545,2.37162378273441,6.135849556105151
NER,2010,0.804073080882659,474.425692340831,1.31193817,55.53378677,2.39305070094211,6.164210597093957
NER,2011,2.9423851401332,510.75956176268,1.27229619,57.73744583,2.4113686296389,6.237854908807844
NER,2012,0.455089820359289,528.510104469655,1.03993595,60.80649567,2.42175019417053,6.271952247899335
NER,2013,2.29723114955317,552.103334363117,1.34044802,56.5436821,2.42727572184048,6.31554484548204
NER,2014,-0.930287259984466,565.30989731175,1.27712584,54.67353821,2.43373602570662,6.339141450120047
NER,2015,-0.576090369833189,485.662574175279,1.11163116,51.68564987,2.44373504287821,6.187571016770036
NER,2016,1.65388922387806,502.706475406446,1.10086405,58.51040268,2.45772773034349,6.221993708349825
NER,2017,2.79637318871284,521.804130023434,1.88514483,48.3137207,2.47370634430218,6.259206881534154
NER,2018,2.96760366004456,578.568035680892,1.76657593,48.96118927,2.49142005101931,6.3622830599970115
NER,2019,-2.48979265070855,561.691304349698,2.02236509,46.09529114,2.5107464204291,6.332731172880513
NER,2020,2.8981937602627,579.512495758236,2.31365919,43.54859924,2.52637349031765,6.363911326760249
NER,2021,3.8378680284051,608.722439593808,2.12211633,42.52769852,2.53705390631186,6.41300383655635
NER,2022,4.22621791916392,609.745147574878,1.5349741,40.34075165,2.55072569807182,6.414679765079482
NER,2023,3.70097316425834,638.336080897887,0.97196257,51.48022842,2.57103562491354,6.460430264312265
NER,2024,9.07151997725013,735.270255787226,,,2.59438183698921,6.601597246692236
NGA,2000,6.93329215565161,547.318298903379,0.58559412,60.16206741,3.03726044526388,6.30685595574218
NGA,2001,18.8736462093863,566.428231812933,0.8576929,60.74782181,3.02937309634608,6.341114277592585
NGA,2002,12.8765792031099,712.164852077686,0.53133184,65.04915619,3.02336171458178,6.569712602774708
NGA,2003,14.0317836131437,763.388745367223,0.92982918,72.81436157,3.01958829955351,6.639076488771623
NGA,2004,14.9980338183251,962.48104194733,1.202034,64.54787445,3.01684967241445,6.8705528114255845
NGA,2005,17.8634933661605,1211.37703504386,1.14133215,65.97051239,3.01410100833278,7.100338203272034
NGA,2006,8.22522152017047,1599.53891556365,0.90186709,70.45880127,3.01149067708539,7.378095673743282
NGA,2007,5.38800796858626,1815.52697545827,0.7786122,70.93754578,3.01012523476883,7.504681701789512
NGA,2008,11.5810751748252,2154.10543545364,0.66059941,72.75693512,3.01060603351322,7.675594927305578
NGA,2009,12.5378277304689,1820.48633854782,0.57001245,74.47493744,3.01243205593077,7.507408116309496
NGA,2010,13.7400521363694,2202.25672957344,0.44847032,76.87748718,3.01437051148517,7.697691876359964
NGA,2011,10.8261371880017,2418.41316975875,0.47937736,74.72514343,3.01413037219906,7.791280297909606
NGA,2012,12.2242413020584,2633.19734671361,0.54436672,72.84432983,3.00965845895739,7.876333802318827
NGA,2013,8.49551838265669,2872.79083379398,0.48927844,70.92673492,2.99780844948526,7.9633872852131455
NGA,2014,8.04741087967907,3088.72131316169,0.44593188,71.85419464,2.98148896123424,8.035836175909125
NGA,2015,9.00943498007706,2585.73360671797,0.58907843,71.89007568,2.97028437512951,7.858151203060115
NGA,2016,15.6968126387972,2070.4127339595,0.47496933,75.18703461,2.96529179502844,7.6359861336494
NGA,2017,16.5022662139641,1876.34027111773,0.53266305,77.38787079,2.96343761248884,7.537611304715708
NGA,2018,12.0951065173432,2057.87944554011,0.49754828,75.94579315,2.96648528719345,7.629917155308868
NGA,2019,11.3964223378116,3189.81286498516,0.46980387,71.49702454,2.97488504235954,8.06803097992842
NGA,2020,13.2460234276597,2797.18458068686,0.50597858,74.67578125,2.98131138144003,7.9367261218440275
NGA,2021,16.9528457221608,2787.48779224428,0.54102808,76.24337006,2.99033900886324,7.933254717926634
NGA,2022,18.8471877843274,2899.16047470324,0.61952227,75.73786163,3.00794221997644,7.972521350548146
NGA,2023,24.659550203114,2138.76383719983,0.60093319,71.90481567,3.02816298955589,7.668450745477498
NGA,2024,33.2420966545406,1084.16041805436,,,3.04866208065127,6.989483105787062
NIC,2000,7.06991352252517,1017.3124434882,2.56718063,43.8829689,3.52717354352055,6.925902068967634
NIC,2001,5.98604186279518,1051.874235891,2.45915222,40.38275528,3.65579594423943,6.959279070899541
NIC,2002,3.75017465778466,1014.3339042591,2.46180677,45.29000092,3.79047437629729,6.9229728070906145
NIC,2003,5.30238773219936,1021.35216668794,2.55710077,38.6891098,3.92913901622992,6.929861297207931
NIC,2004,8.47021063584077,1098.62118662335,2.27378821,41.55657196,4.06911817124183,7.0027210236785455
NIC,2005,9.59909986064425,1183.30214010175,2.5080986,39.16899109,4.1942076958233,7.0769089687863165
NIC,2006,9.1401996677772,1248.17371577788,2.86238265,41.98431396,4.26579930023969,7.130237584343726
NIC,2007,11.1269347446118,1350.38145753377,3.15306878,41.9446907,4.29922742188881,7.208882650092884
NIC,2008,19.8262031287429,1523.68437086409,3.19054222,40.90857697,4.33214329968137,7.329542697695095
NIC,2009,3.68700160498797,1467.08288052845,3.81332731,38.31826782,4.36376898423629,7.291712665706408
NIC,2010,5.45513425887423,1526.56706951408,3.55465937,37.48913193,4.39405136428204,7.331431598110679
NIC,2011,8.082387980991,1679.71192084633,3.53044653,37.83097458,4.42338450032488,7.426972745043902
NIC,2012,7.1935505333896,1784.69836017555,3.74920559,37.63622665,4.45818890508027,7.487564855893619
NIC,2013,7.13546785289407,1835.43996363715,3.86888838,36.89557648,4.51067871165435,7.515584174084015
NIC,2014,6.03596861798425,1958.37047579547,4.15811014,35.33010483,4.59283590853132,7.580378514814713
NIC,2015,3.99737996694396,2074.45620634731,4.46586037,35.39279175,4.6954695054832,7.6379362669800965
NIC,2016,3.52317317628473,2131.68704828322,4.65122414,35.0157547,4.79981638674496,7.665137988664968
NIC,2017,3.85067166284727,2182.61380995674,4.85718918,33.84358215,4.90176777086147,7.688736494286184
NIC,2018,4.94723728039886,2035.16549390507,5.17776585,33.15946198,5.00772646591918,7.618823658210415
NIC,2019,5.37628990844126,1958.62051528095,5.2335391,33.21761322,5.11546955676403,7.58050611882625
NIC,2020,3.68181341625572,1938.44704754382,5.29172993,32.27201843,5.16069643473754,7.570158184390179
NIC,2021,4.92841396948968,2138.38588469449,6.05456924,30.81681633,5.16394845186592,7.668274097063264
NIC,2022,10.4674244465991,2322.89053964583,5.17145538,35.68418503,5.23936494428067,7.750998016882283
NIC,2023,8.38765854872536,2609.44492072931,4.76571131,37.6333313,5.37928367274053,7.867275953501149
NIC,2024,4.62473841057141,2847.53966339498,,,5.5335856079826,7.954561743132786
NLD,2000,2.36052233801958,26225.1697734149,5.30837631,11.03169155,13.4807797576145,10.174513037547687
NLD,2001,4.15584127195612,26955.7128032278,5.58929539,10.46682262,13.5185712153809,10.201987628928682
NLD,2002,3.28753104712766,29446.5330872868,6.01927614,9.81220055,13.5686676079293,10.290365419434883
NLD,2003,2.09199838997655,35896.7504630706,6.31752491,9.60532284,13.6596873008176,10.48842991131727
NLD,2004,1.26364739183177,40611.3414353091,6.21099997,9.9601841,13.8139505760091,10.611827275637548
NLD,2005,1.6881301786962,42165.396168388,6.18760395,9.88585567,14.0184905479326,10.649378883482086
NLD,2006,1.10150106517709,45123.5432406426,5.96329165,8.32705307,14.2338889130898,10.717181573492931
NLD,2007,1.61385859802102,52100.7996285947,5.92894697,7.88896227,14.454348786975,10.860954768960541
NLD,2008,2.48650198289457,58246.7026905874,6.22847557,9.92371464,14.7046277162167,10.97245993186202
NLD,2009,1.18977687021548,53172.0261581418,6.74306917,9.06950665,14.9930922462337,10.881306519645431
NLD,2010,1.27530569556679,51305.7338533973,6.90660667,9.0956707,15.2790715770186,10.845577286743248
NLD,2011,2.34107017751373,54701.7728030611,6.93690538,9.48238277,15.7302862366438,10.909669678223331
NLD,2012,2.45554765291614,50473.9442002689,7.15750694,10.09067631,16.3399904352262,10.829232337687984
NLD,2013,2.50689852657875,52602.2860520766,7.24735451,11.53488541,16.8801636441145,10.870533869247417
NLD,2014,0.976035079699679,53457.2234864322,7.09314537,11.58756542,17.3524406523196,10.886655758434289
NLD,2015,0.600248147278776,45793.8135434697,6.72993183,11.28642845,17.7566909073968,10.731926122281026
NLD,2016,0.316666666666652,46808.5291492503,6.5336895,11.28642845,18.0943972670713,10.75384207547938
NLD,2017,1.38145871407216,49513.6817346384,6.39186192,11.04886436,18.4202330068604,10.810024505279255
NLD,2018,1.70349794744479,53955.0770024266,6.47488213,10.79132938,18.7510079268288,10.895925605722265
NLD,2019,2.63369910249591,53554.9007491475,6.55726242,10.423666,19.0648534024819,10.888481261199246
NLD,2020,1.27246037789161,53467.9277413737,7.54755592,9.27974606,19.3703952280046,10.886855974279458
NLD,2021,2.67572008805385,60141.9880911492,7.69962406,10.90819359,19.6618088308361,11.004480140894351
NLD,2022,10.0012078753473,59123.318556487,6.7939868,11.93487835,19.9012830406524,10.987397600256136
NLD,2023,3.83839354342808,63515.6030780019,6.72162485,12.03399372,20.1567559021407,11.059056616499864
NLD,2024,3.34754304219953,67520.4218956281,,11.78772259,20.4960775816586,11.120200187928852
NOR,2000,3.08550609131279,38178.2368777076,6.29176235,17.94157028,15.1610925017374,10.550047109591972
NOR,2001,3.00419703998233,38601.897639231,6.6320591,16.95686531,15.0048176013375,10.561082621009293
NOR,2002,1.28672528415184,43170.557174499,7.44528151,16.82538414,14.8654014729792,10.67293715865412
NOR,2003,2.48782553461781,50250.3298214345,7.64598131,16.59880066,14.7617275206592,10.824792289679303
NOR,2004,0.454498502220863,57768.6980958462,7.3021822,16.76214218,14.7202178693601,10.96421966279396
NOR,2005,1.53213367609249,67047.1704558264,6.89241123,16.71413231,14.7079766841642,11.113166602070976
NOR,2006,2.3293498075755,74434.4996835671,6.56923485,16.45254898,14.6741418398994,11.217688253307596
NOR,2007,0.712589073634201,85502.2677087731,6.71009827,16.07217407,14.6388412851109,11.356309873010591
NOR,2008,3.75393081761005,97503.5407803783,6.6593442,15.65692139,14.6595992828172,11.487654228007935
NOR,2009,2.19738586853568,80347.5700665184,7.62671995,15.25448322,14.7801365710407,11.294129574697637
NOR,2010,2.41890639481003,88163.2085931423,7.50110054,15.0464716,14.9802767836288,11.386956361372793
NOR,2011,1.2849515880916,101221.813476644,7.37413645,15.20982742,15.2444453507473,11.525079440041171
NOR,2012,0.696864111498263,102175.919298374,7.39225388,14.80008125,15.5274803064487,11.534461092678603
NOR,2013,2.12048620353112,103553.840134417,7.5452013,14.59419632,15.7789144734543,11.547856607734419
NOR,2014,2.04170286707211,97666.6951838749,7.91735411,14.37853241,16.0283762490523,11.489326130168562
NOR,2015,2.17113665389527,74809.9658049898,8.61125374,14.14276981,16.2747739736493,11.22271975488858
NOR,2016,3.55000000000007,70867.3609970749,8.99088097,14.27099895,16.5172709689852,11.168579364643614
NOR,2017,1.87510059552545,76131.8384032764,8.70770454,14.5119257,16.7812420495177,11.240234967242131
NOR,2018,2.76483134528797,82792.8427113304,8.53639317,13.96863365,17.0853969570307,11.324108974218527
NOR,2019,2.16773003305411,76430.5889473338,8.94719028,13.91872692,17.3948556308139,11.244151357597355
NOR,2020,1.28658490707996,68340.0181033702,9.82099152,13.78762722,17.7281839266957,11.132265423178598
NOR,2021,3.48388055266669,93072.8925119571,8.43056965,13.85256004,18.0740226148213,11.441148999792414
NOR,2022,5.76412317852272,109269.520580298,6.77605867,14.07542992,18.3301335040316,11.601581926718337
NOR,2023,5.51784987104659,87497.2179649556,8.11916542,13.68724823,18.5338475896816,11.37937370602352
NOR,2024,3.14530134431081,86785.4334489176,,,18.7852406279027,11.371205591761388
NPL,2000,2.47882020709136,223.830289183078,0.4859271,55.78205109,3.81572385710734,5.415345847302026
NPL,2001,2.6883037354563,240.795114544664,0.58420616,51.26501846,3.85457655643132,5.488090733446652
NPL,2002,3.02939948714892,238.89140296106,0.79272741,51.95619583,3.90519658094418,5.480186333276307
NPL,2003,5.70700931874738,246.429706587633,0.66023707,53.80937958,3.96713410653925,5.511126527881849
NPL,2004,2.8418113124898,279.587750044428,0.64692318,51.60284424,4.03430978985155,5.636886510423266
NPL,2005,6.83633265892877,309.024168339372,0.75322849,49.21795654,4.12050487699138,5.736650256825354
NPL,2006,6.92033580707589,340.431796437968,0.84708959,42.50187302,4.23064197600155,5.833147941459849
NPL,2007,2.26921924439074,385.449767660642,0.67827111,60.96153259,4.35271235125889,5.957001892338162
NPL,2008,9.9078300530648,464.817391891529,0.71121174,61.62509155,4.47994198748227,6.143793694433604
NPL,2009,11.0948237386987,473.078751198621,0.7965219,57.62322617,4.60729551570694,6.161373449664304
NPL,2010,9.32650410745395,585.278491984574,0.79064077,56.20389175,4.73049428346421,6.373794918979654
NPL,2011,9.2270754612596,785.518656222132,0.79661524,58.37966919,4.86103075483568,6.667616442779155
NPL,2012,9.45980980357125,788.202937148377,0.78674734,56.07543182,5.01135195078685,6.671023495819661
NPL,2013,9.04016311917645,803.269595420477,0.75677603,63.53343964,5.17974703584589,6.689934530659715
NPL,2014,8.36415469659563,821.455224911731,0.87364674,60.04753494,5.3431636925779,6.7122940433604485
NPL,2015,7.86890895590891,875.543635474862,0.90927744,59.4352417,5.482604371989,6.77598648689264
NPL,2016,8.7903433200464,877.256454696737,1.00771654,55.44006729,5.6258290419239,6.777938640617064
NPL,2017,2.77703998300211,1034.28374906846,1.06542635,57.37548065,5.78746945246086,6.942430821815547
NPL,2018,4.40659410175714,1179.19843190389,1.06721246,57.72503281,5.94674321357334,7.073437865952376
NPL,2019,5.56616035243723,1203.14294706401,1.10283434,57.91313171,6.04820039203474,7.093523345618649
NPL,2020,5.05635826238499,1154.21517578318,1.5651871,54.17097092,6.08852455094405,7.052041904983696
NPL,2021,4.12676744440695,1252.75076731986,1.76734555,53.12565994,6.11086985212219,7.133894951295787
NPL,2022,7.6702057938028,1385.91066274851,2.08633423,55.42448807,6.19751969986239,7.234834007821148
NPL,2023,7.11587261530826,1382.33055769304,1.92793751,59.38827515,6.36058770858938,7.232249318067662
NPL,2024,4.6850965426577,1447.31004458428,,,6.50345841831696,7.278152669213458
NZL,2000,2.6152344624632,13641.1027183822,5.56442356,15.36159515,11.7580764490843,9.520916077755457
NZL,2001,2.62581630392903,13882.8568268586,5.54619789,16.98616028,11.8275203073158,9.538482064832468
NZL,2002,2.67709257711605,16874.1874918196,5.92010593,16.05667496,11.8311055464421,9.733599626305354
NZL,2003,1.75357444759557,21913.7081719961,5.82985544,15.37909985,11.8224928165,9.994913296405409
NZL,2004,2.29024902847571,25420.234882944,6.08670425,14.10670567,11.87567651152,10.143340122750926
NZL,2005,3.03702332617012,27751.0654708859,6.36606169,14.0701437,12.0218553465394,10.231065547787978
NZL,2006,3.36540196171993,26654.5932018985,6.67049885,13.83843422,12.2256297316556,10.190754283816899
NZL,2007,2.37614310290659,32479.9817381467,6.60462475,11.45369911,12.4172515320195,10.388410019746981
NZL,2008,3.9589493731206,31324.7397977102,6.73836803,12.87743378,12.5794026219759,10.352195396331691
NZL,2009,2.1156511055456,28276.7255416225,7.1025281,12.04275227,12.7554071459637,10.249829690383718
NZL,2010,2.30202385958572,33761.9009639947,7.0972805,11.78977394,12.9832174904356,10.427117874046486
NZL,2011,4.0279066739204,38431.7766788499,7.16868782,11.74532509,13.2934135015614,10.556665933846247
NZL,2012,1.05991318445632,40053.6991536369,7.22888708,11.83617115,13.6932184397473,10.598001277789328
NZL,2013,1.13442266445817,43000.4646849189,6.95405483,11.85921955,14.0864276779802,10.668989456535563
NZL,2014,1.227507505974,44618.266973847,6.9177103,12.84114456,14.3691784824307,10.705921039654514
NZL,2015,0.292704628136101,38665.3723018158,6.57789135,13.80066013,14.5553593182878,10.56272556850734
NZL,2016,0.646240284454524,40113.7195382428,6.4102993,14.610116,14.7113008693955,10.599498616719787
NZL,2017,1.85078767452536,42950.3841711138,6.40669823,14.54863453,14.8685528434202,10.667824154392846
NZL,2018,1.59829703801696,43257.0769238879,6.23302364,14.57150078,15.0578869326057,10.674939244609742
NZL,2019,1.61963190184048,42855.831861632,6.2196641,14.4040451,15.3016117661383,10.665620347994777
NZL,2020,1.71456170007245,41997.7830324279,6.86849403,14.19285393,15.6207179833113,10.645395921427326
NZL,2021,3.94112060778728,49950.4251691316,7.10585737,13.56547737,16.0465779436973,10.818806315584219
NZL,2022,7.17222476016441,49099.7090423358,8.65659904,11.92626286,16.4463886430602,10.801628754459115
NZL,2023,5.73316283034957,49075.9562832927,7.86917591,12.5954752,16.7985801212333,10.801144881483978
NZL,2024,2.92279782301957,49205.1792146792,,12.68764019,17.1957543080631,10.803774488388452
OMN,2000,,9753.84755185404,2.19491506,11.74951649,2.53342105833954,9.185519625242021
OMN,2001,-0.816666666666656,9611.96360191054,2.21537399,11.26713276,2.53969648738625,9.170867841718332
OMN,2002,-0.279578822571373,9869.13050219438,2.31827164,10.14918995,2.53005756393336,9.197268354446942
OMN,2003,0.231328682267143,10463.5425832141,2.29992843,10.57715225,2.51155398172135,9.255747924724071
OMN,2004,0.624969062631367,11800.8507411171,2.12697983,11.15068245,2.52272414454132,9.376011640622814
OMN,2005,1.90983553531865,14434.8577924647,1.86491668,10.54691696,2.55721801998697,9.577470514818113
OMN,2006,3.54498591605033,16930.8565071853,1.62979662,11.47766304,2.58331195982177,9.736952126952488
OMN,2007,5.8304841809271,18792.653772482,1.71506763,11.26973057,2.60202227553465,9.841274526536541
OMN,2008,12.3754091529912,26576.779241509,1.38406205,12.44921112,2.61879842179546,10.187830778795892
OMN,2009,3.46881023754893,20655.9180249218,2.00759625,11.49723816,2.63756030095442,9.935805555598153
OMN,2010,3.25657959078624,23570.1798147325,2.04789329,10.4072876,2.65354244471152,10.067780050457339
OMN,2011,4.0421886711639,25188.0074151885,1.82965529,10.83927441,2.64903406599728,10.134162964647652
OMN,2012,2.94773495257209,24642.2978768596,1.88399208,10.24428463,2.62735348582104,10.112260251096377
OMN,2013,1.05354820265932,23458.0233840053,2.19339776,6.97031879,2.57740590357684,10.063010492355675
OMN,2014,1.01401483924156,23160.6502252547,2.82171035,5.68407965,2.56383670057183,10.05025318239788
OMN,2015,0.0652901330286599,18808.3077921839,3.6793406,5.30148888,2.57491526071741,9.842107121627716
OMN,2016,1.10920805807027,17110.1897460545,3.75263762,5.56049776,2.55013946528911,9.747487899597626
OMN,2017,1.58909413567799,17820.0661809335,3.5271337,5.93687487,2.5501848912697,9.788136529814905
OMN,2018,0.889312370970404,19901.7615642016,2.77846813,6.4967432,2.5835616542633,9.898613773155063
OMN,2019,0.490815362820671,19180.1864152801,3.33252549,5.9613471,2.61074293420886,9.861685203421143
OMN,2020,-0.40640291946585,16784.8630630058,4.56241417,5.20750856,2.60702247088527,9.728292326799764
OMN,2021,1.68221185876085,19403.4600160211,3.84838724,5.46900749,2.6159646291105,9.873258216362032
OMN,2022,2.5061425061425,23223.5829405935,2.62405968,6.90292358,2.65754744065083,10.052966606172838
OMN,2023,0.950782997762827,21027.7384778886,2.97877407,6.31094599,2.66044451186895,9.95364528011138
OMN,2024,0.593589236248469,20285.2272897377,,,2.64409723076876,9.917697476139056
PAK,2000,4.36666451291681,642.338346499898,0.86511308,57.3422699,3.47834412663736,6.466670785687349
PAK,2001,3.14826144590618,609.939506905073,0.8166225,55.79309845,3.48784853720962,6.4149979475681
PAK,2002,3.29034472613153,599.937345723927,0.90022832,50.96485519,3.50469191758336,6.398490679057412
PAK,2003,2.91413470059479,672.44178669894,0.5118525,60.46445465,3.524728477454,6.512401558111726
PAK,2004,7.44462469342739,771.902247348954,0.54709041,60.75031281,3.54463674789533,6.650152581792586
PAK,2005,9.06332737030417,827.619861189926,0.51540869,65.86717224,3.56645421924093,6.719761498931134
PAK,2006,7.92108440058789,900.873564984808,0.4643316,72.83744049,3.59034640454236,6.804474338380434
PAK,2007,7.59868441050774,998.090114197524,0.45476291,71.69874573,3.61212575764399,6.906844978982307
PAK,2008,20.2861210929554,1067.04324565284,0.40099064,69.98925781,3.634947357247,6.97358351088466
PAK,2009,13.6477650639761,963.788066395225,0.51264632,67.87589264,3.66199682313504,6.871908456903084
PAK,2010,12.9388705634889,987.304571124485,0.52930099,67.75833893,3.69129626483307,6.895990920611232
PAK,2011,11.9160927116277,1131.73513834324,0.45581207,65.34801483,3.72474850919145,7.032390463481696
PAK,2012,9.68235186055684,1204.36475491585,0.61600071,61.15657806,3.76068938152991,7.094537501294977
PAK,2013,7.69215611899565,1225.4340119198,0.63381839,62.74438858,3.78994632917293,7.111866060310524
PAK,2014,7.18938402847028,1266.61340849959,0.60478491,65.50695038,3.80534429416474,7.144891205624177
PAK,2015,2.52932817254229,1380.47020838317,0.686643,64.43975067,3.82091940742152,7.230903579442691
PAK,2016,3.7651191635658,1424.69161195897,0.70141035,62.12799454,3.85041862791259,7.262412316688144
PAK,2017,4.08537368032608,1519.23459514248,0.91277653,57.8424263,3.88886536895529,7.326619940840824
PAK,2018,5.07805725868917,1569.33814626355,0.93618691,56.24115753,3.93281543027845,7.359046254937158
PAK,2019,10.5780305672025,1390.41690981745,0.94332874,56.08301163,3.98447495645256,7.23807786651146
PAK,2020,9.74011619320125,1278.39735206896,1.03975642,55.23900604,4.02265777208311,7.154144427347615
PAK,2021,9.49641577285205,1455.31922370186,1.1115458,50.67523956,4.05217393000066,7.28366745177349
PAK,2022,19.8738599646655,1538.3228133171,1.10770965,47.36522675,4.11167709278366,7.339097867085105
PAK,2023,30.7681280657005,1360.32417758419,0.90008724,52.93231964,4.19627145721884,7.216213165019043
PAK,2024,12.6325318530452,1478.77277977996,,,4.28062891951199,7.299643827795955
PAN,2000,1.49896111605777,3975.09310275544,4.50806475,30.71383095,4.94600577969109,8.288054983688285
PAN,2001,0.307062436028722,3991.77672094655,4.38846159,31.89500046,5.04279717801043,8.292242187880577
PAN,2002,1.00583090379039,4090.58616456082,4.42303896,32.60339737,5.14905040800883,8.316687989151976
PAN,2003,0.391666666666657,4264.66428949623,4.16139507,33.06431961,5.26558503382806,8.358353201489397
PAN,2004,0.474723078204336,4644.56581177581,4.48108578,32.35309219,5.38980845112098,8.443668454760873
PAN,2005,2.85588324760959,5017.74110414832,3.68315434,35.80376053,5.52102602289056,8.520934405170127
PAN,2006,2.45789346442096,5528.76705854901,4.06343699,33.34238815,5.66056631588897,8.617900970401145
PAN,2007,4.16863300298887,6317.8173051466,4.85426235,29.96040154,5.80638780040087,8.751287334367301
PAN,2008,8.75868317728784,7347.59049046839,4.55932522,29.21657181,5.95868165569894,8.902263803812364
PAN,2009,2.409053040822,7796.92618363433,4.64928007,29.72088814,6.11895866350988,8.961613103433919
PAN,2010,3.491288726188,8331.46422259967,4.65330553,31.44028473,6.285098531501,9.027914516455265
PAN,2011,5.8758024367877,9662.29590911979,4.23569298,34.16368103,6.45534613535736,9.176090060434275
PAN,2012,5.69819959165992,11064.8063662003,3.90454745,34.78495407,6.62988988112141,9.311615125220767
PAN,2013,4.0271599157106,12273.3224983788,4.07795286,32.27741623,6.80838082052801,9.415264757524737
PAN,2014,2.62652699929151,13213.1989591137,4.23567915,31.79924011,6.99880437311421,9.489047209167392
PAN,2015,0.137492058461504,14082.6548434996,4.21543312,33.03644562,7.19795496731152,9.552770172980862
PAN,2016,0.739734025300033,14832.3611652459,4.33149529,32.69819641,7.39857533463231,9.604634055793174
PAN,2017,0.875585918759878,15694.6297518495,4.41374683,31.91596031,7.60642319638852,9.661137592832324
PAN,2018,0.761578359399944,16151.3273433486,4.40903568,35.70438766,7.82908880947431,9.689819426215532
PAN,2019,-0.355083821021245,16477.9066268111,4.61607218,37.61917496,8.06954352497892,9.709836455802014
PAN,2020,-1.5502754080376,13290.5608397749,5.54313087,39.5986557,8.29341612354804,9.494884589489526
PAN,2021,1.63070337301898,15509.8069124139,5.07548141,37.33168793,8.50886165961516,9.649292280118019
PAN,2022,2.85965128834711,17378.6070017557,4.75854683,40.87336731,8.76630082942247,9.763052786466815
PAN,2023,1.48641355277038,18797.1933994045,4.26657534,40.45503235,9.05673529338545,9.84151604842419
PAN,2024,0.693225551004538,19161.2188501596,,,9.35311257011009,9.860695851195572
PER,2000,3.75733833344474,1945.41338451698,2.34087849,40.28141403,4.30714618898456,7.5737436679957
PER,2001,1.97709878502053,1929.57273038846,2.47586274,40.65113449,4.52374401022556,7.5655719893735265
PER,2002,0.193135003853722,2007.37019626753,2.52270985,39.94084549,4.78991344890886,7.605078824510277
PER,2003,2.25937753363072,2129.44114197634,2.33577538,37.48832321,5.08934567352963,7.664084346168461
PER,2004,3.66247320092233,2397.25147277714,2.30358434,36.69293594,5.40226280231465,7.7824951978027945
PER,2005,1.61630193862544,2706.66947297608,2.56580496,34.02098083,5.73387833297608,7.903843570813212
PER,2006,2.00225801248819,3129.55996496982,2.21617079,40.32910538,6.08628765826719,8.048967170079315
PER,2007,1.77998644680372,3581.0893081917,2.15428376,42.54182816,6.44280920001294,8.183701514803342
PER,2008,5.78587598206755,4197.58444634142,2.17900085,43.35043335,6.73961223148085,8.342502710876488
PER,2009,2.936231535967,4181.18755462253,2.49783754,40.27733994,6.97179007053754,8.338589727051449
PER,2010,1.52832059732901,5072.11494019615,2.44220233,39.51519012,7.194093712273,8.531710294553493
PER,2011,3.36931095333853,5861.35793645245,2.30443978,40.34396362,7.40521999910217,8.676307179872852
PER,2012,3.61121294940163,6519.37852981527,2.48199081,38.87478256,7.61336086328,8.782687709955606
PER,2013,2.76789666082002,6746.80025696601,2.64289999,35.27772903,7.82223601854979,8.8169718428967
PER,2014,3.41194579807465,6667.13410360861,2.93914938,31.77192116,8.02200809634111,8.805095355187438
PER,2015,3.39809194746308,6231.71150338894,3.00291657,30.14810181,8.19443422988023,8.737566750383719
PER,2016,3.55717663556279,6217.03599995447,3.04029965,29.5966835,8.30477229297199,8.735209380237588
PER,2017,2.99490045809443,6736.16693725487,3.01707554,28.94732857,8.4037750924899,8.81539477982167
PER,2018,1.50915423024742,6978.49121548627,3.15358686,29.74592972,8.50395140434384,8.85073130133554
PER,2019,2.25212191358027,7037.00803692604,3.24168658,28.34798813,8.60697377690978,8.859080459814104
PER,2020,2.00241205759292,6133.32552410183,4.34886456,22.49866867,8.71807503122965,8.721655412079567
PER,2021,4.27166381536798,6826.20255614477,4.46130276,25.10678101,8.75409226031146,8.828670286839683
PER,2022,8.33370630096231,7350.63034300417,3.91114283,27.03717041,8.81067934047644,8.902677382984207
PER,2023,6.45561348369586,7887.54185920108,3.58431911,26.98286247,8.99256615708912,8.973166588040922
PER,2024,2.00770739412712,8452.37167056621,,,9.22812283852747,9.042320655034386
PHL,2000,3.9771250324928,1050.79273107952,1.3564229,41.19496918,2.98848745457432,6.958251350197269
PHL,2001,5.34550195567142,969.530611744453,1.15623665,44.61747742,3.02090178007557,6.877842944352168
PHL,2002,2.72277227722765,1014.90879320106,0.97705829,47.76664352,3.05926748977748,6.92353885363742
PHL,2003,2.28915662650607,1027.2301192843,1.11422062,47.70053482,3.09952274726494,6.935594272407986
PHL,2004,4.82921083627795,1099.63013023758,1.08843267,47.77958298,3.13944331956901,7.003638140443542
PHL,2005,6.51685393258433,1220.46018559867,1.23873734,52.10651398,3.17798834703408,7.107802295486814
PHL,2006,5.4852320675105,1426.14649179546,1.21229136,54.03545761,3.21661056466442,7.2634322693876685
PHL,2007,2.90000000000003,1712.65543282793,1.1753726,55.9674263,3.25148670575291,7.4463840479260694
PHL,2008,8.26044703595725,1959.29233534978,1.16428423,57.44991684,3.28354609763745,7.580848891791368
PHL,2009,4.21903052064628,1864.45043406471,1.27640796,55.57599258,3.31330809960348,7.531257822522494
PHL,2010,3.78983634797591,2162.91375885614,1.31791425,54.84585953,3.34135983402037,7.679673786517955
PHL,2011,4.7184170471842,2383.91892522087,1.06190181,58.89309311,3.37924918015002,7.776920409126562
PHL,2012,3.02696391124796,2614.61644401308,1.09802592,58.31450272,3.43181972740095,7.869255082566379
PHL,2013,2.58268766141795,2781.27957677397,1.1204468,57.57440186,3.50982278595893,7.931025862320517
PHL,2014,3.59782343864211,2866.83803761407,1.26327145,52.37667847,3.62337717155712,7.961313727884333
PHL,2015,0.674192536845408,2909.85818010301,1.46860588,51.1785965,3.77024234469686,7.976203223940836
PHL,2016,1.25369880080982,2985.19564024046,1.47373402,50.49208069,3.93781110895032,8.00175549512246
PHL,2017,2.85318772590947,3038.12124959289,1.48271859,50.14805984,4.11815540339097,8.019323689979693
PHL,2018,5.30934661627707,3168.51036609727,1.53632784,50.4368515,4.31408910623004,8.061332396296967
PHL,2019,2.39206534422404,3400.78949767074,1.69175851,48.78687668,4.51942674426754,8.1320568949893
PHL,2020,2.3931623931624,3227.57910235199,2.33325934,44.56456757,4.72567431073939,8.079797413036927
PHL,2021,3.92718022100332,3484.38593882819,2.6710124,41.21797943,4.8807304447929,8.156334059911922
PHL,2022,5.82115811213955,3548.06930572116,2.3236084,44.63491821,5.04131518299472,8.17444068069509
PHL,2023,5.97802515541409,3804.08274131097,2.16258121,44.36006165,5.26217156111322,8.244093015476171
PHL,2024,3.21260487006347,3984.8315387656,,,5.49193411039176,8.29050123664972
PLW,2000,,7798.07504193852,4.58880663,16.16586113,5.20374377558203,8.961760421279145
PLW,2001,,8239.26354006532,3.96126223,16.89528465,5.2139313766019,9.016787605409707
PLW,2002,-1.30123617436562,8340.18981304558,3.58202147,18.53170395,5.28393795667222,9.028961148612055
PLW,2003,0.922874093605824,7862.3931898737,3.94900894,18.00998878,5.39447581260491,8.969973495812358
PLW,2004,4.96407576747217,8393.73052541231,4.14845562,15.58070755,5.504402008022,9.035359469581591
PLW,2005,3.9514623522091,9635.28357539048,3.47357202,16.55493736,5.57812145217852,9.173290792047124
PLW,2006,4.42981143370254,9881.65970716981,3.63601208,17.62614632,5.60914612361558,9.198536955644338
PLW,2007,3.23875035826881,10402.5367528907,3.40086675,18.04999352,5.6885296860429,9.249901099711291
PLW,2008,11.9655746807329,10577.501907762,3.04033828,19.40317154,5.83423205408107,9.266579098766695
PLW,2009,1.43813538308953,10147.7741092815,3.99591303,19.58942032,5.98626366284508,9.225108199765065
PLW,2010,1.44219017355169,10221.9163762354,4.15492439,17.69978714,6.14247275296931,9.232387182760279
PLW,2011,4.6746987951807,10993.6038613491,4.29253674,18.50708771,6.37532844696446,9.305159873358365
PLW,2012,3.61418047882138,12137.1732239921,4.82126188,16.6182518,6.6561594100926,9.404110577507685
PLW,2013,3.35481004221287,12698.9240118945,5.48087215,16.00157356,6.96112873980054,9.44935128911339
PLW,2014,4.19174548581256,13863.4544155068,5.56669378,15.69245625,7.25656223539373,9.53708360751055
PLW,2015,0.949040643697081,16154.0532152373,4.94348574,17.25234604,7.5185008019359,9.689988172294479
PLW,2016,-1.04230533415074,17150.4759377239,5.23204374,17.15130997,7.84401865482947,9.749839509399775
PLW,2017,1.4179881966692,16401.7847567871,5.65769434,16.95531273,8.25286323826634,9.705206401640636
PLW,2018,2.10970464135017,16166.9671073752,6.05926895,16.54807472,8.6699037301075,9.690787224653826
PLW,2019,0.26737967914444,15846.7968470167,7.04400301,14.83093166,9.09371839532532,9.670785769455785
PLW,2020,0.218181818181833,14708.2119536914,6.88389778,16.09178543,9.52113309352518,9.596229240011661
PLW,2021,2.6124818577648,13009.2481630213,7.58051348,16.08006477,9.93645616600124,9.473492646114892
PLW,2022,12.3526638378124,13729.7602761496,7.71421003,16.31507874,10.3778365898981,9.527393870582909
PLW,2023,12.8199748216534,15610.8231931032,6.6059494,12.10223293,10.8503737131575,9.655783803172529
PLW,2024,2.23172772921704,,,,11.3418665762482,
PNG,2000,15.5958933107535,635.957919047725,1.70150447,9.44284439,2.51492510425427,6.456703592240461
PNG,2001,9.29817332783968,537.847459634131,1.66755974,8.86538887,2.53968120964267,6.289432524610518
PNG,2002,11.7994470972606,506.331789534482,1.76445663,8.74937534,2.56751198745916,6.229165206781379
PNG,2003,14.7090779663557,577.467922387259,1.42519522,8.78297806,2.59136312444307,6.3603830954632565
PNG,2004,2.15893131266946,620.596147680561,1.70005941,8.47508335,2.61185886753894,6.432290601609139
PNG,2005,1.78080439925826,744.486489977433,1.61288869,8.19551563,2.62947518362032,6.614037011944587
PNG,2006,2.3684623841683,1238.18282926706,1.62889814,8.10734177,2.64505640423728,7.122207432701834
PNG,2007,0.91135045567524,1370.753415829,1.63440716,7.78150463,2.66007950633492,7.223845066061007
PNG,2008,10.7614182326827,1624.79319935188,1.51408112,8.69522953,2.67563636176325,7.393751098348797
PNG,2009,6.91832532601224,1568.83193368607,1.55684996,10.39126968,2.69266413895587,7.358723844004644
PNG,2010,6.01360893567856,1866.86889851208,1.30032146,12.28368187,2.71175576467117,7.5325534335164805
PNG,2011,4.44083401028971,2288.37591141234,1.49705744,12.23990631,2.73316634742891,7.736034531638308
PNG,2012,4.53720508166972,2635.0873631547,1.82221472,9.22092819,2.75529333443875,7.877051037392892
PNG,2013,4.9603174603175,2560.77458976327,1.98455942,6.57243299,2.77963878606923,7.848455496448347
PNG,2014,5.22211720226841,2723.17529825196,2.02066565,5.95525455,2.80850187148594,7.90992101844844
PNG,2015,5.99595778127107,2484.5963398603,1.37782788,12.36896133,2.84453851578693,7.818267885540056
PNG,2016,6.6737288135593,2316.39479758492,1.67796266,10.14459038,2.88799552094785,7.7481989016242725
PNG,2017,5.42204568023834,2477.76530986323,1.68148077,8.99854469,2.93653337493684,7.8155158562600064
PNG,2018,4.37448921453162,2566.36833735041,1.61519086,9.59954548,2.99107558895945,7.850636660001129
PNG,2019,3.92867290939597,2575.77274140393,1.3562634,9.52710056,3.05067327435397,7.854293019493142
PNG,2020,4.87167398565555,2429.61134585269,1.58207059,10.4240942,3.11055843898968,7.795898087348413
PNG,2021,4.48359014042398,2607.57861874444,1.16997361,10.35447788,3.17095573548352,7.866560761454091
PNG,2022,5.25323922215241,3102.28968594061,1.52998793,9.25386047,3.24702044791082,8.040218016823303
PNG,2023,2.29869991296791,2966.06830432055,2.10291815,8.55412769,3.34830819369497,7.995329641367443
PNG,2024,0.602403921107917,3006.70564478923,,,3.46461445686932,8.008932822830989
POL,2000,9.90017538843065,4520.64100449111,3.59174061,31.12003899,12.2441691813974,8.416630261029042
POL,2001,5.4083354556615,5015.23790036613,3.96737576,28.9781456,12.4652183478354,8.520435509490728
POL,2002,1.90528215048054,5223.45178967082,4.23111773,26.44939995,12.6821987408228,8.561105150691294
POL,2003,0.682701375787632,5720.81366178104,4.06905413,27.58094215,12.8743856195046,8.652041107854533
POL,2004,3.38264681884699,6711.72715262967,3.94105005,29.44409943,13.0597041907722,8.811760578487334
POL,2005,2.18379872390251,8043.92332253757,3.96801353,27.74561501,13.2347926244254,8.99279652831053
POL,2006,1.28469394366416,9068.85528307627,3.98788857,27.10572624,13.3771602010519,9.112711587422494
POL,2007,2.4587431238539,11272.5293683383,4.08632708,26.29073715,13.4643695818097,9.330212722900416
POL,2008,4.16497193524779,14048.5604672654,4.52287197,24.43056297,13.5105109493124,9.550346390803899
POL,2009,3.79539242483399,11556.3026866026,4.71393776,24.36023712,13.5455278786164,9.355072783391542
POL,2010,2.58069370250548,12567.7317676382,4.59161377,23.7143631,13.5707882889596,9.438967402909324
POL,2011,4.23940149625932,13867.6669408192,4.43579817,23.95442009,13.7095291987932,9.537387397717982
POL,2012,3.56037151702793,13087.420943321,4.34928942,24.26416779,14.0246184967044,9.479483220865133
POL,2013,0.991982606332335,13621.9023794031,4.53399515,23.64557266,14.4308218173312,9.519507653874065
POL,2014,0.0538213132399802,14262.2841914116,4.46929932,22.737463,14.8828006858362,9.565443975404609
POL,2015,-0.874125874125862,12637.5220324406,4.41299105,23.03758621,15.3775328347538,9.444504733051016
POL,2016,-0.664767331433962,12464.0110508476,4.49414158,22.74558067,15.9129115092505,9.430680882507414
POL,2017,2.07593553673859,13913.3402919927,4.4990406,22.73643494,16.4659360432975,9.540675262990094
POL,2018,1.81295156542689,15658.2120316794,4.44357109,20.42033195,17.0145616085721,9.658814651016986
POL,2019,2.22747880938291,15874.5220531254,4.56083679,20.09078407,17.5584217024462,9.672533708456431
POL,2020,3.37446972618589,16150.9304813473,4.62092304,19.53498077,18.0760468179361,9.68979485595588
POL,2021,5.05502704719272,18635.5104895754,4.58968067,19.84747887,18.5352368986876,9.832877865219565
POL,2022,14.4294507575758,18891.2121169279,4.77248859,18.43494606,19.0192157040405,9.846505058823391
POL,2023,11.5289127961105,22145.2660647429,5.50431299,15.84634209,19.5609114692528,10.005424186307753
POL,2024,3.79060897630197,25103.565661423,,16.20527458,20.1434028173028,10.130805007439758
PRT,2000,2.85303039287157,11526.3720667968,5.99815702,25.71484947,16.1309006351084,9.352479665931815
PRT,2001,4.36990330551793,11734.7649743954,6.05405951,25.10856628,16.3877131724044,9.370396293582365
PRT,2002,3.60034658290914,12936.6928204482,6.32552099,23.17964363,16.6060663913453,9.467900253892658
PRT,2003,3.21899090682895,15797.7821340276,6.44214296,23.69063568,16.8062925634515,9.667688135919397
PRT,2004,2.36536204097302,18064.1580932987,6.72644234,23.50505638,17.041398598076,9.801740394902357
PRT,2005,2.27716394887834,18780.12751241,6.84422255,23.68044853,17.2680626718468,9.840607788894554
PRT,2006,3.1076654587105,19839.4540499032,5.93430281,25.52451706,17.4641870294143,9.895478266156791
PRT,2007,2.45396528138743,22811.0564844365,5.80185938,25.90645599,17.6626196823508,10.035044468357727
PRT,2008,2.58850657657959,24949.0413566739,5.98957777,26.39370918,17.8926883414037,10.12463075876041
PRT,2009,-0.835530021504157,23151.2154130712,6.46387529,25.10331535,18.1758554317889,10.049845753124421
PRT,2010,1.40257289895369,22551.935098809,6.66389227,24.70817566,18.5177045107792,10.023620496053217
PRT,2011,3.65301100430724,23246.5425416481,6.26895714,26.65432167,18.8655829835079,10.053954708295752
PRT,2012,2.77333854051586,20593.4274224109,5.90736532,29.58329964,19.2003728663626,9.932775804707104
PRT,2013,0.274416666666663,21676.4859642714,5.8519187,28.793787,19.6276592820198,9.984029487771988
PRT,2014,-0.278153367467428,22120.6850127107,5.76389647,29.3347435,20.1141031472732,10.004313628716524
PRT,2015,0.48793862390472,19215.7813014347,5.75569677,29.53496742,20.5742532955034,9.863539202393854
PRT,2016,0.607397074641719,19980.2808866516,5.78788328,29.43173981,21.026998642616,9.902551158588707
PRT,2017,1.36861411643472,21442.3842768879,5.70213747,29.68834496,21.4882830483163,9.973171451463381
PRT,2018,0.993715683468326,23541.1401075289,5.76187086,29.91732025,21.9323930135851,10.066547290340703
PRT,2019,0.338178410046034,23343.3628970034,5.77892017,30.60724258,22.3900784021367,10.058110816263882
PRT,2020,-0.0124383299575305,22299.4044062173,6.75691032,28.01858902,22.8627033998973,10.012360092091727
PRT,2021,1.26565719069044,24711.4510062111,7.00375891,29.11856651,23.2908706037669,10.115062484926016
PRT,2022,7.83269124233323,24620.5197587181,6.57459879,29.1353817,23.688003515383,10.111376126457117
PRT,2023,4.31128191898672,27634.6183139773,6.16079521,29.30668449,24.1115106141099,10.226860738324184
PRT,2024,2.41613187791884,29292.242104753,,28.19350624,24.5306498594644,10.28511212351356
PRY,2000,8.98215976750022,1736.11729210765,2.32489133,49.09693146,3.99281063536637,7.459982289642206
PRY,2001,7.26806028584825,1637.68615122932,1.94766605,52.38962936,4.03485058568469,7.401650072445082
PRY,2002,10.5102420856612,1367.76506935997,1.46725607,56.07246399,4.09801479778489,7.221664203082266
PRY,2003,14.2367970499143,1443.99885236205,1.63003397,54.62833786,4.18033707902084,7.275863806333103
PRY,2004,4.32326492967491,1786.21533938543,1.59777284,56.95936584,4.27287572071023,7.488414011192959
PRY,2005,6.80738203116377,1970.87169852378,1.58578682,57.92465973,4.37008555464413,7.586738471445465
PRY,2006,9.58934941129229,2439.43124694576,1.76220965,56.72241974,4.48071554849348,7.799930043222017
PRY,2007,8.13047417698577,3211.93621659546,1.73575354,57.95808029,4.6063176215577,8.074940507252288
PRY,2008,10.1547846489023,4384.95469437803,1.62055254,60.46802139,4.73745467125352,8.38616259932531
PRY,2009,2.59194673430567,3941.84815479431,2.12176824,55.44544601,4.86632853346885,8.279658623066176
PRY,2010,4.65116279069765,4750.96273669458,2.1311543,53.92941666,4.98600420026485,8.466313019407059
PRY,2011,8.2539682539683,5805.40154542925,2.46140838,50.00536728,5.09612312124632,8.666716302618395
PRY,2012,3.67591897974496,5642.16991672846,3.03290367,46.33087158,5.20538551075393,8.638201228578803
PRY,2013,2.68385738718582,6435.68342733004,2.6527679,47.50415039,5.32268161261825,8.769768690686334
PRY,2014,5.02882767456766,6652.25478942461,3.16169024,44.38643265,5.44661110535402,8.802861455930962
PRY,2015,3.12900274473925,5879.33792308762,3.1565783,43.80717087,5.56309092411671,8.679369509154201
PRY,2016,4.08682280577241,5775.15963399596,3.14797997,42.92160797,5.67323334495096,8.661494317655428
PRY,2017,3.60247741348943,6152.2671153779,3.02672791,43.77459717,5.78578076551032,8.724738458016295
PRY,2018,3.97561015740694,6258.44991640984,3.02979112,43.87631607,5.90441846341313,8.741847587455124
PRY,2019,2.75709727562775,5821.18199548738,3.31885815,41.96775436,6.03178053058008,8.669430383777032
PRY,2020,1.76751592356698,5365.47220721104,4.13318157,37.87582779,6.15003817155416,8.58792602696678
PRY,2021,4.787983101236,5976.93179789949,4.46610212,35.93767929,6.18754097360006,8.695829933929604
PRY,2022,9.76556667164402,6205.62595379319,4.08453465,38.92329788,6.23091107355945,8.733372702602207
PRY,2023,4.63202285403356,6299.99026533713,4.63161516,36.32289886,6.36927529015307,8.748462085001508
PRY,2024,3.83540271728533,6416.09708970845,,,6.53764608747996,8.766721127713733
PSE,2000,2.79819892435758,1476.17185000238,2.72239161,38.5,2.28416052135412,7.297884626475673
PSE,2001,1.22278475878898,1335.55319529359,2.56014633,40.0,2.33754898165954,7.197849336727481
PSE,2002,5.70951585976626,1156.21747345769,3.1405654,36.0,2.40420676361771,7.053773672761303
PSE,2003,4.40303221730888,1257.69857009689,3.0772078,40.29999924,2.47637593157646,7.137833585280996
PSE,2004,3.00417498638593,1422.19088643544,3.60594678,36.20000076,2.54517934695422,7.260656732758497
PSE,2005,4.10725070715931,1543.70141392774,3.96260071,37.0,2.60979892480478,7.342585911061108
PSE,2006,3.84234125624782,1570.10439962728,3.27039266,41.29999924,2.67017658794172,7.359534090297973
PSE,2007,1.85974379351111,1664.24571669276,3.43123531,37.29999924,2.72646343067482,7.417727969119292
PSE,2008,9.88999788691849,2035.20234121766,3.67211366,35.79999924,2.78215913360018,7.61884175446993
PSE,2009,2.75393485083151,2191.78178736868,3.65880156,39.20000076,2.8387915473806,7.692926239303172
PSE,2010,3.74915727597096,2557.07562356699,3.29111481,36.0,2.89589113836226,7.847010545254175
PSE,2011,2.8772435849594,2880.79843707909,3.28588367,44.59999847,2.95505912122661,7.966169835556779
PSE,2012,2.77908768282492,3067.43872735614,2.95999742,43.79999924,3.01775929806399,8.028924153357384
PSE,2013,1.72439933626931,3315.29753909282,3.22583795,42.70000076,3.07821509269255,8.106604240544925
PSE,2014,1.73298510037447,3352.11259506043,3.15190101,44.40000153,3.14478547488197,8.117644326296226
PSE,2015,1.43161145810476,3272.15432360708,3.11889291,44.79999924,3.21502621326908,8.093509423895918
PSE,2016,-0.219106604907316,3527.61382413178,2.66232371,42.70000076,3.28405075269727,8.168660388424708
PSE,2017,0.212570934228881,3620.36048715937,3.19112968,41.73205948,3.35569557065348,8.194605059397368
PSE,2018,-0.195107773730735,3562.33094270256,2.84986925,39.49508286,3.4276431178253,8.178451044453439
PSE,2019,1.58018333639455,3656.85827137011,3.66190886,38.69657516,3.50508535292495,8.204633083358797
PSE,2020,-0.735332001092191,3233.56863835858,3.85396838,38.39196014,3.57539471825902,8.081650855960254
PSE,2021,1.23748102831369,3678.63565662194,4.26700115,33.39273071,3.63026654688014,8.21056901990879
PSE,2022,3.74122391852077,3799.95527015163,3.91599488,33.55230331,3.70279929202472,8.243007701004098
PSE,2023,5.87110177678988,3455.02852911712,4.44729948,42.07169342,3.80247435781418,8.147875384842745
PSE,2024,53.6691458303782,2592.30591217647,,,3.83773428275027,7.860688754737553
QAT,2000,1.65033522434232,27535.182940934,1.1739918,30.03434944,1.24381966204075,10.223256162129644
QAT,2001,1.47133434804683,25870.7991864314,1.4624722,27.41547394,1.22963454659439,10.160908819975981
QAT,2002,0.239999999999952,27226.6593510117,1.547966,27.51289368,1.20640321707525,10.211988623508667
QAT,2003,2.26456504389469,31602.470865136,2.62767673,18.53093338,1.17640818497023,10.36102223104761
QAT,2004,6.79933665008279,41035.5008380177,2.38695359,18.55573273,1.15590641800261,10.622217213978082
QAT,2005,8.81439532334683,53949.6764091147,1.92000175,18.61186028,1.15857924722031,10.895825508311386
QAT,2006,11.8358096197431,62582.4453138755,1.71230614,18.66810036,1.13961212173543,11.044256070259609
QAT,2007,13.7581625759964,65954.3419525051,1.54760242,18.72445297,1.07608421348756,11.09673315490312
QAT,2008,15.0501451570333,80781.4039187792,1.22314608,18.78091812,0.992754768337949,11.299514447510706
QAT,2009,-4.86327801622565,60785.7351551657,1.69266617,19.3805542,0.895526905055611,11.015126872361293
QAT,2010,-2.42525675161714,76462.6119486736,1.32764482,18.7262249,0.862464636843677,11.24457024585049
QAT,2011,1.13836623529202,103261.510293068,1.17667866,16.8867054,0.928877108699854,11.54502966854942
QAT,2012,2.31534853431661,108470.387023229,1.38358474,10.88382721,1.03001021961421,11.59424170311236
QAT,2013,3.22197756829293,103697.062789144,1.74754512,6.90943241,1.08472179789742,11.549238713128412
QAT,2014,3.34972085659523,95840.6898934238,2.10174274,5.6476922,1.06179216109832,11.470453045637731
QAT,2015,1.8140772393776,68985.2433380102,3.19502282,5.31610537,1.05084577481311,11.141662391789279
QAT,2016,2.6765917009819,61253.6217997091,3.04590583,6.27973223,1.08622390331203,11.0227945835146
QAT,2017,0.394878914083005,63279.8767486216,2.71251249,6.88137674,1.12252533934654,11.055338457412269
QAT,2018,0.255815382724408,71039.9308240078,2.50761104,6.73806286,1.14427291316419,11.171011480395636
QAT,2019,-0.666641124861147,66841.3623185691,2.72214365,6.3903017,1.17212029932225,11.110092324971815
QAT,2020,-2.5403150300476,51683.5681078949,3.30993986,5.89859581,1.24769251348821,10.852914526730753
QAT,2021,2.30446565742003,71751.9363398856,2.45963025,6.55757952,1.30386268899766,11.180984057382188
QAT,2022,4.99527553740761,88701.4689763536,1.79685986,7.7333827,1.39110202233051,11.393043003043918
QAT,2023,3.02764899198902,81816.9797967481,2.09512258,7.42945814,1.57209502793142,11.312252300354173
QAT,2024,1.26734310292375,76688.6941743178,,,1.67581729963329,11.247522612934
ROU,2000,45.6665940440238,1659.92904910528,3.33585477,19.41972351,13.4875679488788,7.415132392930499
ROU,2001,34.4770123493527,1825.19299373184,3.48990417,18.94091988,13.8003051334477,7.509988747646482
ROU,2002,22.5398862605386,2119.85509684554,3.6797502,17.83514595,14.1312570893091,7.659574633911945
ROU,2003,15.2734889936255,2679.40626016154,4.46193647,15.12717533,14.4342818207771,7.893723651628873
ROU,2004,11.8743635936399,3494.99056448955,4.04278946,24.32698631,14.7036701374455,8.159372037827147
ROU,2005,9.01491283343835,4618.00350802913,4.40981054,18.49896812,14.916750094722,8.437934269908371
ROU,2006,6.55851412276983,5757.53127301178,4.02086115,19.99056435,15.0906344716068,8.658437733850798
ROU,2007,4.83732928313989,8360.33775916596,4.09066439,17.59607506,15.252749354646,9.031373712316057
ROU,2008,7.85080255714482,10435.1561230787,4.07320023,18.1821537,15.4152530110178,9.253031606194421
ROU,2009,5.58742004264393,8548.4543409242,4.15188551,20.78450394,15.628888988839,9.05362274011929
ROU,2010,6.09141668601891,8399.5374234284,4.50492287,19.63123703,15.8399964683843,9.036050961764408
ROU,2011,5.7892532881588,9560.6755277458,3.35521555,24.27584076,16.0573968725291,9.165518255096991
ROU,2012,3.33492267693442,8929.95366231474,3.46611238,22.42794037,16.2663527867529,9.097278461260924
ROU,2013,3.9847123554813,9497.67411615237,4.12454033,20.17611694,16.4582814237269,9.158907501127487
ROU,2014,1.06830987684298,10031.7710755404,3.96595645,20.31369972,16.7939266755188,9.213612121515931
ROU,2015,-0.594156437495203,8977.01748158196,3.85264945,21.28186798,17.209625303825,9.102534366497697
ROU,2016,-1.54479666813897,9404.54005870715,3.97179151,20.75498581,17.5741928757273,9.149054162596585
ROU,2017,1.3390212110439,10727.9822007426,4.07767963,20.48815536,17.9121340991497,9.280703975649686
ROU,2018,4.62548443137779,12416.134317959,4.39458323,19.45757103,18.2496778221635,9.426832597621685
ROU,2019,3.82785432599438,12909.6104013244,4.56736565,18.87716484,18.604236526527,9.465804764002932
ROU,2020,2.63107311184743,13009.1770573223,4.97246981,19.02618599,19.0166656963587,9.473487180739257
ROU,2021,5.05232876096582,14907.9803652143,4.88112116,20.94245529,19.3269658332554,9.609719019452168
ROU,2022,13.7954887432521,15503.551804598,4.50321484,21.42167473,19.5152470245056,9.648888924609041
ROU,2023,10.3971874764996,18244.4186876321,4.3310914,22.96146011,19.7531409207066,9.81166929668245
ROU,2024,5.72140574354439,20080.2096215595,,,19.9809987731847,9.907539812108807
RUS,2000,20.7987606558704,1771.59411621094,2.9796474,30.20886612,12.3296983445071,7.480199354999985
RUS,2001,21.4770072117159,2100.3525390625,3.04301357,30.79232025,12.4894858434407,7.650336482610119
RUS,2002,15.7887307914463,2377.52954101563,3.21910429,31.21293449,12.7651362379616,7.774237735814393
RUS,2003,13.6632930228666,2975.123046875,3.00005722,33.27987289,13.1117706548187,7.998376741494413
RUS,2004,10.8886157326216,4102.36474609375,2.79753399,33.80615234,13.4632893703856,8.319562585906047
RUS,2005,12.6853039507349,5323.455078125,2.91765976,31.93187904,13.7404731533261,8.580065652594794
RUS,2006,9.66865454789265,6920.19970703125,2.94237709,31.12683678,13.9028214051527,8.842344401653309
RUS,2007,9.00729868861079,9101.2392578125,2.94628835,31.44804764,13.8474730635853,9.11627573452121
RUS,2008,14.1107677840442,11635.2841796875,3.07102203,31.54885483,13.503280698226,9.361883441771965
RUS,2009,11.6473295764118,8562.82421875,3.50300717,34.58216476,13.0561356274812,9.055302123897565
RUS,2010,6.84939230255025,10674.990234375,3.0512259,35.32572556,12.7006113070257,9.275752595797039
RUS,2011,8.4404648593257,14305.33203125,3.00404239,34.19445038,12.5963495041925,9.568457517629392
RUS,2012,5.07474300799149,15401.8515625,3.14483786,33.39754486,12.7129961766369,9.642307937656643
RUS,2013,6.75466833903486,15941.4482421875,3.16959071,34.83225632,12.883783946717,9.676740531653657
RUS,2014,7.82016970013845,14055.47265625,3.20183682,35.82570648,13.1683587965298,9.550838255955668
RUS,2015,15.5343959935701,9277.7138671875,3.10976052,38.6463356,13.534464750748,9.135478224277604
RUS,2016,7.04243725413707,8663.158203125,3.0124886,40.48464966,13.8715252574284,9.066950048339256
RUS,2017,3.68333072334495,10658.9130859375,3.05932951,40.49308395,14.2409291689874,9.274245544397433
RUS,2018,2.87831382614981,11211.8876953125,3.18402362,38.31166458,14.6302500942335,9.32481908283171
RUS,2019,4.47202631837903,11447.701171875,3.45416045,36.57374573,15.063299330246,9.345631567777433
RUS,2020,3.38219796948068,10108.3271484375,5.91601133,24.88454437,15.4721422383228,9.22121375672731
RUS,2021,6.69445891957612,12425.029296875,4.89008141,28.73763466,15.7333987949149,9.42754868832849
RUS,2022,13.7436797398232,15619.6142578125,4.86750841,27.5860157,16.0755362936472,9.656346747704493
RUS,2023,5.86571931748967,14159.3876953125,4.93410778,28.39422226,16.6046427349856,9.558203746485361
RUS,2024,8.43486410496723,14889.0185546875,,,17.1774753758315,9.608446371794638
RWA,2000,3.89952980284712,251.86926386091,0.64626944,26.58733177,2.14435707728474,5.53287261153675
RWA,2001,3.34285506749409,237.308846200901,0.698044,27.67666245,2.29433850428519,5.47356750553445
RWA,2002,1.99258542453993,234.043016755733,0.75793403,28.46427345,2.43390022594754,5.459768547416943
RWA,2003,7.44970014007366,249.012274982252,2.30380893,17.11997414,2.51514666278477,5.521510016585892
RWA,2004,12.2507102894391,269.540446333402,1.92855704,21.2192955,2.55695816762541,5.600421611446786
RWA,2005,9.01408918092339,324.016863847189,1.61428237,23.80013084,2.59692719487973,5.783877069744144
RWA,2006,8.88282654777923,356.995022901154,1.48205781,14.26592064,2.63100363190736,5.880519083793317
RWA,2007,9.08072205873158,426.234183487629,1.74627984,12.49013424,2.66092952375009,6.057332301971975
RWA,2008,15.4382138709255,528.326391755502,1.81383979,11.78688335,2.6883188684602,6.2716052392409605
RWA,2009,12.9443978401712,564.039095842449,1.88107121,11.38083744,2.71271167643257,6.336894924933821
RWA,2010,-0.246128693436934,593.624927744346,2.03921556,11.09130001,2.73524145040779,6.387930833237779
RWA,2011,3.0801706924026,651.133677964662,2.19739747,10.79568291,2.76015102707814,6.480249568464539
RWA,2012,10.2710182318876,706.817269168561,2.05491209,10.17843437,2.79399137628313,6.5621859659869415
RWA,2013,5.92426867984854,704.92421851123,2.17188406,12.30725574,2.83577804340262,6.559507892512755
RWA,2014,2.35449052820358,724.957526520906,2.19319296,12.05525589,2.88932706612205,6.587491509698674
RWA,2015,2.52850284192421,733.998629882494,2.10472178,12.1820488,2.96109405978786,6.599868635105649
RWA,2016,7.17434301982009,729.519133812945,1.5660044,13.24364662,3.04670211037116,6.593755423610146
RWA,2017,8.27953672260832,758.300966509647,1.56328964,14.04872417,3.14278477802991,6.632398229114002
RWA,2018,-0.311210160390699,771.773511207309,1.64325416,11.50553894,3.24675392272707,6.649986005922802
RWA,2019,3.34787655037648,810.051412137354,1.76991165,10.07819271,3.35702522122747,6.698331445617047
RWA,2020,9.85039902274207,778.701498925026,2.13853812,7.20577335,3.47570155666262,6.658911152751857
RWA,2021,-0.391346748300791,829.544845263697,2.63611889,5.0,3.60565799542652,6.722081925504843
RWA,2022,17.6892095588153,975.469323735369,2.43239522,4.19999981,3.72144812515979,6.8839433353177775
RWA,2023,19.789546746467,1027.03446826565,2.41123104,4.0999999,3.82185022198798,6.935403974894305
RWA,2024,1.77029240198635,999.65456165547,,,3.92606803328137,6.908409626505564
SAU,2000,-1.12499838517645,11714.5623675159,3.03455424,18.46246338,2.22837924894494,9.368673353845725
SAU,2001,-1.12094804896791,10805.311325122,3.23656511,18.03369141,2.23675617673833,9.28788562438341
SAU,2002,0.247186492339686,10586.0543471363,3.07290077,18.45171165,2.24839224384446,9.267387245714193
SAU,2003,0.612195358172966,11487.220410693,2.87984729,17.94919586,2.26331125156636,9.34907747727152
SAU,2004,0.5155078977673,13154.4978989446,2.56183243,18.15097046,2.28102623963623,9.484595041404644
SAU,2005,0.479231671630955,15975.7473782258,2.47836709,16.49158669,2.30139606778052,9.678889655312519
SAU,2006,2.20902314069647,17563.6145370639,2.64138937,15.39395142,2.32441704105252,9.773641619515432
SAU,2007,4.16782358431579,18596.1502627898,2.5073967,16.73869896,2.34892551684442,9.830763636285218
SAU,2008,9.87024816760266,22320.4888964331,1.88940501,19.36904335,2.37204957815499,10.013305121099886
SAU,2009,5.0572227614833,17718.3911648365,2.78823733,18.35076332,2.38953786336071,9.782414864925261
SAU,2010,5.33941733020905,22028.3901426586,2.2592144,18.94513893,2.39668648987503,10.000132756374558
SAU,2011,5.8262163739404,27126.7498747702,2.46959376,15.62115383,2.38967855419776,10.208312463576084
SAU,2012,2.86627029905053,28733.4375513452,2.72299576,15.15621376,2.36663228014249,10.265851597106469
SAU,2013,3.51104209799866,27865.465604962,3.07811379,14.35986423,2.32822122505455,10.235179295245711
SAU,2014,2.24185348779063,27805.4850319422,3.68119621,13.13586998,2.28000575968204,10.233024547004751
SAU,2015,1.22269318552328,23256.1549553531,4.01395369,14.38336658,2.22811303229385,10.054368103688443
SAU,2016,2.05347076823965,22267.7217050387,4.34350872,14.45141888,2.21365075571716,10.010938358740427
SAU,2017,-0.834845735027162,23929.2907135982,4.33328104,14.3235302,2.28023790995907,10.082900329328343
SAU,2018,2.46594308994843,29360.0658968566,3.75438356,15.89835358,2.38074635666274,10.287424786458311
SAU,2019,-1.19298644533328,29566.7933827436,4.03419542,11.40407372,2.45024814989585,10.294440986549828
SAU,2020,3.37234961012303,24338.8307301067,5.20342541,10.08158016,2.52258164711042,10.099869412125663
SAU,2021,3.06328988941548,31920.7653655643,4.5653944,10.15629482,2.61855430769317,10.371043355973159
SAU,2022,2.47407371925372,38510.2276211037,4.09908247,12.78343868,2.70249417477226,10.5587051042833
SAU,2023,2.32708518362706,36156.848337701,4.42276096,14.11603928,2.81950386919403,10.495649308800424
SAU,2024,1.68792112375809,35121.6628687742,,,2.95084263846487,10.46660186687853
SDN,2000,7.12125897172291,362.116882324219,1.21998167,61.82265854,2.91421952701906,5.894724772311118
SDN,2001,1.93529572095333,451.293304443359,1.1215229,62.28070068,2.87989137619723,6.114330873021052
SDN,2002,22.2247241495905,506.262634277344,1.128654,61.42131805,2.84434043261617,6.2290288857931655
SDN,2003,6.48943208673338,580.320251464844,1.26332223,62.56050873,2.80940766894339,6.3653018123334695
SDN,2004,9.65754628605945,705.113342285156,1.57302713,57.1778717,2.76709606492364,6.5597757660882285
SDN,2005,8.50585075933117,905.543640136719,1.59963596,54.63094711,2.71830799150425,6.809639170389396
SDN,2006,7.19912990114709,1132.474609375,1.77735722,55.78925323,2.67909116639606,7.033043069498195
SDN,2007,14.7542770780084,1444.37219238281,2.0494504,58.00177002,2.65138851752669,7.276122139963669
SDN,2008,14.2971224481434,1527.58239746094,1.73194993,62.40304947,2.62342237033543,7.332096047277964
SDN,2009,11.256758706301,1178.22180175781,2.6293633,52.47582245,2.59857553473495,7.0726100098647455
SDN,2010,12.9776663898014,1305.63598632813,1.64626622,61.31344604,2.58663993441425,7.175211163989822
SDN,2011,18.0966171221351,1332.6572265625,1.28281784,65.93135071,2.58653611654372,7.195680241855526
SDN,2012,35.5590574147024,1019.22210693359,1.49337018,65.45468903,2.59719111935598,6.92777563446949
SDN,2013,36.5223449139154,1138.62780761719,1.15195048,74.83428192,2.61606008397562,7.038457003534534
SDN,2014,36.9066427863595,1275.43835449219,1.43453598,67.03178406,2.63940603943228,7.15182894291235
SDN,2015,16.9095706050977,1292.37963867188,0.82485694,79.40106964,2.67303734220435,7.165013946405108
SDN,2016,17.750253831196,1033.21594238281,1.28979421,71.1858902,2.72096931324978,6.941398875026842
SDN,2017,32.3516260968437,966.505676269531,1.06663251,72.54642487,2.77804346419624,6.874721291831978
SDN,2018,63.2925073455888,731.027465820313,1.03874981,66.95339966,2.84336548392882,6.5958180348698425
SDN,2019,50.9940515002965,709.975280761719,1.03735721,67.50370789,2.9179533217527,6.566637662337705
SDN,2020,163.257782355458,577.795227050781,1.04006422,52.96360779,2.98989739754432,6.3609487484392595
SDN,2021,359.093040778999,712.122009277344,0.77320933,58.2450676,3.05363725791981,6.569652526780859
SDN,2022,138.80846024176,1046.24084472656,0.82583225,42.50963211,3.12501104243737,6.953914217584644
SDN,2023,,797.283447265625,0.59154689,57.36631393,3.21166042888835,6.68246373145698
SDN,2024,,984.607666015625,,,3.30171309271226,6.893258370768106
SEN,2000,0.731981981981597,603.233162455158,1.25274444,55.66883087,3.22899884232554,6.403960153999088
SEN,2001,2.97450083919566,637.213530563724,1.415766,52.76372147,3.2343912263479,6.458672914753411
SEN,2002,2.33730187454299,669.430447319209,1.33993769,55.32962799,3.27733600707954,6.507919964782166
SEN,2003,-0.0519970242714495,817.888034221442,1.54446924,54.93058014,3.34031453265948,6.707947364155028
SEN,2004,0.514781781023016,918.102079522155,1.62704813,55.0913887,3.38412445415235,6.82339719292505
SEN,2005,1.71133325855502,979.846101520171,1.59510648,39.51602173,3.42167645471414,6.888415568074206
SEN,2006,2.11228583877117,1017.20196747987,1.7594533,37.43950653,3.45478030637053,6.925793573778164
SEN,2007,5.85330428467681,1188.93877808175,1.31880546,44.27264023,3.48597727840313,7.081657137792007
SEN,2008,7.34720236578406,1398.79218010021,1.3871423,41.62781525,3.51531198670358,7.244079061799065
SEN,2009,-2.2480214785534,1308.69404336205,1.40655613,45.61538315,3.54278364733413,7.1775488342315965
SEN,2010,1.22868119673344,1275.88357492357,1.16160142,48.67733765,3.56815022857386,7.1521776811037725
SEN,2011,3.40322829786971,1374.67591873844,1.30861914,50.79880142,3.58403202001035,7.22670046658047
SEN,2012,1.41822871177854,1326.83798848379,1.21922708,52.77386093,3.59169225455899,7.191307325970533
SEN,2013,0.710245486695176,1379.83196553924,1.17077053,55.23880005,3.57918390028218,7.23044147007514
SEN,2014,-1.09025507446895,1398.89137601382,1.080037,50.37561798,3.54860725101498,7.244149924031645
SEN,2015,0.135211933635165,1218.00613555438,1.07820702,50.83868027,3.52362334286885,7.1057911627371695
SEN,2016,0.837284942557434,1266.43957151587,1.06801915,51.14096832,3.5068960130787,7.144754058996186
SEN,2017,1.31815314847789,1356.80518449031,1.01061249,48.89573669,3.498380920997,7.21362484016215
SEN,2018,0.460985642464188,1452.55612562445,1.11893904,48.3353653,3.49937511383095,7.281768333374133
SEN,2019,1.76011151192939,1431.18128932159,1.05768847,48.74660873,3.51051951175819,7.266953938195915
SEN,2020,2.54314685681662,1461.08720350553,1.72161877,41.57304764,3.52746594325007,7.2876202852515375
SEN,2021,2.18032278088147,1598.10676952274,1.20091772,46.87754822,3.54310568518721,7.377200483289398
SEN,2022,9.69681899081073,1574.0281059306,1.08714914,47.20918655,3.56339204411192,7.362028396135814
SEN,2023,5.93947798773215,1698.03387300843,1.1920532,44.32556534,3.5903878360666,7.437815058499932
SEN,2024,0.804503298792438,1773.21829923448,,,3.61772273671508,7.48111521010977
SGP,2000,1.36162392448456,23852.8389514753,1.21474111,48.17884064,6.24975683013051,10.07970044568945
SGP,2001,0.997197956155943,21699.7414868907,0.88201147,55.58973694,6.35275642430359,9.985101708847571
SGP,2002,-0.391676866585049,22159.8373710639,1.05214119,53.08752823,6.4447293967712,10.006081927650174
SGP,2003,0.507905300237551,23730.3840054566,1.3372829,48.45797729,6.58553323933213,10.074553670757178
SGP,2004,1.66272719863072,27608.080013423,1.02267361,51.00744247,6.81212169141942,10.225899983594802
SGP,2005,0.425106276569107,29961.3172812732,1.00069571,49.99448395,7.04428055389378,10.30769578047701
SGP,2006,0.965657519018511,33768.4528234651,0.99547803,48.83466721,7.18262614197499,10.42731191021207
SGP,2007,2.10980166714574,39432.8860198877,0.95031685,48.46814346,7.18487810874108,10.58238077692004
SGP,2008,6.63544058395309,40008.5720489092,1.19189203,46.45778656,7.16862006919033,10.596874005690832
SGP,2009,0.589142019610516,38926.8054365453,1.18541074,43.34909058,7.24648502812934,10.569464066977144
SGP,2010,2.82884527612958,47236.683084953,1.14910603,41.51569366,7.3372360210155,10.762947223489407
SGP,2011,5.25115624639373,53891.4570264372,1.17214501,39.56052399,7.48226779969044,10.894745803253148
SGP,2012,4.58084479423094,55547.5553077786,1.30787134,37.69818878,7.78031524333552,10.925012787668896
SGP,2013,2.36439793742726,56967.4257940383,1.53696907,36.19911575,8.16514295512923,10.950252459900955
SGP,2014,1.03316955857629,57564.8023114977,1.74364483,33.30002975,8.57606405394016,10.960683960498656
SGP,2015,-0.521975611895763,55645.6068614606,1.96816146,33.08611679,8.99820725948152,10.92677638200489
SGP,2016,-0.529809760375464,57005.5887176547,2.07529497,32.62351227,9.44794121187799,10.950922131674302
SGP,2017,0.576763191179996,61236.251270627,2.10866928,32.06229782,9.96401995439571,11.022510964221937
SGP,2018,0.438784215129623,66881.6067035265,2.04126763,29.09645271,10.4836486140996,11.110694222829286
SGP,2019,0.567829988405447,65952.0378959293,2.2847712,28.39058113,10.9750531897302,11.09669822070745
SGP,2020,-0.172111865925382,61410.0792630788,3.41540074,24.358181,11.5849477696371,11.025345541881254
SGP,2021,2.31610315765146,80056.1288247844,3.13151574,23.46938705,12.258194216314,11.290495769110379
SGP,2022,6.13095418919732,90299.0694637269,2.60371685,23.48412514,12.6908966015146,11.410893508659786
SGP,2023,4.83372362825798,85412.230345235,2.62583375,25.41850281,13.0953667239036,11.355256289852827
SGP,2024,2.38951123595017,90674.066632628,,,13.6562182859265,11.415037699001983
SLB,2000,7.88956186986721,953.17190137706,4.44415522,5.39587259,3.39365539913138,6.8608438453387
SLB,2001,6.92583732057426,911.791935385411,6.02517366,4.63365555,3.3986084052324,6.816507963479708
SLB,2002,10.9296341872692,756.890296490792,5.73763466,2.58890796,3.40255336256831,6.630538647583617
SLB,2003,8.26946349334406,895.984242546501,5.23841286,2.92560577,3.4054233208589,6.799038295066706
SLB,2004,6.98584202682567,986.070953503889,4.88922024,2.65560007,3.4103718624305,6.894741924898179
SLB,2005,7.33066341633299,1144.49233397681,6.40079355,2.1723609,3.4187883799905,7.043589809576796
SLB,2006,11.2199870214146,1255.62447417684,5.25133944,2.65755868,3.43169712374147,7.136184416284705
SLB,2007,7.66602013484806,1390.14870956707,4.962358,2.91755891,3.44812763230635,7.23788509459669
SLB,2008,17.3200651968774,1525.84666261203,3.15582204,3.70136571,3.46498555396136,7.330959882764567
SLB,2009,7.09271716876286,1554.70671006386,3.10495329,2.71900129,3.47714232226363,7.349685197295743
SLB,2010,1.05148163321038,1685.14535823757,2.94911718,4.09063768,3.47028339412498,7.430200349695793
SLB,2011,7.34270706018,1924.05795643133,2.87079024,3.23162222,3.4538697338795,7.562711353505725
SLB,2012,5.91200602491155,2066.25738638356,2.94720888,3.02273679,3.44809551495668,7.633978073643933
SLB,2013,5.3913638858756,2161.38627543917,2.77344251,3.17822433,3.45527737858121,7.678967648030873
SLB,2014,5.16590237925171,2164.95289873002,2.9565556,2.89847803,3.47831443262204,7.680615681585814
SLB,2015,-0.57446928635949,2045.47721526649,3.06908107,3.08802843,3.5178248868106,7.623875162357892
SLB,2016,0.512485626268792,2082.62383124213,3.15399909,2.98277402,3.57280618256782,7.641863883337847
SLB,2017,0.488686760261083,2143.57670489272,3.09555912,3.14581633,3.64059174108884,7.6706974715115885
SLB,2018,3.46147484973729,2278.19908624102,2.96293306,3.61343431,3.71667787804558,7.731579382271465
SLB,2019,1.63485544012247,2223.65890942466,3.25913024,3.58858848,3.7418955238434,7.707358883713843
SLB,2020,2.96354992076065,2063.32780991967,3.62380624,3.42718005,3.70276347283673,7.632559936625973
SLB,2021,-0.115437894412839,2043.44413170658,3.45109582,3.63614464,3.65490567361425,7.6228812132912385
SLB,2022,5.51812928576938,1877.78104490956,3.32158995,3.71694756,3.62869463015929,7.538378465167286
SLB,2023,5.88585897042164,1882.64394148042,3.3744123,3.16049337,3.62653756755422,7.540963446553666
SLB,2024,4.32183948388033,1933.55538435227,,,3.63880282910847,7.567632803532899
SLE,2000,,143.743743239644,0.56016588,85.72629547,3.53924615667538,4.974964890922307
SLE,2001,,358.315716051546,0.65394258,77.77336884,3.50238577216113,5.884201433913072
SLE,2002,,388.995111216836,0.68559587,72.99523926,3.46946137980899,5.966134203703678
SLE,2003,,413.817607346927,0.63837194,78.75598145,3.43799267897036,6.027838923253253
SLE,2004,,417.749983329227,0.60742605,72.84673309,3.4077886684256,6.037274043328474
SLE,2005,,462.633324427945,0.59220541,70.3477478,3.37882068537751,6.139093990737149
SLE,2006,,580.26796974773,0.54349309,67.11057281,3.35274495392096,6.365211872118706
SLE,2007,11.6499744518106,631.889926264998,0.4417356,72.19953156,3.32986192793014,6.450296514866781
SLE,2008,8.21112432289608,705.359014080005,0.45621169,71.59790039,3.31060537624969,6.560123626768431
SLE,2009,7.46901898540982,652.845806767943,0.63343221,65.34513092,3.29633673299787,6.482871554191231
SLE,2010,7.18566275668163,685.039673490948,0.81356823,56.20909119,3.2842502483643,6.530935459130801
SLE,2011,6.79138291952621,761.146365577281,0.70601135,60.22754288,3.26978695529579,6.63613861805157
SLE,2012,6.58776239392585,937.504428180231,0.6394307,67.68921661,3.25522661912234,6.8442875743747615
SLE,2013,5.52412877994266,1117.47183075115,0.58837235,62.77908325,3.22857964375162,7.0197185957682935
SLE,2014,4.63931171409667,1117.7586465721,1.02695739,35.03469467,3.18524922615589,7.0199749983387285
SLE,2015,6.68943562498681,964.575980888989,0.81068116,35.59750748,3.15426090082563,6.872724794669661
SLE,2016,10.8860609413903,844.416411175476,0.66393304,43.70614624,3.1406826212018,6.739829300264448
SLE,2017,18.2215094003386,779.186007841728,0.54366273,54.49611282,3.13219453500935,6.659532362845766
SLE,2018,16.0295447693699,845.914540460932,0.49137551,60.98888779,3.12991631680085,6.741599792821296
SLE,2019,14.8049990906021,843.712517809977,0.77659142,52.88983917,3.13516272846153,6.738996353861219
SLE,2020,13.4468711101052,845.277557920549,0.82859242,52.34044266,3.14095012004967,6.740847388447283
SLE,2021,11.8739588840234,885.396401885395,1.14799988,51.40983582,3.15159411173026,6.787164256739964
SLE,2022,27.2082883814653,860.371067916096,0.8699919,54.92982483,3.17537929635059,6.758525384774886
SLE,2023,47.6428733253179,758.329137378248,0.78892416,54.4692421,3.20667945391485,6.6324353294829885
SLE,2024,28.6337500014115,806.654650417726,,,3.24269579256476,6.694134554304839
SLV,2000,2.27128756828723,1982.87093542615,3.94314837,45.35605621,4.66835628160877,7.592805233020205
SLV,2001,3.7508205747202,2058.04459070452,3.83341885,45.13660812,4.93639474133973,7.629997363279216
SLV,2002,1.86552503610077,2115.41187355626,4.00326157,44.85285568,5.21416847089527,7.657477421275183
SLV,2003,2.1203909173333,2207.83089518069,3.88919258,45.69374847,5.50501921407142,7.7002186478328145
SLV,2004,4.45194392395045,2285.68907438892,4.01650906,44.66817856,5.81040992920345,7.734860231299255
SLV,2005,4.69094870903769,2447.39140845394,4.2482481,44.02602386,6.1311922125724,7.803186519925643
SLV,2006,4.03712359429612,2665.61807194853,4.52057076,38.75121307,6.46564215716941,7.888566308808521
SLV,2007,4.57808572377153,2830.65693770733,4.1049161,41.63936996,6.63861315750568,7.948617309660625
SLV,2008,6.70792293515939,2983.24829577976,4.0889926,42.0072403,6.65049396724809,8.001103166903446
SLV,2009,1.05595029731201,2910.18651752011,4.10507488,38.43320847,6.67535343524993,7.976316015042416
SLV,2010,1.17933576873673,3040.07300952878,4.37232924,37.80865479,6.71912056351671,8.01996569578403
SLV,2011,5.1289237668161,3330.60049486653,4.79892349,38.14563751,6.78140209555564,8.111208096598373
SLV,2012,1.72973481581383,3497.91256915509,4.45448637,39.04266357,6.85510653870845,8.160207504674844
SLV,2013,0.757669184522973,3582.26694005169,4.76325369,37.39609909,6.93865729334162,8.18403021635838
SLV,2014,1.14134467538233,3666.01248913873,4.68769121,36.57447433,7.03019087434518,8.207132573884651
SLV,2015,-0.731384487387957,3790.34089108162,4.80888462,35.22028351,7.13082257779818,8.24047503262419
SLV,2016,0.60404908699661,3901.34014965811,4.84736443,34.5382576,7.2450899275166,8.269331690540568
SLV,2017,1.0123540331558,4020.12671373919,4.58291912,37.28125,7.37013810257883,8.299317419392342
SLV,2018,1.09033000581892,4183.54620971358,4.54387665,37.49291611,7.49958097577779,8.339153544478886
SLV,2019,0.0753241350024612,4320.11671534627,4.71487188,37.6710701,7.62636268560709,8.371269146755814
SLV,2020,-0.371590212324095,3997.19279583709,5.7965498,27.421278,7.70973010856142,8.293597736968458
SLV,2021,3.46692585313082,4642.60743101342,6.41989136,30.50866318,7.76244342933013,8.443246806732525
SLV,2022,7.19861615609867,5074.60210221806,6.12128019,31.0983448,7.86163091397109,8.532200437703866
SLV,2023,4.04554694222477,5365.44491399171,5.62305593,32.4943924,8.00031824400313,8.587920941076518
SLV,2024,0.853782292567288,5579.65969165029,,,8.14861585944133,8.627062272697502
SMR,2000,,37600.7077379601,4.30573463,25.60515976,15.5266987574163,10.534804746909362
SMR,2001,,39035.1034290445,4.26485729,24.39905548,15.6412334671923,10.572242225838856
SMR,2002,,41790.8432718184,4.03321981,25.19379616,15.7799967261418,10.640456462433301
SMR,2003,,52529.9093701059,3.63807321,23.76210976,15.942679620019,10.869157025241263
SMR,2004,1.43083868527343,58232.0176184948,3.74707913,22.97556496,16.0872263097243,10.972207785890884
SMR,2005,1.68548890528347,59877.8005839737,3.81809044,21.86989975,16.2347094132265,11.000077808005194
SMR,2006,2.09525935611432,63270.7780755157,3.87701797,21.09648323,16.3911203247819,11.055194664725592
SMR,2007,2.49894575725803,70124.4634385624,4.07534981,20.02647018,16.5663215705002,11.158041251552712
SMR,2008,4.29320249287704,75902.1320521765,4.34516525,19.69917297,16.7836641247075,11.237213228041895
SMR,2009,2.19959237046011,62428.9943269418,5.0,19.14743805,16.9823861748089,11.041801117185079
SMR,2010,2.58541815582587,56543.1898204098,5.35588455,13.73352718,17.168187829608,10.942777732152727
SMR,2011,2.89979584300123,55601.3929703047,7.16314268,11.24539852,17.386303584196,10.925981518346779
SMR,2012,2.8273322422258,47945.8991734281,7.96990728,11.33550167,17.6699087146848,10.777849410304531
SMR,2013,1.60439298078082,50807.8289138024,7.33665133,10.94138432,17.9595478881618,10.83582541598133
SMR,2014,1.11296303373851,51260.4938347125,7.30673313,11.97679806,18.2250819113134,10.84469514180152
SMR,2015,0.145686073241066,43146.8240435428,7.28606033,13.6021862,18.4876552314091,10.672387267512192
SMR,2016,0.644075340346552,44359.4797662688,7.38052702,12.36561584,18.7418585249477,10.700104256695917
SMR,2017,1.01413313194508,45192.0279766943,7.23664856,12.38630009,18.9976147536215,10.718698105619605
SMR,2018,1.16333522293158,47950.6880557136,7.35798597,11.11235237,19.3159274222744,10.77794928419064
SMR,2019,0.472651967352852,46630.1443120725,7.23374033,11.22083473,19.6534210602257,10.750023929755871
SMR,2020,-0.133368898372915,44326.9556746411,7.61165524,10.25551033,19.9490918503818,10.699370810606267
SMR,2021,1.61551411551421,54176.4798021628,6.62202978,11.85579014,20.3977149468508,10.90002059927783
SMR,2022,5.32545321311365,54190.8417700372,6.39732409,11.43565369,21.0237606336169,10.900285655250316
SMR,2023,5.93190858629403,59879.7173015651,5.74314785,13.09178734,21.6823538130883,11.000109817445871
SMR,2024,1.24216507945569,,,,22.4099937464638,
SRB,2000,71.1206287946541,974.725469278615,3.79907131,29.59952545,16.0681726957932,6.883181265369209
SRB,2001,95.0052258100006,1812.42088281393,4.13802195,28.48967934,16.4093567541875,7.502970330979955
SRB,2002,19.4908321579689,2390.73459447107,5.23220444,23.8322773,16.7152679301376,7.779774153425824
SRB,2003,9.87617889729578,3153.9011312754,5.10396385,24.97764397,16.9829001972155,8.056712437329113
SRB,2004,11.0263627183464,3597.08798057009,5.18188715,27.29331207,17.1864766917518,8.18815786684356
SRB,2005,16.1199806482826,3807.97417321786,5.29795027,29.81834602,17.3287763990899,8.245115185992992
SRB,2006,11.7240229980834,4492.7136699046,5.1782732,32.84013367,17.4164820415812,8.410434736853555
SRB,2007,6.39170644391413,6081.08765700202,5.50259209,34.712883,17.4526382438889,8.713103280662557
SRB,2008,12.410986775178,7376.73517910716,5.64826584,35.14710617,17.4402380163125,8.906221984195438
SRB,2009,8.11695092238082,6414.0448463847,5.54193211,35.16513443,17.4082896457034,8.766401267888076
SRB,2010,6.14255360247248,5970.92660940072,5.58281469,36.40253448,17.3759538185157,8.694824869467816
SRB,2011,11.1373976342129,7082.2861666075,5.3538456,36.40478897,17.3957653090008,8.8654932268304
SRB,2012,7.33038589596646,6263.04086072815,5.56388712,35.43024063,17.5891851362179,8.742580760754112
SRB,2013,7.69426362896655,7040.41812068781,5.34662533,37.86663818,17.9500038447375,8.859564866463959
SRB,2014,2.08244793880154,6886.67809068704,5.1614337,39.94474792,18.3902831005496,8.837489310213929
SRB,2015,1.39235822000187,5820.3215576888,4.88180637,40.58773422,18.883979706442,8.669282586716427
SRB,2016,1.12231397417769,5982.37030126471,4.69370461,40.4536705,19.3853692133533,8.696739283713582
SRB,2017,3.13106248590115,6548.03653824187,4.5406208,40.63934708,19.9073825690271,8.787073224411815
SRB,2018,1.95984076293801,7559.86165747394,4.85909271,38.31092453,20.4864046664261,8.930740438535166
SRB,2019,1.84922984511086,7755.632986437,4.83578539,37.03455734,21.0643608505556,8.956303625517855
SRB,2020,1.57553290083415,8098.70955668849,5.06347847,36.02006149,21.5708751193576,8.999583482818693
SRB,2021,4.08510285335102,9680.52798074468,6.04116869,32.92689133,21.888601009739,9.177975017064224
SRB,2022,11.9815117344703,10024.8191112596,5.77386618,30.79844666,22.0776743361109,9.21291895569576
SRB,2023,12.3719043552519,12281.707946167,5.26416254,32.13853073,22.3383596618497,9.415947694179724
SRB,2024,4.6705297488997,13679.2065983557,,,22.6860376805019,9.523705293281488
SSD,2000,,,,,2.43339672851046,
SSD,2001,,,,,2.44647942347903,
SSD,2002,,,,,2.45701461760323,
SSD,2003,,,,,2.46619412232993,
SSD,2004,,,,,2.47498251427028,
SSD,2005,,,,,2.48366203377196,
SSD,2006,,,,,2.49285199516356,
SSD,2007,,,,,2.50265607514793,
SSD,2008,,1654.21153546555,,,2.51339161116339,7.411684095634664
SSD,2009,5.00627361534047,1323.22068747862,,,2.52561892847298,7.188579404992653
SSD,2010,1.16962180301108,1498.27034985194,,,2.53872543102119,7.312733835311139
SSD,2011,46.8521757193597,1448.98435006408,,,2.55044440139582,7.279308042297119
SSD,2012,45.5258978371706,1109.26050083408,,,2.56102039374354,7.012349952208169
SSD,2013,-0.0580909784225664,1650.18943353528,,,2.56814817080234,7.409251176002766
SSD,2014,1.6742990629552,1242.73450181032,,,2.55865282578283,7.125873827539142
SSD,2015,52.7663304192143,1080.14718624765,,,2.53487680441832,6.985777965861507
SSD,2016,379.999585624026,,,,2.51922835075791,
SSD,2017,187.851630279442,,1.86679733,19.19281387,2.52351716932591,
SSD,2018,83.5015294922,,1.18756998,25.70042992,2.56144511639214,
SSD,2019,87.2413641500032,,0.99254191,42.19261169,2.62643590603589,
SSD,2020,29.6758435538572,,0.70622033,39.47945786,2.69393736504492,
SSD,2021,10.5167158294358,,0.92913347,30.86260414,2.76169313201629,
SSD,2022,-6.68732094212668,,0.62561053,31.78105545,2.83579045886885,
SSD,2023,2.38280434813754,,0.50114346,27.14476204,2.91238881534295,
SSD,2024,91.4408220769046,,,,2.99167528264649,
STP,2000,12.2089456308977,529.089383412262,3.51259375,43.84104919,4.23765002412884,6.273045640274365
STP,2001,9.22203707560889,518.88050130005,3.70773029,43.62086487,4.20119555935098,6.253598979974003
STP,2002,10.128724672229,568.10257252271,3.77630806,41.91096497,4.14350176592417,6.34406068593397
STP,2003,9.79241974934509,663.696211810494,6.05494833,31.92261124,4.09845657742468,6.499330111934702
STP,2004,13.2858860871796,726.560882130444,5.18779802,35.27906418,4.06074633017342,6.589697682321347
STP,2005,17.1522049354354,844.169181884274,5.03137016,33.3951149,4.01789166633156,6.739536822564437
STP,2006,23.0770373451381,861.970707697664,0.54927838,39.90423965,3.96678298458083,6.760380748094468
STP,2007,18.5485136325779,878.885791918745,1.6642518,35.33236694,3.90720066941859,6.779792117139334
STP,2008,31.9901039492573,1081.8684584729,1.22298861,30.23218536,3.83732371269269,6.98736877930359
STP,2009,16.9574758025945,1128.28046213305,1.5904156,27.40145493,3.76377186841979,7.029335949714869
STP,2010,13.34005235378,1045.20958234528,2.11927414,25.69589424,3.69357872850684,6.952928990085237
STP,2011,14.3271667616801,1219.80189089671,2.29882646,23.79325676,3.62672670812472,7.107263209428657
STP,2012,10.6379353431628,1192.0202911189,2.30571485,17.79582024,3.57925242426322,7.084243430435168
STP,2013,8.10583270875476,1382.5757842916,2.99635077,14.24345207,3.55867924772518,7.232426574952351
STP,2014,6.99849943966421,1489.67633417608,2.79643965,15.04175091,3.5554742411075,7.3069852115054195
STP,2015,5.24587835022454,1298.10946596396,2.0531044,16.01808739,3.57155338981782,7.169434282530417
STP,2016,5.43051966119156,1434.87018050521,3.06470799,13.91362,3.61066039565317,7.269526341973618
STP,2017,5.6902961992902,1555.79477812888,3.43653798,14.75731373,3.67057140993523,7.350384357192354
STP,2018,7.86859628873909,1825.59971753966,2.62429023,15.81694221,3.74380908429161,7.51021143962035
STP,2019,7.72024525213248,1935.2931816596,2.23238039,16.99124527,3.82254255079853,7.568530693178771
STP,2020,9.81932791540146,2167.22001796925,2.96807909,11.84764099,3.84000699061097,7.681661841713513
STP,2021,8.13777038378732,2362.58827248102,3.36913323,11.65572834,3.83175422709395,7.767936197740231
STP,2022,18.0056351122841,2389.73729784737,2.31201935,15.2078476,3.84856719913391,7.779357090174597
STP,2023,21.2589138473,2990.6606143535,2.13394833,16.66314888,3.86730280697271,8.003583901628998
STP,2024,14.3519273571008,3490.56883486557,,,3.90024476036623,8.158106437075446
SUR,2000,59.401686545079,1988.22172925433,2.84068179,15.39642048,4.49445392043941,7.595498750395605
SUR,2001,38.5862878872611,1714.64846637242,1.85921216,27.32730865,4.79602186371862,7.447546402635635
SUR,2002,15.5273989185702,2202.340682196,2.45871258,23.0086174,5.09937035735468,7.697729979510638
SUR,2003,23.0022321778219,2516.10404020956,2.13772202,23.54932213,5.42204064062147,7.8308643292868325
SUR,2004,9.98632511974878,2887.7721728844,2.43031907,20.6982193,5.59188827898343,7.968586837157368
SUR,2005,9.89800489561465,3453.42865937765,2.36262965,20.86314392,5.61030208207967,8.147412356211088
SUR,2006,11.2813043273975,5002.65798695759,2.71723485,18.08366013,5.65250849052471,8.517924521320838
SUR,2007,6.42627934470524,5530.17615638309,2.58420277,19.49966431,5.7030296638896,8.6181557584087
SUR,2008,14.6671427437912,6576.08546307249,2.09781647,24.28281212,5.74979222720339,8.791346987450238
SUR,2009,-0.133636646714877,7129.5768626291,2.28777623,21.96848106,5.79550304653696,8.872147416535189
SUR,2010,6.94108221639996,7943.60482816915,1.9906764,23.58067322,5.8471822418775,8.980248339303254
SUR,2011,17.7117796414558,7949.88867218383,1.79151595,27.20149231,5.89975883948129,8.981038984065794
SUR,2012,5.00686319367273,8851.24050668908,1.75651753,28.27469635,5.94534981062255,9.088425870558861
SUR,2013,1.92343604108305,9043.19281529222,1.88953507,27.87244797,5.98590559207058,9.109878152862352
SUR,2014,3.38341272749477,9108.18905406764,1.87637579,28.98274994,6.0403425256312,9.11703896917513
SUR,2015,6.89390359168238,8813.61705392067,3.16422224,21.99853134,6.12626305174966,9.084166651338194
SUR,2016,55.4123879763196,5644.2061057532,3.71001315,21.82023811,6.2495214859202,8.638561987122417
SUR,2017,21.9969430173304,6049.52128553675,3.09932327,26.37959099,6.40865199178728,8.707899710211715
SUR,2018,,6665.74180472239,4.47947168,18.67416573,6.58676841600467,8.804886534512862
SUR,2019,,6629.66775248603,6.09356403,15.50723457,6.77123915426368,8.7994607949237
SUR,2020,34.889784309078,4755.39221710693,4.03236008,17.95370674,6.98356160580353,8.46724472226298
SUR,2021,59.1196626251977,5029.84838543953,3.27092934,18.86047554,7.164393360695,8.523343913968748
SUR,2022,52.446027276241,6084.43876736445,4.15005636,16.0970459,7.3556078335719,8.713654109209013
SUR,2023,51.5873159600861,5521.97602122638,3.3523376,19.71665573,7.62149260756322,8.616672128270611
SUR,2024,16.2296159130279,6961.78955961526,,,7.89928297955175,8.84833547182538
SVK,2000,12.0357805974299,5421.6448441887,4.64339685,10.83896732,11.3287846336031,8.59833895404344
SVK,2001,7.3296201911553,5712.47802761654,4.70686579,10.90437698,11.3865726097359,8.650583228883486
SVK,2002,3.12714222984608,6554.62808369461,4.85240364,11.01689148,11.4504794114571,8.788079209104868
SVK,2003,8.55414305406645,8675.39633696465,4.77106667,12.21277809,11.5237521102281,9.068361552895611
SVK,2004,7.54850088183423,10650.1290097126,5.03513718,21.23348236,11.6136445079402,9.273421175820529
SVK,2005,2.70908494588384,11641.5410321763,4.97108793,23.60951996,11.725855753395,9.362420999194432
SVK,2006,4.48333120449611,13167.8954730379,4.77396774,26.58822823,11.8534825062871,9.485612924328723
SVK,2007,2.7567237163814,16110.4817265237,4.93091011,27.370327,11.9862771036409,9.687287447517175
SVK,2008,4.59817976325028,18744.3192278346,5.20061636,21.02014542,12.122130374287,9.838699359050855
SVK,2009,1.61510464058238,16586.7527805228,5.69731617,22.41773987,12.2856006116909,9.716419917742
SVK,2010,0.957018132975143,16899.448680529,5.44594288,22.8006134,12.4478217220765,9.73509544970247
SVK,2011,3.9192859914629,18469.4354316836,5.2743578,23.57159042,12.6254872424295,9.823926647993016
SVK,2012,3.6061026352289,17516.9691054078,5.3540163,23.23308945,12.9097808254813,9.77098243913019
SVK,2013,1.40047368963025,18312.7805149823,5.48396778,23.32164955,13.2842884791878,9.815409089047554
SVK,2014,-0.0761653295419871,18770.9289896545,5.44664001,18.00793076,13.6950033798192,9.84011789412719
SVK,2015,-0.325219777427673,16442.0760860018,5.30798721,18.443573,14.1487853575038,9.70765976096143
SVK,2016,-0.520010196278266,16636.0769133073,5.6462183,17.88862991,14.6624290456748,9.719389032676483
SVK,2017,1.31194588223228,17645.5298716761,5.32285929,18.71241951,15.2000556322042,9.77829443519454
SVK,2018,2.51403712883812,19573.3717031314,5.25731754,18.90781784,15.7269155531126,9.881976423441277
SVK,2019,2.66456133425431,19406.0589683582,5.44698572,19.15936279,16.259188968312,9.873392143217202
SVK,2020,1.93694126694223,19735.4858280801,5.66738129,18.75167656,16.7640891006244,9.890224274245904
SVK,2021,3.14960629921268,22123.3342114545,6.08261681,19.40410614,17.1648882487724,10.004433377285704
SVK,2022,12.7741463637611,21317.7943982363,6.15263939,19.26242447,17.5706371952843,9.96734432875576
SVK,2023,10.5319476645211,24614.8734642794,5.80455589,20.15309143,18.0508365765507,10.111146776603526
SVK,2024,2.75760909424272,25992.6748502048,,,18.5373993543753,10.165608512415336
SVN,2000,8.91174418658769,10135.7219109212,5.60744858,13.27326965,13.9071257730963,9.22391994193135
SVN,2001,8.37966587492204,10375.6255869861,5.61317778,12.90347767,14.2042259077972,9.247311015908384
SVN,2002,7.48077770703754,11639.1297780477,5.87859297,12.55521679,14.4943829533612,9.362213870540089
SVN,2003,5.54416421752901,14711.674874253,5.88302135,12.48665047,14.7644655682086,9.596464637598352
SVN,2004,3.59297594249509,17103.8297783905,5.75883818,12.16907501,15.0421485343948,9.747116145791916
SVN,2005,2.45150132316475,17969.7095907161,5.81633949,13.01937485,15.3305839236402,9.796498466516974
SVN,2006,2.45792444195865,19563.005059144,5.64411831,12.27804375,15.6015833347478,9.881446680253775
SVN,2007,3.65749563284099,23725.1596001515,5.29656601,13.63123608,15.8526331729271,10.074333499002416
SVN,2008,5.64742380573935,27461.9764165315,5.69555473,12.63994503,16.1194428580917,10.22059406443612
SVN,2009,0.839262246793887,24501.7897290425,6.22358179,12.77988815,16.3151255055001,10.106542256542053
SVN,2010,1.80117022137134,23329.8417691156,6.25191069,12.64016342,16.3680688560959,10.057531445338238
SVN,2011,1.8028517194191,24940.6284841605,6.21524811,12.19664192,16.4955993838356,10.124293513179337
SVN,2012,2.59741386039003,22442.1417859955,6.22969151,12.45996571,16.7904579946341,10.018740358124957
SVN,2013,1.76920085881907,23236.9655321695,6.21515274,12.4548645,17.1479957003396,10.053542665488823
SVN,2014,0.19934382657075,24013.0682060959,6.05442333,12.98344612,17.5469496825326,10.086395112850472
SVN,2015,-0.525552285820877,20697.2748530619,6.12037754,12.49877739,18.0184247458794,9.937805635348662
SVN,2016,-0.054999541670474,21447.8377796036,6.19861412,11.98103619,18.5120548294753,9.973425740119161
SVN,2017,1.42910743319306,23303.077705959,5.9297328,12.32243347,19.0009988314642,10.056383633080973
SVN,2018,1.7386086198818,25888.0481065655,6.04779768,11.98157787,19.4617683036878,10.161575305231718
SVN,2019,1.63052260754344,25814.1687167572,6.19899702,11.66123962,19.8516683589804,10.158717532901813
SVN,2020,-0.05485681576061,25392.0651093612,6.88721657,12.47413063,20.1213887142885,10.142231388537414
SVN,2021,1.91706506089259,29192.8401933019,6.97821045,12.8761549,20.4309073032618,10.28171301371863
SVN,2022,8.83369886749452,28360.3041467268,7.07110405,12.43187141,20.8812714279501,10.252780965016369
SVN,2023,7.44687717385838,32660.4753581346,6.80327797,12.39192963,21.3323429613727,10.393951538747734
SVN,2024,1.96562656432512,34301.0318686594,,11.7449913,21.7723491779025,10.442959869552856
SWE,2000,0.899143734041715,29632.5890811623,6.26558542,14.46247768,17.2641350678943,10.296663763207071
SWE,2001,2.40595834145436,27259.3174300217,6.45880175,17.19754601,17.2157520077936,10.21318734971764
SWE,2002,2.15848213589266,29957.7776664916,6.73689175,16.78280067,17.1764203133283,10.307577637950114
SWE,2003,1.92565534892383,37292.2419727801,6.8950696,16.10264206,17.16497007121,10.526567408862343
SWE,2004,0.373659828721824,42758.0048564929,6.71323681,16.52948952,17.2124300845409,10.663335092101397
SWE,2005,0.453170852576138,43378.4077394363,6.6967392,16.85904694,17.2765354335417,10.677740131439261
SWE,2006,1.36021468627693,46531.3762240485,6.60596895,16.75441551,17.3280897136683,10.747903612179663
SWE,2007,2.21216883436733,53568.3057787832,6.56826925,16.62395859,17.4358344844156,10.888731529649412
SWE,2008,3.43704910602875,55817.1759726485,6.77395391,16.4745636,17.6463898740767,10.929854829606365
SWE,2009,-0.494460544378051,46707.6425044751,7.22804117,16.56481934,17.9392423059468,10.751684490870351
SWE,2010,1.15798802715626,52542.5759090299,6.85484648,16.50847054,18.2772882991165,10.869398121620687
SWE,2011,2.9611507382214,60379.4814599322,8.87553692,14.52397251,18.6361385585896,11.008421177060312
SWE,2012,0.888377506923735,57749.5615420853,9.1259203,14.7979908,18.9775519929568,10.963888352009239
SWE,2013,-0.044292970148682,60843.9888799369,9.23215675,14.92813301,19.2744218602549,11.016084743010376
SWE,2014,-0.179638494114635,59583.4584491714,9.30155087,14.94266987,19.5210692673755,10.995150054772878
SWE,2015,-0.0467847449832812,51188.1652120493,9.16075993,15.03159618,19.6982615865952,10.84328317168141
SWE,2016,0.984269244577992,51703.5088332851,9.21271133,14.63337803,19.773834861054,10.853300268169354
SWE,2017,1.79449904665599,53210.2233318965,9.2550211,14.23645401,19.8018336203973,10.882024617965046
SWE,2018,1.95353530127028,54018.4554391861,9.37008476,14.21954441,19.8625371600706,10.897099546569882
SWE,2019,1.78415097403835,51648.9892820514,9.28074455,13.9244051,19.9506621429353,10.852245267036658
SWE,2020,0.497367318853572,52568.5726980146,9.83181,12.9202652,20.0599853974717,10.869892765532686
SWE,2021,2.16319736447143,60647.5416365347,9.63231373,13.09276485,20.1967832299352,11.012850868518953
SWE,2022,8.36929098869189,54836.8907235124,9.32068729,13.12999439,20.3419018248482,10.912136670564426
SWE,2023,8.5486248974891,54950.2834725622,9.60061646,12.95748615,20.5364235623884,10.914202316657487
SWE,2024,2.83581658224034,57117.4877440616,,13.3813858,20.7467682423653,10.952883121594045
SWZ,2000,12.2085358545844,1629.67038842815,2.41081047,18.52517891,2.38670806552825,7.396746490492124
SWZ,2001,5.94210982281648,1429.85630359447,2.38431859,17.86198807,2.40917660143597,7.266028357738996
SWZ,2002,12.0197154699232,1315.73634647994,2.4225831,16.88416862,2.4435988206994,7.182911489203941
SWZ,2003,7.28999999999999,2015.21743065251,2.91704059,15.05786991,2.49259398143808,7.608978475881801
SWZ,2004,3.44533507316614,2525.5640452625,3.02394485,14.64396858,2.55428252210647,7.834615573812019
SWZ,2005,4.77400404553712,2871.06877437449,3.64060426,13.24464035,2.62557326244194,7.9627878763906255
SWZ,2006,5.30463946338728,2964.95865200682,3.45948696,12.40433788,2.69877613801091,7.9949555819421825
SWZ,2007,8.07608827861589,3109.11097608864,3.7541039,12.13582325,2.76004969263,8.042413688166421
SWZ,2008,12.6574601863915,2946.8606613746,4.45391893,10.54234123,2.81219734421039,7.98883498671545
SWZ,2009,7.44823423445754,3189.79679956637,4.46149063,10.42381477,2.87290408074534,8.068025945017283
SWZ,2010,4.50923691774369,3922.74039390733,4.22809029,10.45542145,2.95461701074979,8.274800659961342
SWZ,2011,6.10742714590251,4225.06049411911,3.61155891,10.48334503,3.05067794085613,8.349025512820141
SWZ,2012,8.93964682788212,4224.54789174487,3.41336322,10.50819397,3.1441540720915,8.348904209903237
SWZ,2013,5.62130623468948,3949.94310039907,3.32492328,10.53044891,3.22870113894813,8.281709588991333
SWZ,2014,5.68134885776447,3771.07228381938,2.73972297,10.55049515,3.31484054813038,8.23537980683044
SWZ,2015,4.95124493704919,3419.82276559528,2.94745016,10.56864738,3.39635767022149,8.137636375858651
SWZ,2016,7.8472745908568,3238.17611961364,2.84598303,10.58516216,3.47505344680222,8.083074292380836
SWZ,2017,6.22137528933118,3853.09956569679,3.54254961,10.49674606,3.57586743850018,8.256892683019641
SWZ,2018,4.81506167461513,3972.65450620357,3.39840841,10.14749718,3.68640709298551,8.287441480782707
SWZ,2019,2.59801620311077,3913.14577547336,4.40824461,9.2169857,3.79565953652678,8.272352391890296
SWZ,2020,,3466.56936278145,3.53693056,11.29101372,3.87485175808932,8.151209155674985
SWZ,2021,,3984.00229174306,3.65004921,10.76786995,3.92290361252568,8.290293166316511
SWZ,2022,,3894.1620089869,3.24393272,10.33765411,4.01504122718824,8.267490551531468
SWZ,2023,,3755.52111232464,3.20377994,11.01838779,4.14687128709653,8.23124857200496
SWZ,2024,,3909.55892378182,,,4.26195555838067,8.271435590022204
SYC,2000,6.26876876876878,8063.65500575169,3.78593802,17.88831902,7.42096545764421,8.995246212924172
SYC,2001,5.96962204168156,8153.2986369879,3.75857329,17.09648132,7.42977702395234,9.006300507308474
SYC,2002,0.174999999999924,8864.16919495467,3.63683939,12.48222733,7.41873114597529,9.089885304051466
SYC,2003,3.30255386407089,9070.28460757013,4.14589357,13.69384193,7.3838959487097,9.1128691656679
SYC,2004,3.85730391367399,10827.671636033,3.81282496,15.64156914,7.34327410087856,9.289952676519547
SYC,2005,0.907187718073944,11802.1118276833,3.62017798,17.86114693,7.31465507584074,9.376118489897726
SYC,2006,-0.353465498693756,12782.9938926475,3.44340944,19.81629562,7.29587376760758,9.45594919027186
SYC,2007,5.32060027285142,12669.3026687222,3.04300809,19.23576736,7.27576857480212,9.4470161616425
SYC,2008,36.9647582875289,11265.4376270005,2.40282655,31.15786171,7.25681406845134,9.329583463631911
SYC,2009,31.7544407744178,9747.09180546291,2.3870523,29.79195404,7.24676378861025,9.184826832577535
SYC,2010,-2.40463875108227,10934.79494629,3.1060183,22.15365982,7.21851933748197,9.29979662788875
SYC,2011,2.55926772230953,12110.0937461973,3.01365519,23.17224884,7.1451393469657,9.40187715007381
SYC,2012,7.11037062326403,12337.1554669388,4.02018118,18.86534882,7.06930673176416,9.42045181034985
SYC,2013,4.33893848329099,14821.2921476077,3.20524502,19.06869125,7.03136861179812,9.60388755272103
SYC,2014,1.38583454581263,15188.1902175113,3.18385339,27.4764843,7.03075357485822,9.628339283932522
SYC,2015,4.04194410725617,15333.1051727105,3.1209166,26.07247543,7.05775929198588,9.637834722886925
SYC,2016,-1.01548191697626,16566.9946042294,3.25931096,25.30701828,7.09153986942388,9.71522807740114
SYC,2017,2.85679575568437,17480.3651911372,3.2699151,24.59942627,7.1411099696246,9.76889074633934
SYC,2018,3.70291839111568,18440.2340460932,3.1646049,26.20684624,7.2279207232267,9.822344417110719
SYC,2019,1.80709400809982,19141.5118743615,3.04219794,26.27492523,7.36545956030786,9.859666893301126
SYC,2020,1.20266463987123,14041.4754074575,4.47688675,21.59911156,7.57787365638327,9.549841973111302
SYC,2021,9.76909936973542,14982.9111487767,3.72146273,26.9475193,7.89185892875292,9.614732314366401
SYC,2022,2.6260363285129,16836.6721895387,2.99964738,29.96477127,8.14754326913502,9.731374047216512
SYC,2023,-1.03530088431952,18262.7115849287,3.1497128,27.95942497,8.33095611193391,9.812671396633386
SYC,2024,0.311726050919668,17858.8226383978,,,8.53904929131987,9.790308923720364
SYR,2000,-3.84615384615379,1138.1884854278,1.61808777,64.07214355,3.31790609481203,7.03807143301165
SYR,2001,2.99999999999995,1186.82913474027,1.945274,58.16387558,3.33852109841823,7.079882663602439
SYR,2002,-0.130505282417402,1183.2473451033,2.24590731,53.99133301,3.36375285756399,7.076862699963307
SYR,2003,5.79682944905841,1220.179077256,2.4527986,51.56237793,3.39354336228612,7.107572127775859
SYR,2004,4.43314136719839,1368.1148230028,2.13628435,51.81047821,3.41738718885817,7.221919695403685
SYR,2005,7.24034939348535,1533.90166536568,2.06910229,49.28687668,3.43119686196904,7.336221596318239
SYR,2006,10.0241105377571,1718.78347217338,1.77428043,51.20939255,3.41533702474497,7.449953673611614
SYR,2007,3.90770950443607,1937.61138578027,1.76196051,51.68701553,3.37091921804435,7.569727215238553
SYR,2008,15.7453252219709,2429.12477087189,1.56797349,52.76116562,3.37052824099057,7.795697881054246
SYR,2009,2.92089711805367,2462.20193643202,1.59122777,53.57936859,3.40501450848353,7.809217382754842
SYR,2010,4.3974138315007,2730.61477118949,1.44551027,51.97356415,3.43197699731664,7.9126482045951905
SYR,2011,4.7531638888563,2952.14349372257,1.14291418,50.69988632,3.47450211988776,7.990625473087072
SYR,2012,36.7022953364139,1897.66115018696,1.37997222,50.79894638,3.56391240901569,7.548904258970198
SYR,2013,40.0318378290723,985.892669227054,1.81969619,44.73649216,3.75405730879808,6.894561289069569
SYR,2014,10.9271141804297,1060.59105886854,1.98435199,46.92281723,3.98945498688717,6.967524060665782
SYR,2015,38.4611429599733,847.731631942565,1.76000929,44.63256073,4.16985034145845,6.743743037333946
SYR,2016,47.7051615298923,656.3490586313,1.83358467,45.03229904,4.29243069134678,6.488215169075413
SYR,2017,18.0752696281771,851.502005254153,1.91341209,43.80283356,4.39669751384003,6.74817556135919
SYR,2018,0.940983843906769,1098.0668642357,1.88352227,43.07528687,4.46661775083008,7.002216793531683
SYR,2019,13.4175653228571,1109.53926036049,1.97450435,41.6618576,4.4946862790511,7.012600996478566
SYR,2020,,572.355289831901,1.4915427,48.33858871,4.54759604167885,6.35150557662454
SYR,2021,,663.614245706815,1.09464335,59.46178436,4.61846785630824,6.4992067906995175
SYR,2022,,1051.67149587463,0.8250348,59.94300842,4.66656330771211,6.9590864937316
SYR,2023,,,0.40483445,72.40081787,4.68683691195235,
SYR,2024,,,,,4.74170917120154,
TCD,2000,3.82260088086306,163.121663683369,1.59994829,56.216259,2.82652574402089,5.100608004516081
TCD,2001,12.4312865279941,194.32295331156,1.42270386,58.26092911,2.76469867984594,5.274654359453713
TCD,2002,5.19181895195446,219.061391951349,1.61589229,64.73538208,2.7048957116691,5.393906561748259
TCD,2003,-1.75256941248655,289.087621122168,1.33923662,47.41553116,2.64494537372232,5.670183019145457
TCD,2004,-5.35540028884816,445.850767157087,1.47851741,51.0140686,2.58253095049252,6.102224684637132
TCD,2005,7.89036567462993,838.092107712557,1.10235167,56.22251129,2.51816611036027,6.732320483174011
TCD,2006,8.03628897951331,906.897260572747,0.76379508,63.66035843,2.4541854497823,6.811131223050488
TCD,2007,-8.9747396200927,980.483531485103,0.81764281,64.9182663,2.39307096621486,6.889065234650738
TCD,2008,10.2969758221254,1166.36883453841,0.61977834,68.81594849,2.33604127743138,7.062507635941182
TCD,2009,9.95242290748864,1035.63719694254,0.70113808,65.01296997,2.28304294350812,6.943737288714487
TCD,2010,-2.07786574641866,1141.80069268412,0.64793539,67.58454132,2.23336304550429,7.0412372764853455
TCD,2011,2.0292405367826,1308.1421872538,0.60246891,60.77016068,2.18697817020263,7.1771273828174404
TCD,2012,7.51662364663833,1354.34344701937,0.65627456,59.42821884,2.1424233051886,7.211810167631571
TCD,2013,0.222671564624551,1304.88742971475,0.83544219,58.6379509,2.10090446118584,7.174638111416001
TCD,2014,1.6819731392567,1278.78981422494,0.94091558,55.72120285,2.07314232963979,7.154451135793347
TCD,2015,4.37712665065654,993.990730610869,0.72352397,56.72420502,2.05939244331895,6.902733421146223
TCD,2016,-0.792440525236102,861.831767630746,0.64428413,55.14606857,2.05159826671532,6.760219733066149
TCD,2017,-1.5370996298084,854.46120040098,0.52580875,59.87926483,2.04749365973065,6.751640739178083
TCD,2018,4.27462198610545,948.656629871231,0.46814004,64.376091,2.04665537566992,6.856100477017787
TCD,2019,-0.971939175419401,893.336441643325,0.51349735,63.70339966,2.04845628973613,6.796082037312405
TCD,2020,4.46414437232861,866.947814890409,0.55167967,69.76126099,2.04773337140274,6.766131591759006
TCD,2021,-0.77284437035914,946.358500208374,0.73647583,69.48040771,2.04727900320802,6.853677585654758
TCD,2022,5.78802687843616,966.036468278568,0.92589098,58.17550659,2.05551078224591,6.874236207543186
TCD,2023,10.8363568399843,949.333453674592,1.26169586,51.67914963,2.07477443006556,6.856812926875132
TCD,2024,8.89950732263754,961.55975562506,,,2.10053656012627,6.8695961480011185
TGO,2000,1.86260595463067,409.889802792768,0.29096901,81.61845398,2.7902428319332,6.018325058820089
TGO,2001,3.91959133653146,396.692654520135,0.32503283,80.52862549,2.77685033980864,5.985679482141477
TGO,2002,3.05981857535884,445.238691488925,0.34117612,79.71882629,2.76614510609893,6.100853991571467
TGO,2003,-0.930000884072214,538.16537776929,0.37685171,78.04129791,2.75774330614905,6.290022347167996
TGO,2004,0.393078681031669,560.266308533382,0.44411397,75.16048431,2.75086948003935,6.330195496154805
TGO,2005,6.78292893028314,551.259850017077,0.50362611,74.84999084,2.7450407048794,6.31401867829703
TGO,2006,2.22897779414027,552.50227125256,0.56445849,73.64611053,2.73932924432615,6.316265855577599
TGO,2007,0.945673271705214,607.587886721352,0.59498978,67.00376129,2.73440681384228,6.411141333750748
TGO,2008,8.69482814363902,718.948386717473,0.60018307,66.34605408,2.73209509088979,6.57917952432598
TGO,2009,3.71360592035809,720.693768151415,0.68256968,65.38478851,2.73330549902161,6.581600905083783
TGO,2010,1.44594517430864,704.986772286079,1.12349021,62.2700119,2.73840379408222,6.55959650117902
TGO,2011,3.5635147290396,783.988944671672,1.03214419,62.1470108,2.75108386151672,6.665669634462439
TGO,2012,2.57718174055848,762.39162379069,1.16667867,59.24895859,2.77118456452965,6.637771168009239
TGO,2013,1.82539475909162,826.542799987227,0.96069103,57.86953354,2.79407206865417,6.718460827952624
TGO,2014,0.19087507624975,855.584809246574,0.99828738,57.30480576,2.81633180440606,6.752953331246969
TGO,2015,2.58500390801595,751.051987587248,0.92438984,66.96256256,2.84488370419364,6.622805453990154
TGO,2016,1.28544847051417,772.581357620609,0.97535449,63.4018898,2.88098337946085,6.651030845633373
TGO,2017,-0.981889868943119,792.765700965864,1.04958856,61.4656601,2.91843029402681,6.67678833075566
TGO,2018,0.927755426457183,851.120561233595,1.03169048,64.66403961,2.95794971120425,6.747728020613898
TGO,2019,0.674652770077525,826.255209019798,0.89146012,66.20977783,2.99903061159381,6.7181132435722235
TGO,2020,1.69928463299399,863.468665870276,0.91246384,64.32513428,3.03668959108889,6.762115059087953
TGO,2021,4.1862150652352,962.075187515872,0.55793744,69.00460052,3.07259371742261,6.870131485090796
TGO,2022,7.96757361617945,951.232378690387,0.66535133,64.16651154,3.11541415630384,6.858809100267975
TGO,2023,5.48928568141131,1055.01727877926,0.6805678,64.34121704,3.16375561398111,6.962259826612703
TGO,2024,2.86262074089801,1119.38160509429,,,3.21344647749391,7.021424625091847
THA,2000,1.59196917460972,2005.97694514234,1.71153057,34.18558884,6.11782601888353,7.604384861506812
THA,2001,1.62690887314091,1889.93432467144,1.66487634,33.98860931,6.39012184879669,7.544826337580163
THA,2002,0.697308976625449,2089.75183111554,2.07636881,27.89708328,6.65722534654617,7.6452790080788
THA,2003,1.80434994635721,2347.54001286066,2.04556918,27.1678009,6.92701480933641,7.761549142946207
THA,2004,2.7591492623108,2641.56268717857,2.01255655,26.40885162,7.20251957895221,7.879504440141754
THA,2005,4.54036919634535,2867.70383436062,2.013062,27.58306313,7.47503391888863,7.961615581081763
THA,2006,4.63747436011765,3331.32043511773,2.2303164,17.65686226,7.71964031137209,8.111424167665712
THA,2007,2.24154095286803,3918.52817434581,2.41405702,14.81379414,7.93076393123348,8.273726561852925
THA,2008,5.46848949649845,4309.13509292986,2.60726309,14.7017622,8.13020227845735,8.368724526673832
THA,2009,-0.845716092316721,4135.43986952819,2.64681911,15.90248966,8.34055185267174,8.327590761966666
THA,2010,3.24758842443723,4973.86288823778,2.50096011,14.4973793,8.57760701557125,8.512153089059694
THA,2011,3.80879058139634,5373.6232832898,2.72706866,13.00871277,8.8465244094501,8.589443763709863
THA,2012,3.01489950334985,5725.52802835463,2.68024039,13.42186832,9.15237777330172,8.652864697325859
THA,2013,2.18488618530687,6018.08244729255,2.62275028,12.54023266,9.50238115795486,8.702690109292892
THA,2014,1.8951418189878,5801.1978916205,2.78856063,12.85608101,9.89422316519326,8.665992071583414
THA,2015,-0.900424963291569,5688.85335397884,2.74870157,11.91061687,10.3239727428364,8.64643975420106
THA,2016,0.188149704448143,5833.57715617098,2.85139871,10.8130331,10.7814783921017,8.671557075286067
THA,2017,0.665631893135106,6413.09182530343,2.7754643,11.83790398,11.2659962515276,8.766252696537187
THA,2018,1.06389754183024,7099.77650081458,2.74278641,10.11109638,11.7833301811334,8.86795942336126
THA,2019,0.706728601314311,7605.69657797759,2.71524906,8.66960335,12.3287535151114,8.93678426698969
THA,2020,-0.845937147357041,6985.64393892574,3.06593847,10.54276752,12.8979852852991,8.851755596745225
THA,2021,1.23039541318384,7057.20754802279,3.62646127,9.04449558,13.4920297885888,8.861946409870136
THA,2022,-1.61068030486688,6909.35281815827,3.8927443,9.21155357,14.0967841661394,8.840775974526013
THA,2023,8.47805174421543,7195.10130919449,3.5342176,9.93404865,14.7182560815403,8.881294673514192
THA,2024,1.36580540798037,7346.62022142185,,,15.3627543814492,8.902131760380628
TJK,2000,,136.925716400723,0.88544548,79.15172577,3.61844185805433,4.92671525327749
TJK,2001,38.59188944886,168.676285365186,0.8757962,76.52173615,3.61847757670573,5.1338924180152965
TJK,2002,12.2499847845885,186.951638285222,0.80717486,78.16711426,3.62013139367595,5.236184686573538
TJK,2003,16.3034912049491,233.58124845289,0.76923078,73.30263519,3.62386096124171,5.457802003156484
TJK,2004,7.14196508692253,305.745158587502,0.89477104,71.73569489,3.62582010151907,5.72601730054064
TJK,2005,7.09193244083773,333.927150941684,0.98875159,66.09986115,3.6146590486445,5.813913048301669
TJK,2006,10.0108651886461,401.018403316427,0.93615186,68.79291534,3.58085184177861,5.9964978669652735
TJK,2007,13.1491247062982,516.997210618914,1.07746482,70.61388397,3.51605797641316,6.249969857339413
TJK,2008,20.4705219109964,703.327375898643,1.36975408,68.58421326,3.4185843977225,6.557243270651849
TJK,2009,6.44823481066697,664.795655734657,1.08422637,69.63989258,3.30173439266885,6.500982800239279
TJK,2010,6.44531440780658,737.338883219356,1.18032789,70.43351746,3.18537669296584,6.604402910558527
TJK,2011,12.4315490430406,833.601978202852,1.30533111,62.54403687,3.08658940235486,6.7269549383953
TJK,2012,5.83116601031462,952.452819695469,1.60808611,63.93601608,3.01205352976086,6.860089942636868
TJK,2013,5.00964645344951,1028.19704279396,1.90030849,61.91825485,2.96639530343208,6.936534207097942
TJK,2014,6.10442765129667,1081.54402932039,2.07762313,62.18501282,2.94940913070147,6.987069132786572
TJK,2015,5.7145594964971,956.916310930656,2.04495692,62.57888794,2.95521434917814,6.864760416044956
TJK,2016,6.00458082322139,788.710481734485,1.98977911,66.00267029,2.98491444094617,6.671666399474186
TJK,2017,,829.45714764957,1.98792565,63.15241241,3.03561676461647,6.721976329467532
TJK,2018,,834.288404578801,1.89692557,68.41996002,3.10246232728538,6.727777059920987
TJK,2019,,871.022372934846,1.89777529,71.2230072,3.18626005591206,6.770815080615217
TJK,2020,,834.311715460625,2.1510756,67.958992,3.26006644264741,6.727804967116186
TJK,2021,,896.748053372182,1.94076729,65.13356018,3.33981193867687,6.799889464763192
TJK,2022,,1052.17949484894,1.78677893,65.18047333,3.47287654894973,6.959568958052582
TJK,2023,,1178.47990060249,1.90488744,62.36102676,3.65005635094848,7.07282885809422
TJK,2024,,1341.20229027672,,,3.85166927070363,7.202067044082927
TLS,2000,,492.457637913906,,,2.36965298058753,6.201437015095663
TLS,2001,,587.700634429079,,,2.4217943019936,6.3779177937117035
TLS,2002,,533.982465942154,,,2.47736898409104,6.28223397241903
TLS,2003,7.16515891441839,534.901171348385,1.30327332,40.93309021,2.53785265752513,6.283949762257671
TLS,2004,3.23751394003321,474.420726695663,1.67137599,34.59072113,2.60452881040692,6.164200152410003
TLS,2005,1.11167400387198,487.464506929223,2.12407804,33.20261765,2.75526844846704,6.191266811584671
TLS,2006,3.93616259929866,464.667016791076,2.39656949,22.01938629,3.00128917045619,6.143470822466328
TLS,2007,10.3009020174895,540.154630518785,0.96646351,18.25991249,3.28712922521791,6.2937050615164924
TLS,2008,9.06423621948942,628.153191495026,3.39832354,11.52039433,3.62663988194836,6.444374774734363
TLS,2009,0.669681185965433,686.579329690731,3.24565578,8.84477043,4.03010251402083,6.533177211525032
TLS,2010,6.76597680236481,813.060220670369,3.28824806,11.56462669,4.42674541189356,6.702034344433598
TLS,2011,13.499840238577,939.045238884406,3.56822348,9.9248476,4.69862615772277,6.84592800057878
TLS,2012,11.8003096701544,1022.61906675901,4.14897776,9.49340153,4.87044942879675,6.93109973127023
TLS,2013,11.0849085109954,1204.56843320518,4.44555855,6.96823168,5.0146069500602,7.094706463496682
TLS,2014,0.726275016139465,1224.74956308733,4.12430954,7.90607214,5.13882901607449,7.111307824086107
TLS,2015,0.552796026277853,1319.59295003154,4.41761017,7.35929489,5.26079519123017,7.185836119287597
TLS,2016,-1.33853876185163,1335.54391073349,3.44634151,7.90464401,5.38991941376434,7.197842390058706
TLS,2017,0.557215537430361,1266.17771143471,4.49020767,8.34491539,5.49459416490973,7.144547432075544
TLS,2018,2.63647201015892,1219.46599728983,3.95292592,10.1566391,5.54947298463352,7.106988029788909
TLS,2019,0.958812739703141,1562.36458068032,2.87948847,10.48759174,5.56015264294518,7.35459556021446
TLS,2020,0.495499215459571,1630.86938521256,4.01566982,6.68425894,5.53563638269497,7.39748149875046
TLS,2021,3.69792094666786,2684.92676774277,3.12096453,5.89094496,5.48117841243695,7.895781112282153
TLS,2022,7.00530945399787,2343.24954740187,5.357265,5.47948503,5.40526131868541,7.759720607232368
TLS,2023,8.42035103310377,1502.41147438211,7.4576478,6.99333382,5.33415782576722,7.315492121002463
TLS,2024,2.06284153005468,1331.9705130185,,,5.2777020186515,7.195165199167724
TON,2000,6.32763551411155,1995.07667546271,2.30323911,14.48639488,5.40137810133671,7.598938870694065
TON,2001,8.2902831885033,1753.51667576626,2.44649458,12.057827,5.44881569584223,7.469948699547073
TON,2002,10.3590607918507,1759.4805324576,2.59221506,12.37388992,5.4961082470505,7.473342080571798
TON,2003,11.6386219580735,1936.04104012389,2.4231987,12.78207302,5.54880150099556,7.568916850649705
TON,2004,10.9734053679554,2195.44890047673,2.45591736,9.97274303,5.61191955915524,7.694597199078174
TON,2005,8.66569221131751,2477.72620144825,2.61161542,10.64437962,5.66569825212215,7.815500078758465
TON,2006,6.14911606456575,2750.34778600857,2.85051656,7.91320801,5.69960377589339,7.919846174601993
TON,2007,5.84224874901387,2797.06560109144,3.18001747,9.83129501,5.72634597005416,7.936683600658743
TON,2008,10.4469875128222,3218.45303993196,2.89580131,7.46881771,5.74238460100916,8.07696676073487
TON,2009,1.42685972070534,2914.23774004564,3.04270864,11.39478874,5.73913854620928,7.977706652936026
TON,2010,3.53491239189831,3416.08356601207,2.85781646,8.50191402,5.76957993286747,8.136542707775298
TON,2011,6.27075302995691,3849.99375750134,2.74445701,7.70251465,5.85481944231404,8.256086512806412
TON,2012,1.14753853706055,4384.17058724217,2.7870214,4.66766977,5.93572462183427,8.385983806499356
TON,2013,0.77562932236742,4219.24670113014,2.77536654,8.85630798,5.98538441782821,8.347648865304784
TON,2014,2.51087633253706,4136.59013792529,2.8828485,7.19022322,5.99714845838531,8.327868805049293
TON,2015,-1.05399831971283,4123.90323993332,2.76189899,7.91038179,6.0082944530845,8.3247978415078
TON,2016,2.57815515245081,3987.98626206287,2.98697019,6.88891935,6.02896023653387,8.291292407944317
TON,2017,7.51706283551115,4365.92932788383,2.90944481,6.28506422,6.06850140714059,8.381815370135886
TON,2018,5.03209691984874,4675.04791274385,3.19946599,6.09108639,6.14636271923385,8.450208569062957
TON,2019,1.17954334821808,4788.83342304684,2.99766731,6.24760962,6.23547949029758,8.474250913818391
TON,2020,-0.349737696727496,4792.35854741522,2.98630214,6.10680628,6.3351733859333,8.474986602832708
TON,2021,5.64051140636751,4922.80171378368,3.28024626,5.08750153,6.42196616724887,8.501836217156324
TON,2022,10.9713652903022,5298.01941509951,3.8381629,3.92435098,6.50073304011729,8.575277066403677
TON,2023,6.35112980255189,5651.59373063157,3.40475059,5.86377478,6.60245225746313,8.639869786169719
TON,2024,3.230563002681,,,,6.71559051792408,
TTO,2000,3.55541319666877,6178.58975559687,1.56699646,57.34558868,4.90898255724747,8.729007165658812
TTO,2001,5.536653263223,6657.41466937221,1.74266553,51.31262207,4.96327232044853,8.80363669756718
TTO,2002,4.1500586166472,6762.93080808096,1.96599579,52.28602982,5.02627419228302,8.819359480528089
TTO,2003,3.8111062439687,8445.04653518298,1.90437138,48.58372498,5.1021524834178,9.041453745209113
TTO,2004,3.72154938995965,9871.03419820086,1.85756683,52.94176102,5.19217618814015,9.19746121030052
TTO,2005,6.87453459583516,12346.4373094075,2.14629865,46.24819565,5.29927305849074,9.421203815212785
TTO,2006,8.32960351465347,14152.6607422113,1.86406863,49.32506561,5.42743862138606,9.557728579308712
TTO,2007,7.89438834757299,16606.675360681,1.91819596,49.28312302,5.58084162134034,9.717620238609406
TTO,2008,12.0303445477177,21298.9945258063,1.74781442,46.72016144,5.76301969740202,9.966462094693085
TTO,2009,6.97808725251547,14634.0565003912,2.61162758,47.51119995,5.97655207620285,9.591175059753395
TTO,2010,10.5492003179988,16815.424737361,2.44673586,46.56803513,6.22267703406906,9.730111350728357
TTO,2011,5.1071328926456,19151.0870229722,2.35490894,44.81612396,6.50398607008114,9.860166971593415
TTO,2012,9.26028137068292,20332.1389531925,2.25893903,44.68572998,6.82304359068791,9.920007294762588
TTO,2013,5.19981740465611,21304.9777496628,2.47376657,43.17301941,7.18056734385585,9.966742957848004
TTO,2014,5.68441814595659,21908.3014555644,2.4501431,42.83146667,7.57604064085554,9.99466654963326
TTO,2015,4.66121598098264,19887.2327716498,2.90972495,41.30602264,8.0072712591796,9.897883517807593
TTO,2016,3.07066742464024,17449.1538801956,3.24490404,43.11694717,8.46355598298152,9.767103745941009
TTO,2017,1.88038440183532,17566.0999700656,3.43325257,40.80586243,8.93160783125257,9.77378311178478
TTO,2018,1.01856930188822,17571.498737278,3.22142673,44.8896904,9.34493513682419,9.774090387192212
TTO,2019,1.00054293027237,17212.6128892163,3.17576575,46.91285706,9.84595533418547,9.753455796819942
TTO,2020,0.598986330824643,15283.6270531554,3.44541454,46.47357941,10.4441624322639,9.634602834495393
TTO,2021,2.05922746915458,17712.5674104655,3.36165905,46.74436951,10.9155131938691,9.782086145300505
TTO,2022,5.82838638517959,20750.5202434652,3.02066517,48.20251465,11.3581160508757,9.940374787720424
TTO,2023,4.62930242419968,18308.4536298575,3.64105821,45.27397919,11.8539588437937,9.815172797237398
TTO,2024,0.526884625776839,18733.4110406494,,,12.3783519031106,9.83811727441924
TUN,2000,2.96230794738605,2199.04465936314,2.53482223,38.62985992,5.48804956264176,7.696232938850889
TUN,2001,1.98333333333337,2235.71981624751,2.53689337,39.44773865,5.64496661618376,7.712765703868122
TUN,2002,2.72103284850455,2320.7723805785,2.65054178,40.20476532,5.78469240708697,7.750086130139538
TUN,2003,2.71259247474352,2725.8643148859,2.67794108,40.89640045,5.91562022917438,7.910907625423587
TUN,2004,3.63228004956625,3067.41936376975,2.65803766,41.51860428,6.03902868761793,8.028917842771053
TUN,2005,2.01778641357144,3146.8260743927,2.61502051,42.11570358,6.15005793248434,8.054467358453389
TUN,2006,3.22525337438917,3322.56933570096,2.68162847,42.67474365,6.24231013462641,8.108794585517959
TUN,2007,2.96694432477349,3726.91672935667,2.76273274,42.86813354,6.31748031511145,8.22360483901006
TUN,2008,4.34502807623045,4255.05008019523,2.80299711,42.79279327,6.38218054594511,8.356096797915415
TUN,2009,3.66490330642919,4080.09032448781,2.97510505,42.52130127,6.44150859656338,8.314119468090993
TUN,2010,3.33897963601069,4291.86120891575,3.12751889,42.10583115,6.50045327968285,8.364708738075986
TUN,2011,3.24002842009531,4420.64772206537,3.45419288,41.58300018,6.56141071742785,8.394267693401233
TUN,2012,4.6118443220664,4297.26782454273,3.58298373,40.97820663,6.62724729626878,8.365967389021558
TUN,2013,5.31623531326689,4369.79345826358,3.8491714,39.06398773,6.70197324644508,8.382699841004609
TUN,2014,4.62555099534031,4458.97895464547,3.7496531,38.00471115,6.80776914692972,8.402899326313621
TUN,2015,4.437371273215,4014.94773686432,3.34255123,39.67178345,6.96910280274163,8.298028647557881
TUN,2016,3.62939937384381,3847.80354448809,3.40580177,39.75572586,7.16166955374354,8.25551761131812
TUN,2017,5.30884839565844,3619.03247319953,3.32102466,40.51967239,7.37113523511462,8.19423827527669
TUN,2018,7.30759176031652,3628.10366464236,3.09321761,41.91517639,7.62598609691059,8.196740972427115
TUN,2019,6.72007532863799,3528.87213306798,3.56713367,35.57650757,7.94574369640089,8.169016926344359
TUN,2020,5.63415115897625,3548.65363663803,4.31212521,33.44130325,8.28177534147365,8.17460531056526
TUN,2021,5.706350208307,3906.93926319391,4.1127286,37.21665955,8.55788701156501,8.270765471382205
TUN,2022,8.30646124447623,3707.29283414381,3.9555614,36.28980255,8.83897616977039,8.218326897176937
TUN,2023,9.32899597507865,3951.11683376921,4.3189435,37.93983841,9.16627453571107,8.282006621631487
TUN,2024,7.20661657168794,4181.13789301228,,,9.52962134652384,8.338577852427354
TUR,2000,54.9153705812683,4199.3798635759,2.83683038,28.60040474,5.81220499143906,8.342930243890223
TUR,2001,54.4001887619074,3052.2256706793,3.28714538,23.43206978,5.97272602447081,8.023953907683842
TUR,2002,44.964120947985,3591.08628982587,3.54229712,20.32076836,6.13523624000076,8.18648845191358
TUR,2003,21.6024384490573,4649.63668068586,3.57052255,18.93056297,6.29927252555163,8.44475940978624
TUR,2004,8.59826168115262,5979.6054216148,3.52044296,20.18101692,6.4644909232724,8.696277082892856
TUR,2005,8.17916036802008,7331.85429430255,3.31541967,24.17697906,6.62991980916537,8.900120118034472
TUR,2006,9.59724212288446,7990.08251407245,3.54304099,23.6489296,6.7938571710603,8.986081513196817
TUR,2007,8.75618090972632,9766.91734545294,3.60262251,23.88428879,6.95365830609516,9.186858553987022
TUR,2008,10.4441283764885,10913.4079047769,3.79284501,19.18195724,7.06032056233042,9.297839021500481
TUR,2009,6.25097663090626,9076.92472236977,4.42291498,14.5079031,7.1215356720268,9.113600890667618
TUR,2010,8.56644420552976,10698.9699409757,3.91593647,16.87221718,7.19502518236352,9.277996211191445
TUR,2011,6.471879671151,11373.6355760885,3.68182659,15.89518452,7.2676052641128,9.339141206039002
TUR,2012,8.89156996512163,11776.7593362033,3.51873088,15.9315958,7.3408379701805,9.3739682299627
TUR,2013,7.49309030547693,12635.5570016068,3.42470455,16.92680168,7.43312133781708,9.44434924148281
TUR,2014,8.85457271364316,12209.3862327674,3.35657501,17.72542191,7.52518633862966,9.410042199099736
TUR,2015,7.67085364845885,11064.6494504662,3.21666884,16.94873238,7.61843212730696,9.311600944885285
TUR,2016,7.7751341532833,10984.3643169061,3.36101246,16.46614456,7.75965087531105,9.304319149212425
TUR,2017,11.1443110840764,10756.3877677883,3.24810481,17.38420105,7.94642994912766,9.283348031731379
TUR,2018,16.3324638988929,9684.11819884721,3.18893552,17.49141884,8.17189463389264,9.17834578008745
TUR,2019,15.1768215720022,9395.23378001368,3.38672566,17.04763412,8.52263227141434,9.148064226271078
TUR,2020,12.2789574462574,8798.11791709313,3.63981962,16.43061447,8.96386441657962,9.082406758748302
TUR,2021,19.5964926913324,9981.76398411336,3.59388018,16.27120399,9.38495985854274,9.208615283277265
TUR,2022,72.3088359891207,10897.8397861365,2.78341818,19.47843933,9.71952040624191,9.29641162091307
TUR,2023,53.8594087593315,13375.0947282864,3.24591351,19.04723167,10.0010276668343,9.501224417258616
TUR,2024,58.5064507300342,15892.7157287241,,,10.2841810756946,9.673679072894355
TZA,2000,5.92396109637479,401.698150634766,0.74586421,38.47019196,2.79254270965659,5.998187275432575
TZA,2001,5.14746800222618,396.638732910156,1.08908296,40.90833664,2.77342805685013,5.985543886813759
TZA,2002,5.31783366118203,402.649047851563,1.33213437,42.51955414,2.76032535758296,6.000545806991625
TZA,2003,5.30356621509782,422.18359375,1.49158525,40.01274109,2.74891003680147,6.047806112661245
TZA,2004,4.73580143949058,450.385284423828,1.96674848,37.37134552,2.7386895270422,6.112321263993448
TZA,2005,5.03457009267163,483.334869384766,2.31116962,33.71459198,2.73058783306939,6.182776546372917
TZA,2006,7.25097262082546,475.746734619141,2.37998843,25.77189636,2.72752117963308,6.166985395205139
TZA,2007,7.02551436974771,543.198303222656,1.94105673,28.474226,2.73174128110519,6.299313708414583
TZA,2008,10.2783937621135,675.977233886719,2.25783944,32.58509827,2.74595022194593,6.517637644409944
TZA,2009,12.1422278742988,693.823547363281,1.48484647,34.64831161,2.77438124687292,6.543657924643677
TZA,2010,6.20015595647403,736.530151367188,1.4499774,31.89402771,2.80859133142066,6.603306970588026
TZA,2011,12.6909694699162,775.392761230469,1.28681624,27.95462036,2.84310883527901,6.65465852774607
TZA,2012,16.0010938506338,861.969909667969,1.17573333,24.69026947,2.88114154309596,6.760379823346899
TZA,2013,7.87072364573959,963.05712890625,1.18517053,24.09046745,2.91360653780026,6.8711505552054835
TZA,2014,6.13161432988012,1022.74841308594,1.19945395,25.98152733,2.93573510697886,6.931226085066874
TZA,2015,5.58816952959298,939.127319335938,1.25726104,25.82907295,2.94766271335005,6.846015312194116
TZA,2016,5.17476629301493,953.0107421875,1.61013722,21.89363289,2.95556650523252,6.860674931539504
TZA,2017,5.31871605228931,986.674011230469,1.55679071,21.26472855,2.96645421288993,6.895352695155703
TZA,2018,3.49445848856181,1023.10626220703,1.62666011,20.79366684,2.982650016663,6.931575571902097
TZA,2019,3.46428057999021,1063.32250976563,1.6312809,21.82167053,3.00234097600619,6.970093734654811
TZA,2020,3.29029062798325,1117.41528320313,0.86159378,29.03387642,3.01899055886357,7.019668036625028
TZA,2021,3.69091958802199,1159.85656738281,0.94497848,25.44184875,3.02778931323895,7.056913431759978
TZA,2022,4.35027204269101,1207.52062988281,0.98185784,27.96630096,3.03504980952398,7.097152270649727
TZA,2023,3.79923291384916,1224.00219726563,0.96664101,27.93128014,3.04319999848689,7.110697916663447
TZA,2024,3.05694676312373,1186.71691894531,,,3.04500104922455,7.079788187812446
UGA,2000,3.39202158512998,258.050338731086,1.26869214,43.03128052,2.59212338256219,5.557022400849543
UGA,2001,1.86512524084773,236.021188853993,1.35010099,43.39068985,2.52584537447765,5.46814954158602
UGA,2002,-0.287508511765196,241.984688408335,1.46629059,44.01206207,2.45775935098561,5.492998430690005
UGA,2003,8.68047651566884,250.71543664681,1.47303784,45.41866302,2.38850196667259,5.528299229807016
UGA,2004,3.72128743978228,292.38185796262,1.36708832,38.37801743,2.31906738161223,5.681475029995525
UGA,2005,8.44872642299532,330.405402707025,1.03255773,48.59907532,2.25065442051541,5.803342407536174
UGA,2006,7.31067613561864,346.518255310647,0.98067528,54.05342484,2.18428465496297,5.850817196893072
UGA,2007,6.1385108328505,401.389130865581,1.03115988,54.4838562,2.12067032176935,5.997419607649313
UGA,2008,12.0508555482886,472.842681495852,0.93871653,52.74209213,2.06061631060246,6.160875371027178
UGA,2009,13.0172561889185,798.947089938247,0.82681918,42.84917831,2.00757517586558,6.68454558790355
UGA,2010,3.97655288478168,823.488144282,1.09722447,37.39066696,1.9638924340912,6.714762762614281
UGA,2011,16.5643496174515,835.620060555838,0.90863341,33.01004791,1.92993197463488,6.729370037391231
UGA,2012,12.6790377224659,795.222867553127,0.9248504,37.51226807,1.90808647267287,6.679879131019301
UGA,2013,4.90520875694557,818.285427416713,0.97432142,42.51777649,1.90167020771009,6.708432530362846
UGA,2014,3.07570668958641,896.054795546394,0.95077145,40.14643478,1.91343232907517,6.799116947758684
UGA,2015,5.58968606251725,862.934610355811,0.75713688,39.4708519,1.93508400842168,6.761497083481442
UGA,2016,5.70637504616212,752.696571725656,0.78636652,40.60963821,1.95859435278379,6.624989862246345
UGA,2017,5.20971705914209,765.218332297361,0.63865817,38.08950424,1.98361700367381,6.641467158236338
UGA,2018,2.61601190952274,792.16570022814,0.67459893,35.62893295,2.00923927155456,6.676032153436512
UGA,2019,2.867588034469,822.171150036357,0.57344079,38.26028442,2.0364020510638,6.713164137788554
UGA,2020,3.31332289544502,845.766463890124,1.19107807,29.9383831,2.06185944995015,6.7414249351346305
UGA,2021,2.20457204757414,882.791717542504,1.14727044,27.35579681,2.08577565298721,6.784221421236688
UGA,2022,7.1957888597581,963.067314117178,0.98358905,33.84023285,2.11520498203448,6.871161120095073
UGA,2023,5.35094804280395,1002.30913917142,0.92339057,32.17179489,2.15058279399148,6.911058955001432
UGA,2024,3.3233806708656,1077.91278452817,,,2.18856638123782,6.983709132082204
UKR,2000,28.2030972388552,653.294311523438,2.51132536,48.39265442,13.4141415099403,6.483557267849574
UKR,2001,11.9588085390459,800.49072265625,2.80008173,47.16529846,13.6543827368462,6.686473397006011
UKR,2002,0.75742084639286,903.011901855469,3.07087588,45.11745834,14.1051335632325,6.806842526074832
UKR,2003,5.17967781908315,1076.48156738281,3.64921927,41.02519226,14.6295552184723,6.98238171499428
UKR,2004,9.04806786050888,1401.01806640625,3.40481019,41.40994263,15.0687408591833,7.245667953678592
UKR,2005,13.5695764909248,1875.33508300781,3.72637868,37.95809555,15.3340711202366,7.537075729292094
UKR,2006,9.05252491133248,2366.494140625,3.8776598,36.13279724,15.5010614770676,7.769587350136368
UKR,2007,12.8387796190181,3160.32763671875,3.56262231,36.4568634,15.6270033073682,8.058747356549752
UKR,2008,25.226461707384,4017.806640625,3.1923337,37.78808594,15.441401782054,8.29874028197681
UKR,2009,15.8811924594476,2607.08764648438,3.85025716,37.39500427,15.1601627505958,7.8663725292626685
UKR,2010,9.37293105078978,3039.63232421875,3.68650508,41.84223938,14.8995148689343,8.019820774158724
UKR,2011,7.95572466274652,3656.69799804688,3.42423868,46.30967712,14.6211182083834,8.204589266233386
UKR,2012,0.568727971803862,3951.34228515625,3.74169087,43.93354416,14.6092367860364,8.282063665733736
UKR,2013,-0.238948626045407,4129.89697265625,3.3410418,48.15446091,14.6216406939142,8.326249847036435
UKR,2014,12.0718562874251,3054.908203125,3.45616627,48.13210297,14.7632446398985,8.024832111590817
UKR,2015,48.6998646434424,2094.47387695313,3.68844223,48.23913574,15.1544965833274,7.6475350010278795
UKR,2016,13.9127101997797,2158.46118164063,3.64566922,48.35792542,15.5292217574425,7.677614016615497
UKR,2017,14.4383227488749,2604.28759765625,3.51985121,49.17758942,15.9568665329263,7.865298350264902
UKR,2018,10.9518559353178,3059.0517578125,3.50151348,50.65900421,16.3479433378029,8.026187109121192
UKR,2019,7.88671745611133,3619.86157226563,3.17738771,51.11891937,16.7162998851047,8.1944672798898
UKR,2020,2.73249209419427,3709.76928710938,3.72709227,47.86013412,17.0963250246931,8.218994489122407
UKR,2021,9.36313917695223,4775.94580078125,4.27551651,45.29367447,17.3880676697975,8.471556667456065
UKR,2022,20.1836366617478,4199.6708984375,,,17.8569387445167,8.342999529237963
UKR,2023,12.8490222828559,5139.59814453125,,,18.5575345907943,8.544924722210057
UKR,2024,6.50198464669254,5389.47314453125,,,18.9624484896371,8.592388441967179
URY,2000,4.76382472733251,6987.70098766257,3.81055403,25.16670609,13.0628146138341,8.852049979282826
URY,2001,4.3593406521727,6382.76104740859,4.38128328,24.06306839,13.1940994758649,8.761512708511926
URY,2002,13.9724725913515,4149.76140312687,4.62101603,21.69647217,13.3263583619522,8.331047067029047
URY,2003,19.3797301743995,3671.12329256883,5.01494408,21.3585186,13.4452908186247,8.20852532758434
URY,2004,9.15760507540997,4168.66065438387,4.32407045,24.29566574,13.5532290279374,8.335589933635896
URY,2005,4.6992773903564,5284.25677987129,3.48937511,25.94186974,13.6687553697443,8.572676483665449
URY,2006,6.39764974385131,6001.33294783172,3.67667699,23.76896477,13.7869920609672,8.699903497276102
URY,2007,8.11464561179313,7222.05403645877,3.62133288,23.36310577,13.8922250184172,8.885033139188414
URY,2008,7.87707374730888,9423.96562595893,4.55632162,21.29285431,13.9909044865093,9.15111736519645
URY,2009,7.06221874388574,9881.39573127081,4.6968317,20.75167656,14.0896277473943,9.198510244269828
URY,2010,6.69870886978132,12641.0576849008,4.72670984,20.47283554,14.1874838033135,9.444784445978708
URY,2011,8.0928320630299,15132.2675725587,4.86718798,19.43045425,14.2761663562355,9.624650749926252
URY,2012,8.09776580573602,16259.5940814256,5.15904379,18.46465111,14.3644797132339,9.696499918807403
URY,2013,8.57513504005397,18335.2594772322,5.37133551,17.69369507,14.4509058429689,9.81663577065955
URY,2014,8.87735333229828,18322.4276767157,5.47611523,17.09544182,14.5300028945268,9.815935720984458
URY,2015,8.66626987079328,17125.9016800298,5.64815187,16.92112732,14.6098431213382,9.748405703974203
URY,2016,9.6394134763508,17009.7584207276,6.00605679,16.43923569,14.6975112768004,9.74160127115242
URY,2017,6.2180938256186,19184.6502617082,6.0405345,16.49806786,14.8089200405792,9.861917896383861
URY,2018,7.60653360377047,19249.9404677501,6.15175676,16.24662781,14.9558820150277,9.865315193990078
URY,2019,7.88198870879619,18315.7316980028,6.1543541,15.46145821,15.1266239266362,9.815570221548773
URY,2020,9.75640636078194,15757.5355995779,6.50547266,16.74065208,15.3258430205874,9.665137440286141
URY,2021,7.74791402314762,17881.818721099,6.54937553,15.81417942,15.4839800871112,9.79159568289649
URY,2022,9.10437983075437,20818.6146091144,6.28247643,16.32697678,15.6134055931249,9.943650831388338
URY,2023,5.86910359896119,23019.4221560046,6.52589464,17.09811211,15.8128179067764,10.044137020769956
URY,2024,4.84914366613156,23906.5133029408,,,16.0451929855644,10.081948052657332
USA,2000,3.37685727149929,36329.9560727102,5.54275799,15.11737442,12.1858169904893,10.500425441211126
USA,2001,2.82617111885407,37133.623113437,5.96832943,14.41595078,12.1410204340048,10.522305050959044
USA,2002,1.58603162650601,37997.7596573051,6.32602119,14.32717609,12.113268087791,10.545308797578572
USA,2003,2.27009497336115,39490.2749557007,6.52382708,14.1500597,12.103110972241,10.583835039292593
USA,2004,2.67723669309172,41724.6316287624,6.60953903,13.973526,12.1109989202413,10.6388708863127
USA,2005,3.3927468454955,44123.4070679055,6.63018513,13.9126749,12.1307281353119,10.694768356590764
USA,2006,3.22594410070404,46302.0008800056,6.81126356,13.67793274,12.1840000918956,10.742962051797015
USA,2007,2.85267248150138,48050.2237771135,6.91318035,13.59674549,12.310107950036,10.780022882900617
USA,2008,3.839100296651,48570.0459804586,7.22217178,13.35935974,12.4866608131465,10.790782870633096
USA,2009,-0.355546266299747,47194.9433547336,7.87214708,12.64764786,12.6710930384686,10.7620632220058
USA,2010,1.6400434423899,48642.6100179312,7.93023777,12.36788654,12.8447616637143,10.792275733004598
USA,2011,3.156841568622,50024.868799398,7.93057156,12.32011318,13.0663304653738,10.820295526605433
USA,2012,2.06933726526067,51708.4011556577,7.87408161,12.33532524,13.3766080380696,10.8533948845005
USA,2013,1.46483265562717,53179.0127634561,7.89930439,12.28278923,13.7011927174869,10.881437904801798
USA,2014,1.62222297740817,54973.4207515712,8.19843483,11.9760685,14.0089266008532,10.914623278788483
USA,2015,0.118627135552451,56572.9188996063,8.43071175,11.75374031,14.3102247136795,10.943303361165047
USA,2016,1.26158320570536,57638.1018367192,8.55800343,11.62600517,14.6147285118987,10.961956467700576
USA,2017,2.13011000365961,59635.0984397965,8.53016281,11.34881878,14.9391233929999,10.996016348224313
USA,2018,2.44258329692817,62499.8744390068,8.5214138,11.32081032,15.2914866245804,11.042935826650728
USA,2019,1.81221007526021,64746.4506778863,8.59688473,11.30872917,15.6728852475003,11.0782496070166
USA,2020,1.23358439630629,63515.9491807833,10.54044342,10.06959915,16.0719119439363,11.059062065497791
USA,2021,4.69785886363742,70205.050916026,9.62210751,10.72964573,16.4737700238047,11.15918978168428
USA,2022,8.00279982052121,76657.2488844403,9.11976719,10.96877766,16.9196203896458,11.2471124960496
USA,2023,4.11633838374488,81032.262117545,9.00711727,10.92723846,17.4318194823539,11.30261499279012
USA,2024,2.94952520485207,84534.0407841548,,,17.9287302134033,11.344921411223837
UZB,2000,,555.149231099186,2.00684047,60.58262634,4.62465397007942,6.321036659494937
UZB,2001,,454.415812256778,2.03427196,60.84382248,4.72033744538349,6.121210874714993
UZB,2002,,381.409296889283,1.93376124,62.07057571,4.81945270861341,5.946491492830678
UZB,2003,,394.164028897235,1.89574766,59.28883362,4.91084470037037,5.979300941734267
UZB,2004,,462.171492867885,1.80486059,59.55812836,4.97370276245853,6.138097380469988
UZB,2005,,542.835808692209,1.81541967,57.62801743,4.99995361758991,6.298647379041469
UZB,2006,,649.118167003925,1.9279021,56.89520645,4.99799365471651,6.477154141757557
UZB,2007,,824.028192334768,1.79759741,58.1313591,4.97107993172406,6.715417558277805
UZB,2008,,1074.72928796701,1.91604054,57.3164978,4.92288270994912,6.98075411795865
UZB,2009,,1205.7993547038,1.9971329,56.41966629,4.86205314490647,7.0957269725679915
UZB,2010,,1753.20730243278,2.12282252,58.04501724,4.79886275765416,7.469772354336561
UZB,2011,13.7797446476602,2087.86386135694,2.08887649,58.18222427,4.74186666776763,7.644375590144751
UZB,2012,13.2088026688373,2307.34649117185,2.33609509,56.24570847,4.69778913558698,7.744286742517834
UZB,2013,11.8414333622049,2461.97947403595,2.40117002,56.05225754,4.67240937603925,7.809127064361066
UZB,2014,9.28309356162695,2674.9628382103,2.31306577,45.40990829,4.67172948966819,7.8920645340852875
UZB,2015,8.75188196737508,2803.19018021751,2.35756874,48.41368866,4.72878830124081,7.938870070468443
UZB,2016,8.130886695236,2753.37951427589,2.05541873,54.65854645,4.83118545859416,7.920947474542361
UZB,2017,13.8757425441635,2190.60411562888,1.7881006,56.68790817,4.94336473656492,7.6923890275731015
UZB,2018,17.5241796514055,1813.08530813664,1.73769212,60.34236145,5.06720768957552,7.503336657208038
UZB,2019,14.5257359560687,2041.38480729431,2.01079655,57.68497086,5.19811024525901,7.621873427246214
UZB,2020,12.8677297362606,1978.28051860763,2.80912924,53.11314392,5.30865465314325,7.5904886832115
UZB,2021,10.8492397508122,2258.51964119278,2.71542764,60.31319046,5.41000605498317,7.722907521529986
UZB,2022,11.4466436998836,2578.66689394219,2.23423076,65.53957367,5.54495683192361,7.855415558705016
UZB,2023,9.95659071258018,2878.96879292451,2.38440657,64.05923462,5.69504099692623,7.9655347372811836
UZB,2024,9.62825465956682,3161.70010632875,,,5.86451589287555,8.059181405762473
VCT,2000,0.167679637488279,3768.95536604022,2.78348827,27.27936745,7.02584878242107,8.234818441125347
VCT,2001,0.9008584858665,4071.08601098962,2.74391198,28.61110878,7.13385785147267,8.311910680548936
VCT,2002,1.85550399046655,4303.27976789727,2.79881167,28.45888138,7.24239389835593,8.36736510156396
VCT,2003,0.205981708824254,4499.61454193342,2.63181949,30.43560791,7.35804280480637,8.41196923130837
VCT,2004,2.96003946719286,4873.48947742443,2.47157788,32.7504158,7.48131112381408,8.491770655368551
VCT,2005,3.7334291646702,5157.39373878102,2.40620852,33.55260849,7.61675240885909,8.548380519080618
VCT,2006,2.74067516070673,5744.8278621257,2.17451024,34.94708633,7.76465441819773,8.65622928122862
VCT,2007,7.23614701584807,6398.19123532172,2.135355,35.81621552,7.91032129936386,8.763926891881486
VCT,2008,10.0662418245849,6598.90531450859,2.31205726,34.43722916,8.05739066996312,8.79481058162503
VCT,2009,0.421539125687215,6463.78777336717,2.5003233,33.37075806,8.23650776414377,8.774125463655102
VCT,2010,0.747109026311474,6551.96835992405,2.54869199,32.23464203,8.46864953596129,8.787673410693344
VCT,2011,3.1860311155246,6527.68996854448,2.39791298,32.65782547,8.74177515009351,8.783961584769614
VCT,2012,2.59844414147101,6713.80768643865,2.77147985,31.8572464,8.96487347738319,8.81207046914866
VCT,2013,0.805127804267928,7072.46737188939,2.6729424,32.12154007,9.13159878115882,8.864106073163304
VCT,2014,0.193858560794015,7168.82875342911,2.53159404,34.01258087,9.32068628818524,8.877637049546815
VCT,2015,-1.73361194953959,7353.73556054184,2.52658701,33.55331802,9.52645848915482,8.903099678689914
VCT,2016,-0.149641647633284,7656.90042881178,2.58707666,32.95585251,9.73826617206637,8.943493129708232
VCT,2017,2.15333648840511,7988.04445019298,2.69260287,31.84617996,9.97085072352669,8.985826438391083
VCT,2018,2.32414485367921,8428.12677153069,2.79988337,30.61053658,10.2353086937461,9.039448459809723
VCT,2019,0.91306972532459,8740.59425232061,2.87263203,28.08990097,10.5407662695479,9.075847860747466
VCT,2020,-0.628131309354654,8351.20324040982,3.2781105,26.89971542,10.7774858489655,9.0302806441666
VCT,2021,1.57272932500558,8641.27904024443,3.56595063,26.19475746,10.966929531996,9.06442160482092
VCT,2022,5.66009779226552,9693.55867833025,3.1851058,27.42956543,11.2434588322913,9.179320046097107
VCT,2023,4.56457719814894,10582.3656725229,3.06539917,26.57362938,11.5630782896198,9.267038771319514
VCT,2024,3.62770736940927,11501.2265187188,,,11.8912499006122,9.350295905934656
VNM,2000,-1.71033727851109,404.029784055118,1.68673158,34.58065033,5.98422229781561,6.003960605279376
VNM,2001,-0.43154451172818,419.205677580901,1.57415044,29.7014904,6.05538950101181,6.04074429993528
VNM,2002,3.83082838168467,445.132861817313,1.7021997,34.54223251,6.11113887047292,6.100616804109101
VNM,2003,3.23464817293927,497.117089249256,1.58931124,34.54283524,6.15245364734256,6.210835168362928
VNM,2004,7.75494748709601,565.452284586212,1.68924272,34.6751709,6.18019612063368,6.339392848476184
VNM,2005,8.28457243128677,710.746759994861,1.78806961,34.64176559,6.19913131008164,6.567722173980397
VNM,2006,7.41801715108463,807.756645117054,1.80019891,34.69738388,6.19102741665049,6.6954980623093965
VNM,2007,8.34444889773837,925.640338348717,1.76966417,34.66907883,6.15470793714407,6.8315655057590465
VNM,2008,23.1154483474477,1163.83195772873,1.73616052,34.57612991,6.09930903192412,7.0603321133029455
VNM,2009,6.71698269988629,1226.16976051536,1.71152484,34.63538361,6.05455059039284,7.112465789269109
VNM,2010,9.20746648778413,1683.16182443979,2.04132986,34.67405701,6.04689250352508,7.4290232854584515
VNM,2011,18.6777322770707,1950.92504174913,1.93289721,34.68690491,6.05483054644853,7.576571365492437
VNM,2012,9.09470339557192,2185.11767654291,2.2328434,40.77892303,6.09139967051075,7.689882499191949
VNM,2013,6.59267475899192,2359.51736472828,1.99598992,41.58710098,6.1660567578649,7.766636096336441
VNM,2014,4.08455446637617,2546.38464459903,2.07598686,41.02820969,6.28236039655418,7.8428224822655555
VNM,2015,0.631200905175754,2577.56885340113,2.05326915,42.13227844,6.45078979885794,7.854989816024212
VNM,2016,2.66824816969082,2735.0604380416,2.1333859,41.35647964,6.60876308594788,7.914274368425947
VNM,2017,3.52025688811617,2956.10992127753,2.17300439,42.58786774,6.76773963938779,7.991967692403886
VNM,2018,3.53962805942641,3222.31003125366,2.09256196,44.58100891,6.98161953689909,8.078164070566023
VNM,2019,2.7958236745225,3440.90025375434,2.02046871,45.11730576,7.25022977006795,8.14377899719828
VNM,2020,3.22093436652514,3534.03953482647,1.79064679,42.40335083,7.56724481954587,8.170479762094576
VNM,2021,1.83471554810444,3704.1935590038,1.96029603,40.46375656,7.88570347458642,8.217490779011687
VNM,2022,3.15650749963129,4147.69777213621,1.97061062,39.62643814,8.23004774597438,8.330549774135712
VNM,2023,3.25289282667662,4323.35031982451,2.02070236,39.20284653,8.62116598619573,8.37201719301309
VNM,2024,3.62109273885843,4717.29028732449,,,9.04718319297274,8.459201785697699
VUT,2000,2.53768844221106,1460.23817692229,2.46942925,10.398283,2.79309215647329,7.287039421682401
VUT,2001,3.57755452095074,1350.18338238522,2.51605392,10.89243984,2.79692824724783,7.208736067005605
VUT,2002,1.96356754199195,1340.71537528287,2.62352204,8.86371326,2.80425603610687,7.20170420508422
VUT,2003,3.01624129930394,1566.51396790858,2.48979235,9.62882996,2.81998146912018,7.357246183413836
VUT,2004,1.41891891891893,1774.31867585894,2.32455468,9.40912914,2.84671213498549,7.48173522149009
VUT,2005,1.19920053297801,1873.99142640619,2.14146662,9.81767178,2.88195103435187,7.536359365810691
VUT,2006,2.04081632653062,2034.79289624351,2.14560485,9.10216713,2.92511005055031,7.6186406515944824
VUT,2007,3.93548387096774,2333.70506748914,2.22314644,9.42822361,2.97366185216652,7.755640852698798
VUT,2008,4.84171322160149,2603.60883136724,2.27352452,8.9409256,3.02870037373951,7.865037782208665
VUT,2009,4.29706572955357,2546.38324565986,2.00294042,8.9450655,3.10294525212639,7.842821933098567
VUT,2010,2.76269469477348,2815.18828985779,1.94011939,8.85689354,3.20611968646051,7.943139579338706
VUT,2011,0.8737931047811,3163.1861645138,2.36122203,8.51149654,3.31966312555576,8.059651165498547
VUT,2012,1.34740362877658,3004.78416664293,2.29943132,7.99413252,3.42730635015981,8.00829376688446
VUT,2013,1.45893371757921,2979.79608084399,2.24571776,7.24039364,3.53580999834959,7.999945685046402
VUT,2014,0.798863838097023,2973.09026493408,0.58717012,8.85149956,3.64164548425585,7.9976934779159565
VUT,2015,2.48326875660439,2854.89412272653,2.01937246,7.63868713,3.73749065204565,7.957140250897832
VUT,2016,0.842069084035061,2956.12644801489,1.28941309,10.50645065,3.82507033608797,7.991973281202279
VUT,2017,3.08452624403546,3159.86055790126,1.47122371,10.36509609,3.88715543954012,8.058599597956063
VUT,2018,2.33096379566866,3206.65748718811,2.14049673,8.26295662,3.93748126699117,8.073296194953377
VUT,2019,2.76252019386111,3207.44650452083,1.90414143,7.65779018,4.00620580886999,8.07354214400212
VUT,2020,5.32935073101715,3042.98711598286,2.57221556,8.40006351,4.05961349601902,8.020923486378289
VUT,2021,2.34328358208953,3107.20312858002,1.23241973,7.80601788,4.09620474158012,8.041800066037862
VUT,2022,6.67930581887121,3370.21191956953,1.62112224,8.23031425,4.14986272007513,8.123027578748921
VUT,2023,11.1825017088175,3482.61458237637,2.33037138,8.38081264,4.21820894264665,8.155825706817508
VUT,2024,,3410.77023167097,,,4.29574940317746,8.134986565098727
WSM,2000,0.966782350024729,1424.75240002471,3.58244371,11.96709824,4.46266890497289,7.262454953377128
WSM,2001,3.83828463867725,1453.87021324606,3.11965823,14.05548191,4.47790528809932,7.282671975108818
WSM,2002,8.0503144654087,1527.55790455937,3.41633463,13.30148315,4.52781195960341,7.332080023871021
WSM,2003,0.115830115830107,1798.12429714048,2.81717443,14.40465546,4.59930971255999,7.49505532391534
WSM,2004,16.3131507905901,2189.26042607992,3.02092052,12.99295998,4.6746685208203,7.691775731758826
WSM,2005,1.85676392572949,2550.04221437511,3.17797899,13.06104279,4.74840690239787,7.84425726617232
WSM,2006,3.70008680555553,2663.29135939532,3.44210529,12.83109951,4.81090411221625,7.887693394822299
WSM,2007,5.57706393219629,3038.61904093377,3.27875233,13.09505939,4.84786996762965,8.019487471065315
WSM,2008,11.565906838454,3373.60639884263,3.46781611,14.27214527,4.86410284734386,8.124033973940543
WSM,2009,6.32495336235228,3279.18269477295,3.98351336,12.56464672,4.86989167865451,8.095654399452922
WSM,2010,0.777007268777692,3524.2479246203,3.8858633,12.63165283,4.88155525910192,8.16770604599872
WSM,2011,5.23541591478434,3821.50678264479,3.66722965,12.30281925,4.90182987268441,8.24866171220185
WSM,2012,2.0490188352116,3934.60320799981,3.91343451,13.9211483,4.89826868466855,8.277819442114717
WSM,2013,0.61008572090503,4023.5254013825,4.02978992,11.07636452,4.88151168743396,8.300162270200415
WSM,2014,-0.40681608842489,3982.68080202084,4.87775707,10.85249519,4.87384833805746,8.289961495520023
WSM,2015,0.724470134874729,4084.36083819933,4.20412493,10.58728504,4.87332864180155,8.315165335877555
WSM,2016,1.30471869303179,4147.07097674888,3.81041527,11.29334545,4.87889375377766,8.330398680280382
WSM,2017,1.74989677484705,4307.59381964907,3.92468739,12.01373577,4.94609679453008,8.368366869921228
WSM,2018,4.19745888663752,4231.81409469194,3.69644928,12.97913265,5.05631509475773,8.350622321458678
WSM,2019,0.982326569888117,4351.94234943706,4.32336426,11.15737247,5.17090564139966,8.378607297595325
WSM,2020,-1.56891247740895,4099.59660548583,4.44346046,13.31474113,5.29833352206243,8.31888775563946
WSM,2021,3.13320473174494,4021.55934894283,5.08007908,12.33913803,5.42078501630188,8.299673633000786
WSM,2022,10.9618822286844,4132.44717734444,4.84845781,13.23700809,5.55629109845977,8.326867005451632
WSM,2023,7.92164684826777,4822.74084650019,4.69490862,13.41968632,5.70563501843877,8.481305015260018
WSM,2024,2.17245530514377,5392.87761915762,,,5.88089597490133,8.593019815114078
XKX,2000,,,,,5.9275697402347,
XKX,2001,,,,,6.12612355213628,
XKX,2002,,,,,6.30218064108465,
XKX,2003,-1.08481262327414,,,,6.45331284897237,
XKX,2004,-1.06472696605525,,,,6.57413363434,
XKX,2005,-1.38518913159299,,,,6.66426706123586,
XKX,2006,0.621646938601728,,,,6.72400560703797,
XKX,2007,4.35849695328369,,,,6.75861168300828,
XKX,2008,9.35041764658178,2877.39331402724,,,6.78037913039229,7.9649875403848025
XKX,2009,-2.41026401661229,2794.86699473069,,,6.79530044746101,7.935897532383411
XKX,2010,3.48050763735842,2987.54519574464,,,6.79122344328488,8.002541991370514
XKX,2011,7.3364177131527,3538.94759838576,,,6.83825265116362,8.171867203302371
XKX,2012,2.47673782156533,3410.65550749316,,,6.94668015844723,8.134952938535704
XKX,2013,1.76732428354892,3704.55872781672,,,7.0743360406611,8.217589330089657
XKX,2014,0.428957808324092,3902.49424360946,,,7.26580524223451,8.269627390885109
XKX,2015,-0.536929392740659,3520.62850699375,,,7.53752065744061,8.166678805637705
XKX,2016,0.273169431045468,3759.44959067104,,,7.79406543500305,8.23229380122276
XKX,2017,1.48823430592319,4009.32022050863,,,7.99174150608641,8.296626372600771
XKX,2018,1.05379773654991,4384.18796444738,,,8.23044778618587,8.385987769211965
XKX,2019,2.67599202639893,4415.99923011071,,,8.53982411816925,8.39321583729511
XKX,2020,0.198227922994854,4310.88963754863,,,8.72145240111293,8.369131518000772
XKX,2021,3.35369139207997,5270.43236861018,,,8.89014327465316,8.5700574013056
XKX,2022,11.5805104542012,5290.95006509706,,,9.23920193067768,8.573942089267625
XKX,2023,4.94432438791283,6221.20618847799,,,9.64385638963536,8.735879815525996
XKX,2024,1.61944994559476,7023.06598512878,,,10.0741041910268,8.857097529508978
YEM,2000,4.58999999999981,493.235182634814,2.37196207,43.49330139,2.75108354427038,6.203011482106773
YEM,2001,11.9115912929855,487.141257946318,2.47797203,44.62617874,2.75216523561889,6.190604826971565
YEM,2002,12.2385339389711,513.241486570603,2.33098793,46.67703247,2.75570736785056,6.24269297335588
YEM,2003,10.8323607023242,548.905883049973,2.40408325,54.26419067,2.76037955891812,6.309747141856201
YEM,2004,12.5150951495207,627.632023395762,1.95299447,60.45806122,2.76365861449116,6.4435460670616695
YEM,2005,11.8112639374949,734.159908450927,1.65503561,64.78065491,2.76473080289082,6.600088038067812
YEM,2006,10.8447986914257,809.713127624703,1.62575805,65.89186859,2.76370776851332,6.697914264812727
YEM,2007,7.9051177898873,890.305768114988,1.56395018,69.15579987,2.76075437941106,6.7926875426909445
YEM,2008,18.9762574318076,1071.63583282105,1.60281074,68.61846161,2.75713459897693,6.977874293431653
YEM,2009,5.40776098077522,969.243509864478,1.30869162,74.21583557,2.75371071432476,6.877547081089285
YEM,2010,11.1748338605044,1155.20305261418,1.16217077,74.01689911,2.7517393689491,7.052896684857812
YEM,2011,19.5435617131144,1186.47500581215,1.09211838,72.48513031,2.75377885880191,7.079584487950153
YEM,2012,9.88538714484871,1245.05068272078,1.24131441,71.61329651,2.75664246031045,7.1277343748610535
YEM,2013,10.9684421500198,1378.75002954928,0.9796077,74.58348083,2.75006420370081,7.229657623736012
YEM,2014,8.10472583623915,1430.16420964026,0.78348452,79.96547699,2.73033998295988,7.266243524643324
YEM,2015,,1362.1738120601,0.4330447,86.86334229,2.69658134072569,7.217570945253861
YEM,2016,,975.359417003225,0.54064083,83.7115097,2.65747059781663,6.883830773750071
YEM,2017,,811.165970405745,0.30786535,87.90393829,2.62395533469807,6.699704716326857
YEM,2018,,633.887202451545,0.76913458,81.86520386,2.59535360556385,6.453447349179341
YEM,2019,,,0.91137344,75.34994507,2.57211420533341,
YEM,2020,,,0.85958266,78.78486633,2.54660433406646,
YEM,2021,,,0.70893025,68.81860352,2.5188817823842,
YEM,2022,,,0.91847837,71.37739563,2.50407638745023,
YEM,2023,,,0.81872302,69.12571716,2.50752339397838,
YEM,2024,,,,,2.52303760097367,
ZAF,2000,5.33895913599828,3217.84693448467,2.68480206,14.46151733,4.74652112268227,8.076778479526634
ZAF,2001,5.70189483049608,2847.15191945908,2.40290713,14.12628174,4.81691742121693,7.954425613615905
ZAF,2002,9.494713780996,2688.23676032806,2.30570102,13.55776787,4.88404325625375,7.897012700116231
ZAF,2003,5.67942414068799,4062.21755993786,2.79076648,12.32614422,4.95181292307428,8.309730441179276
ZAF,2004,-0.692039437857687,5221.46333731721,2.73156238,11.84590149,5.02302949145963,8.560724473265765
ZAF,2005,2.06285308223427,5836.87663325127,2.74503064,11.31283569,5.09560889862014,8.67212241951063
ZAF,2006,3.2439076541923,6077.38293388876,3.23011708,10.58286381,5.15488663739352,8.712493974764369
ZAF,2007,6.17781214809388,6591.85535960564,3.30013156,9.70289135,5.20115411507627,8.793741820393297
ZAF,2008,9.90998456005467,6184.75474328399,3.38493657,8.84287548,5.23573221454532,8.73000430539859
ZAF,2009,7.23809523809527,6374.70560042992,3.80475187,8.10977173,5.24844555757215,8.76025004632216
ZAF,2010,4.06749555950263,7973.47195771517,4.00033045,7.99506283,5.24736994467623,8.984000713262196
ZAF,2011,5.0008533879502,8646.05571071635,4.12050819,7.75090933,5.24152232263277,9.064974161719409
ZAF,2012,5.73797139141739,8076.97678479741,4.1403532,7.72201967,5.25022267206233,8.996896722239235
ZAF,2013,5.78016910069176,7331.65467384919,4.14510202,7.61004734,5.28784272783352,8.900092894914728
ZAF,2014,6.13282953059149,6856.73137092522,4.3735652,5.66398144,5.3311549776334,8.83313196207856
ZAF,2015,4.51869094892506,6112.27382485974,4.59632444,5.73639154,5.36961143105032,8.718217722884457
ZAF,2016,6.60290842394872,5651.20585165749,4.57297277,5.78551435,5.47353488678247,8.639801164170468
ZAF,2017,5.18618655524149,6618.33508255701,4.56554031,5.83464384,5.62805566504697,8.79775020318519
ZAF,2018,4.50987264867388,6914.1780318076,4.61023474,5.84666348,5.77660923535215,8.841473989509684
ZAF,2019,4.10285075461156,6533.71121032856,4.80006361,5.74111795,5.94522019077183,8.784883433854404
ZAF,2020,3.23238831615113,5580.60383075189,5.84510279,6.42942715,6.10948899119405,8.627231438942673
ZAF,2021,4.61874544887136,6828.75624590017,5.49496222,6.61017942,6.23462554910074,8.829044263187154
ZAF,2022,7.03987272546482,6534.24867783397,5.38311863,6.71828651,6.3616265627803,8.784965678560631
ZAF,2023,6.0752438457966,6034.27208964673,5.48956871,6.69263172,6.51509367622564,8.705376217792328
ZAF,2024,4.36115246518962,6267.186814093,,,6.69054794339382,8.743242407449925
ZMB,2000,26.0304117888121,359.429500988221,1.47394264,45.51237106,2.36227994611301,5.8872963786222705
ZMB,2001,21.3937821792546,396.548952993504,1.92502928,38.81297302,2.29709674465413,5.985318078696695
ZMB,2002,22.2333446430947,393.864625518616,1.89818621,28.43986702,2.23520510851432,5.978542985953095
ZMB,2003,21.4015783901995,446.290104839041,1.45376873,28.41941071,2.17702400716705,6.103207388215662
ZMB,2004,17.9677891087286,548.685974566277,1.31544065,31.0702076,2.12025755768245,6.30934715983541
ZMB,2005,18.324439701174,710.982068171696,1.24335968,26.0978756,2.06377024852078,6.568052725942712
ZMB,2006,9.01957247226486,1051.71714895686,1.32859325,25.69581223,2.00832215333904,6.959129861574729
ZMB,2007,10.6573496000153,1118.73162626953,1.48783338,24.83168411,1.95607503028929,7.020844316173619
ZMB,2008,12.4455793463192,1375.50211006997,1.58524466,20.41286659,1.90868455465819,7.227300857505548
ZMB,2009,13.3952546325895,1136.24168316848,1.66772234,14.68929386,1.86763325106366,7.036361033315859
ZMB,2010,8.50176133365265,1451.10616017155,1.55979979,14.23348141,1.83336276280121,7.280770305777917
ZMB,2011,6.4293968107234,1624.86817763443,1.5735333,12.19155598,1.80622103977023,7.393797215255738
ZMB,2012,6.57589970757698,1710.05061343728,1.54221773,12.6315794,1.78393870465733,7.444862854657063
ZMB,2013,6.97767605490307,1820.71854827391,1.30987322,11.70914459,1.76140692799667,7.507535591833721
ZMB,2014,7.80687553566333,1707.48573136694,1.89382219,13.8197403,1.74239076105129,7.443362719964687
ZMB,2015,10.1105928909618,1295.87788680068,2.0905416,12.25534916,1.73777036449312,7.167715029383375
ZMB,2016,17.8697300795268,1239.08527877713,1.71430743,12.13953686,1.74344108575267,7.122935429441677
ZMB,2017,6.57731154205644,1483.46577328065,2.51039147,10.65581131,1.75286336564157,7.302810237879178
ZMB,2018,7.4945719272852,1463.89997855593,2.08801126,10.27590275,1.76725056665151,7.2895422450971346
ZMB,2019,9.15031644316296,1258.98619844462,2.25830793,7.25238276,1.78700911823288,7.138856046270152
ZMB,2020,15.7330604721369,951.644316655957,3.59365153,8.11366367,1.80827618085464,6.859241609073399
ZMB,2021,22.0207676245777,1127.16077872857,2.82306838,7.07829428,1.82696220580829,7.02834395623479
ZMB,2022,10.9932039209136,1447.12310138035,2.50694346,8.91543388,1.85608917171283,7.2780235840975465
ZMB,2023,10.884531691282,1330.72780576709,2.43413329,10.28683281,1.89885236729554,7.194232480193316
ZMB,2024,14.9856262747939,1187.10943350064,,,1.9467528327704,7.080118611421476
ZWE,2000,,562.833757496076,,,3.43720240109888,6.334759451836277
ZWE,2001,,566.388746448872,,,3.40726575473412,6.341044688637126
ZWE,2002,,524.936478570323,,,3.35978373965566,6.265180442270959
ZWE,2003,,468.471932927213,,,3.30392695254724,6.151608516088666
ZWE,2004,,469.719298949304,,,3.25616518204585,6.154261948096243
ZWE,2005,,461.271387547912,,,3.22261951771834,6.136152137553646
ZWE,2006,,431.034994414964,,,3.18694063084989,6.068506590553529
ZWE,2007,,413.521244592925,,,3.15525359225958,6.027124226803367
ZWE,2008,,340.917447588572,,,3.13524433065611,5.8345693266054806
ZWE,2009,,735.821693871697,,,3.11725300020973,6.602345927873145
ZWE,2010,3.02267002518892,902.010759067388,2.75333452,34.43103409,3.10210029949731,6.805734468149313
ZWE,2011,3.4661297281749,1037.77565157218,2.11964583,37.2208252,3.09075686054367,6.945798040519075
ZWE,2012,3.72532666110646,1239.22709745709,1.99879277,34.9685173,3.08900340551345,7.123049784940987
ZWE,2013,1.63495041543822,1362.99498323368,2.01809144,29.75596428,3.09457989239685,7.21817316041547
ZWE,2014,-0.19778481012661,1372.91526173161,2.73156238,24.83175468,3.13810621446626,7.225419798196039
ZWE,2015,-2.43096842383404,1387.12632595026,1.55136275,25.78641701,3.22149163973947,7.2357101498577885
ZWE,2016,-1.54366960054161,1408.13945253431,1.37225389,24.64910698,3.30577932197804,7.2507344797012125
ZWE,2017,0.893962316050027,3445.44941020134,1.550982,10.54844856,3.38745728096075,8.145099823616883
ZWE,2018,10.6188658669575,2270.89531874302,1.59526527,8.79635429,3.46510135520736,7.728369704282669
ZWE,2019,255.304990757856,2184.32923855469,0.46115172,9.08337116,3.53424144890757,7.689521777439137
ZWE,2020,557.201817362051,2059.67445384499,0.6526891,10.40830708,3.58167381700461,7.630788612977499
ZWE,2021,98.5461050920624,2613.60542083552,0.87981081,8.88617325,3.59797394603224,7.868868474420004
ZWE,2022,104.705170628667,2536.40050223076,1.01829815,8.72434616,3.6082270050035,7.838895411637731
ZWE,2023,,2195.22492079245,0.94662845,10.63479233,3.61832175940481,7.694495220331931
ZWE,2024,,2497.20332208763,,,3.60165374437779,7.823327081323427
